triplet,chrom,phylo,benegas_class,map,ratio,annotation
AAA,22,M,1,roulette,0.836054771146284,GPN-star
AAA,22,M,1,carlson,0.998966350252694,GPN-star
AAA,22,M,1,gnomad,1.0000000000075,GPN-star
AAA,22,P,1,roulette,0.823266845658581,GPN-star
AAA,22,P,1,carlson,0.975336054090615,GPN-star
AAA,22,P,1,gnomad,1.00000000000761,GPN-star
AAA,22,V,1,roulette,0.891286124495981,GPN-star
AAA,22,V,1,carlson,0.976156470809434,GPN-star
AAA,22,V,1,gnomad,1.00000000000752,GPN-star
AAA,22,M,2,roulette,0.819889252596186,GPN-star
AAA,22,M,2,carlson,0.975548577591125,GPN-star
AAA,22,M,2,gnomad,1.00000000000764,GPN-star
AAA,22,P,2,roulette,0.871769501305023,GPN-star
AAA,22,P,2,carlson,1.02507784136008,GPN-star
AAA,22,P,2,gnomad,1.00000000000761,GPN-star
AAA,22,V,2,roulette,0.932499842954131,GPN-star
AAA,22,V,2,carlson,0.983004068192715,GPN-star
AAA,22,V,2,gnomad,1.00000000000758,GPN-star
AAA,22,M,3,roulette,0.846027324232325,GPN-star
AAA,22,M,3,carlson,0.990650404074901,GPN-star
AAA,22,M,3,gnomad,1.00000000000763,GPN-star
AAA,22,P,3,roulette,0.869185768107249,GPN-star
AAA,22,P,3,carlson,1.00751116896718,GPN-star
AAA,22,P,3,gnomad,1.00000000000761,GPN-star
AAA,22,V,3,roulette,1.03615224799031,GPN-star
AAA,22,V,3,carlson,0.998229077220657,GPN-star
AAA,22,V,3,gnomad,1.00000000000755,GPN-star
AAA,22,M,4,roulette,0.868817621200893,GPN-star
AAA,22,M,4,carlson,1.01062874764383,GPN-star
AAA,22,M,4,gnomad,1.00000000000758,GPN-star
AAA,22,P,4,roulette,0.878041814332209,GPN-star
AAA,22,P,4,carlson,1.01531479015829,GPN-star
AAA,22,P,4,gnomad,1.00000000000761,GPN-star
AAA,22,V,4,roulette,1.14551482025145,GPN-star
AAA,22,V,4,carlson,0.99632886575868,GPN-star
AAA,22,V,4,gnomad,1.00000000000757,GPN-star
AAA,22,M,5,roulette,0.877871809646779,GPN-star
AAA,22,M,5,carlson,1.01596067405554,GPN-star
AAA,22,M,5,gnomad,1.00000000000756,GPN-star
AAA,22,P,5,roulette,0.885507160301946,GPN-star
AAA,22,P,5,carlson,1.00686870017027,GPN-star
AAA,22,P,5,gnomad,1.00000000000758,GPN-star
AAA,22,V,5,roulette,1.10100255199857,GPN-star
AAA,22,V,5,carlson,0.987021611874997,GPN-star
AAA,22,V,5,gnomad,1.00000000000757,GPN-star
AAA,22,M,6,roulette,0.885124545089222,GPN-star
AAA,22,M,6,carlson,1.01666164857799,GPN-star
AAA,22,M,6,gnomad,1.00000000000756,GPN-star
AAA,22,P,6,roulette,0.899738475713874,GPN-star
AAA,22,P,6,carlson,1.00876056101197,GPN-star
AAA,22,P,6,gnomad,1.00000000000757,GPN-star
AAA,22,V,6,roulette,1.07407300848212,GPN-star
AAA,22,V,6,carlson,0.98267208584369,GPN-star
AAA,22,V,6,gnomad,1.00000000000756,GPN-star
AAA,22,M,7,roulette,0.891529025356069,GPN-star
AAA,22,M,7,carlson,1.02235379748128,GPN-star
AAA,22,M,7,gnomad,1.00000000000756,GPN-star
AAA,22,P,7,roulette,0.917001397970609,GPN-star
AAA,22,P,7,carlson,1.01136888952822,GPN-star
AAA,22,P,7,gnomad,1.00000000000757,GPN-star
AAA,22,V,7,roulette,1.04012726181507,GPN-star
AAA,22,V,7,carlson,0.967158412844739,GPN-star
AAA,22,V,7,gnomad,1.00000000000755,GPN-star
AAA,22,M,8,roulette,0.899798922942827,GPN-star
AAA,22,M,8,carlson,1.01972873738772,GPN-star
AAA,22,M,8,gnomad,1.00000000000756,GPN-star
AAA,22,P,8,roulette,0.92534637896286,GPN-star
AAA,22,P,8,carlson,1.00598523195536,GPN-star
AAA,22,P,8,gnomad,1.00000000000757,GPN-star
AAA,22,V,8,roulette,1.01835435852878,GPN-star
AAA,22,V,8,carlson,0.966573784336553,GPN-star
AAA,22,V,8,gnomad,1.00000000000752,GPN-star
AAA,22,M,9,roulette,0.909535305375853,GPN-star
AAA,22,M,9,carlson,1.01602979225036,GPN-star
AAA,22,M,9,gnomad,1.00000000000756,GPN-star
AAA,22,P,9,roulette,0.929014776470287,GPN-star
AAA,22,P,9,carlson,0.998384749496067,GPN-star
AAA,22,P,9,gnomad,1.00000000000756,GPN-star
AAA,22,V,9,roulette,0.971536617109291,GPN-star
AAA,22,V,9,carlson,0.954376032118871,GPN-star
AAA,22,V,9,gnomad,1.00000000000747,GPN-star
AAA,22,M,10,roulette,0.928049099256804,GPN-star
AAA,22,M,10,carlson,1.02205962205171,GPN-star
AAA,22,M,10,gnomad,1.00000000000755,GPN-star
AAA,22,P,10,roulette,0.933188812541391,GPN-star
AAA,22,P,10,carlson,0.997923933787466,GPN-star
AAA,22,P,10,gnomad,1.00000000000755,GPN-star
AAA,22,V,10,roulette,0.927418252070437,GPN-star
AAA,22,V,10,carlson,0.94049860621155,GPN-star
AAA,22,V,10,gnomad,1.00000000000747,GPN-star
AAA,22,M,11,roulette,0.939864486274165,GPN-star
AAA,22,M,11,carlson,1.01459112637484,GPN-star
AAA,22,M,11,gnomad,1.00000000000753,GPN-star
AAA,22,P,11,roulette,0.935536219522284,GPN-star
AAA,22,P,11,carlson,0.991435435839436,GPN-star
AAA,22,P,11,gnomad,1.00000000000753,GPN-star
AAA,22,V,11,roulette,0.919410349391314,GPN-star
AAA,22,V,11,carlson,0.942728217042134,GPN-star
AAA,22,V,11,gnomad,1.00000000000745,GPN-star
AAA,22,M,12,roulette,0.953443002338802,GPN-star
AAA,22,M,12,carlson,1.01532665407782,GPN-star
AAA,22,M,12,gnomad,1.00000000000751,GPN-star
AAA,22,P,12,roulette,0.940994529966001,GPN-star
AAA,22,P,12,carlson,0.992184793771857,GPN-star
AAA,22,P,12,gnomad,1.00000000000755,GPN-star
AAA,22,V,12,roulette,0.915994106663924,GPN-star
AAA,22,V,12,carlson,0.953721289670228,GPN-star
AAA,22,V,12,gnomad,1.00000000000745,GPN-star
AAC,22,M,1,roulette,0.935442632548146,GPN-star
AAC,22,M,1,carlson,0.970815038855562,GPN-star
AAC,22,M,1,gnomad,1.00000000000573,GPN-star
AAC,22,P,1,roulette,0.91587086954256,GPN-star
AAC,22,P,1,carlson,0.95230263743277,GPN-star
AAC,22,P,1,gnomad,1.00000000000606,GPN-star
AAC,22,V,1,roulette,0.943056214253168,GPN-star
AAC,22,V,1,carlson,0.976590075089365,GPN-star
AAC,22,V,1,gnomad,1.00000000000712,GPN-star
AAC,22,M,2,roulette,0.885756965243151,GPN-star
AAC,22,M,2,carlson,0.97566413474493,GPN-star
AAC,22,M,2,gnomad,1.00000000000567,GPN-star
AAC,22,P,2,roulette,0.909305633605959,GPN-star
AAC,22,P,2,carlson,0.997721695180883,GPN-star
AAC,22,P,2,gnomad,1.00000000000611,GPN-star
AAC,22,V,2,roulette,0.896859450845555,GPN-star
AAC,22,V,2,carlson,0.9702664053168,GPN-star
AAC,22,V,2,gnomad,1.00000000000715,GPN-star
AAC,22,M,3,roulette,0.898829773655863,GPN-star
AAC,22,M,3,carlson,0.982734865423207,GPN-star
AAC,22,M,3,gnomad,1.00000000000559,GPN-star
AAC,22,P,3,roulette,0.936806837074,GPN-star
AAC,22,P,3,carlson,1.0135848056908,GPN-star
AAC,22,P,3,gnomad,1.00000000000609,GPN-star
AAC,22,V,3,roulette,0.918597075884714,GPN-star
AAC,22,V,3,carlson,0.990917621488523,GPN-star
AAC,22,V,3,gnomad,1.00000000000713,GPN-star
AAC,22,M,4,roulette,0.930139867336219,GPN-star
AAC,22,M,4,carlson,1.00366178224081,GPN-star
AAC,22,M,4,gnomad,1.0000000000057,GPN-star
AAC,22,P,4,roulette,0.9453203664913,GPN-star
AAC,22,P,4,carlson,1.00163829999408,GPN-star
AAC,22,P,4,gnomad,1.00000000000611,GPN-star
AAC,22,V,4,roulette,0.935196905298826,GPN-star
AAC,22,V,4,carlson,0.996221065924898,GPN-star
AAC,22,V,4,gnomad,1.00000000000712,GPN-star
AAC,22,M,5,roulette,0.949412407884707,GPN-star
AAC,22,M,5,carlson,1.02030531900475,GPN-star
AAC,22,M,5,gnomad,1.00000000000574,GPN-star
AAC,22,P,5,roulette,0.943925887556408,GPN-star
AAC,22,P,5,carlson,1.00898783155443,GPN-star
AAC,22,P,5,gnomad,1.00000000000612,GPN-star
AAC,22,V,5,roulette,0.938026195124897,GPN-star
AAC,22,V,5,carlson,0.99570610918906,GPN-star
AAC,22,V,5,gnomad,1.0000000000071,GPN-star
AAC,22,M,6,roulette,0.950726178440611,GPN-star
AAC,22,M,6,carlson,1.02313733514209,GPN-star
AAC,22,M,6,gnomad,1.00000000000573,GPN-star
AAC,22,P,6,roulette,0.951360725097242,GPN-star
AAC,22,P,6,carlson,1.00201376466432,GPN-star
AAC,22,P,6,gnomad,1.00000000000611,GPN-star
AAC,22,V,6,roulette,0.930365882377827,GPN-star
AAC,22,V,6,carlson,0.994316721717547,GPN-star
AAC,22,V,6,gnomad,1.00000000000709,GPN-star
AAC,22,M,7,roulette,0.953942747673735,GPN-star
AAC,22,M,7,carlson,1.02323865452742,GPN-star
AAC,22,M,7,gnomad,1.00000000000573,GPN-star
AAC,22,P,7,roulette,0.952144167174288,GPN-star
AAC,22,P,7,carlson,0.994841020179804,GPN-star
AAC,22,P,7,gnomad,1.0000000000061,GPN-star
AAC,22,V,7,roulette,0.931305040598047,GPN-star
AAC,22,V,7,carlson,0.995404487204419,GPN-star
AAC,22,V,7,gnomad,1.00000000000707,GPN-star
AAC,22,M,8,roulette,0.944929386952006,GPN-star
AAC,22,M,8,carlson,1.01490665827768,GPN-star
AAC,22,M,8,gnomad,1.00000000000572,GPN-star
AAC,22,P,8,roulette,0.956487781335216,GPN-star
AAC,22,P,8,carlson,1.0031121889153,GPN-star
AAC,22,P,8,gnomad,1.00000000000609,GPN-star
AAC,22,V,8,roulette,0.932312327416764,GPN-star
AAC,22,V,8,carlson,0.995696340445256,GPN-star
AAC,22,V,8,gnomad,1.00000000000703,GPN-star
AAC,22,M,9,roulette,0.950030140070943,GPN-star
AAC,22,M,9,carlson,1.01937953761625,GPN-star
AAC,22,M,9,gnomad,1.00000000000572,GPN-star
AAC,22,P,9,roulette,0.957539529218708,GPN-star
AAC,22,P,9,carlson,1.00639910177959,GPN-star
AAC,22,P,9,gnomad,1.00000000000608,GPN-star
AAC,22,V,9,roulette,0.920953464145981,GPN-star
AAC,22,V,9,carlson,1.00350372022419,GPN-star
AAC,22,V,9,gnomad,1.00000000000695,GPN-star
AAC,22,M,10,roulette,0.945348621361889,GPN-star
AAC,22,M,10,carlson,1.01282600313813,GPN-star
AAC,22,M,10,gnomad,1.0000000000057,GPN-star
AAC,22,P,10,roulette,0.957991870813564,GPN-star
AAC,22,P,10,carlson,0.992539194306379,GPN-star
AAC,22,P,10,gnomad,1.00000000000606,GPN-star
AAC,22,V,10,roulette,0.917856050042799,GPN-star
AAC,22,V,10,carlson,1.0058833582699,GPN-star
AAC,22,V,10,gnomad,1.00000000000696,GPN-star
AAC,22,M,11,roulette,0.952458305701438,GPN-star
AAC,22,M,11,carlson,1.01763298129837,GPN-star
AAC,22,M,11,gnomad,1.00000000000569,GPN-star
AAC,22,P,11,roulette,0.963275523694215,GPN-star
AAC,22,P,11,carlson,1.00164357834413,GPN-star
AAC,22,P,11,gnomad,1.00000000000605,GPN-star
AAC,22,V,11,roulette,0.912856236636826,GPN-star
AAC,22,V,11,carlson,0.988008697623118,GPN-star
AAC,22,V,11,gnomad,1.000000000007,GPN-star
AAC,22,M,12,roulette,0.944585944524738,GPN-star
AAC,22,M,12,carlson,1.00604345952269,GPN-star
AAC,22,M,12,gnomad,1.00000000000567,GPN-star
AAC,22,P,12,roulette,0.963343148359598,GPN-star
AAC,22,P,12,carlson,1.00096936351528,GPN-star
AAC,22,P,12,gnomad,1.00000000000605,GPN-star
AAC,22,V,12,roulette,0.909279947028464,GPN-star
AAC,22,V,12,carlson,0.991809284641383,GPN-star
AAC,22,V,12,gnomad,1.00000000000707,GPN-star
AAG,22,M,1,roulette,0.963101617217946,GPN-star
AAG,22,M,1,carlson,0.961257799508121,GPN-star
AAG,22,M,1,gnomad,1.00000000001044,GPN-star
AAG,22,P,1,roulette,0.956593584075353,GPN-star
AAG,22,P,1,carlson,0.955976376170734,GPN-star
AAG,22,P,1,gnomad,1.00000000001117,GPN-star
AAG,22,V,1,roulette,0.958423131545764,GPN-star
AAG,22,V,1,carlson,0.953805102037298,GPN-star
AAG,22,V,1,gnomad,1.0000000000101,GPN-star
AAG,22,M,2,roulette,0.930390566568669,GPN-star
AAG,22,M,2,carlson,0.988434134237749,GPN-star
AAG,22,M,2,gnomad,1.00000000001046,GPN-star
AAG,22,P,2,roulette,0.952984847344827,GPN-star
AAG,22,P,2,carlson,1.00797815864924,GPN-star
AAG,22,P,2,gnomad,1.00000000001118,GPN-star
AAG,22,V,2,roulette,0.94044592727076,GPN-star
AAG,22,V,2,carlson,0.986727439291389,GPN-star
AAG,22,V,2,gnomad,1.0000000000101,GPN-star
AAG,22,M,3,roulette,0.939604019533982,GPN-star
AAG,22,M,3,carlson,0.993550949577912,GPN-star
AAG,22,M,3,gnomad,1.00000000001045,GPN-star
AAG,22,P,3,roulette,0.959720857677694,GPN-star
AAG,22,P,3,carlson,1.00501345447036,GPN-star
AAG,22,P,3,gnomad,1.00000000001117,GPN-star
AAG,22,V,3,roulette,0.958286301323637,GPN-star
AAG,22,V,3,carlson,0.994012292110332,GPN-star
AAG,22,V,3,gnomad,1.00000000001009,GPN-star
AAG,22,M,4,roulette,0.954864076910597,GPN-star
AAG,22,M,4,carlson,1.00330994169196,GPN-star
AAG,22,M,4,gnomad,1.00000000001044,GPN-star
AAG,22,P,4,roulette,0.966254730737015,GPN-star
AAG,22,P,4,carlson,1.00378183689643,GPN-star
AAG,22,P,4,gnomad,1.00000000001117,GPN-star
AAG,22,V,4,roulette,0.961256788679285,GPN-star
AAG,22,V,4,carlson,0.990272089306942,GPN-star
AAG,22,V,4,gnomad,1.00000000001008,GPN-star
AAG,22,M,5,roulette,0.958763472924885,GPN-star
AAG,22,M,5,carlson,0.997319579574567,GPN-star
AAG,22,M,5,gnomad,1.00000000001043,GPN-star
AAG,22,P,5,roulette,0.966041280315842,GPN-star
AAG,22,P,5,carlson,0.999630126440451,GPN-star
AAG,22,P,5,gnomad,1.00000000001116,GPN-star
AAG,22,V,5,roulette,0.962062739864226,GPN-star
AAG,22,V,5,carlson,0.986867902865289,GPN-star
AAG,22,V,5,gnomad,1.00000000001009,GPN-star
AAG,22,M,6,roulette,0.961228023638064,GPN-star
AAG,22,M,6,carlson,1.00220246541597,GPN-star
AAG,22,M,6,gnomad,1.00000000001043,GPN-star
AAG,22,P,6,roulette,0.974399049657582,GPN-star
AAG,22,P,6,carlson,1.00598121314816,GPN-star
AAG,22,P,6,gnomad,1.00000000001116,GPN-star
AAG,22,V,6,roulette,0.964764790660693,GPN-star
AAG,22,V,6,carlson,0.986319058196419,GPN-star
AAG,22,V,6,gnomad,1.00000000001009,GPN-star
AAG,22,M,7,roulette,0.963516425916281,GPN-star
AAG,22,M,7,carlson,1.00208896562498,GPN-star
AAG,22,M,7,gnomad,1.00000000001043,GPN-star
AAG,22,P,7,roulette,0.977169191563708,GPN-star
AAG,22,P,7,carlson,1.0068424755629,GPN-star
AAG,22,P,7,gnomad,1.00000000001116,GPN-star
AAG,22,V,7,roulette,0.958331379387472,GPN-star
AAG,22,V,7,carlson,0.981363549754301,GPN-star
AAG,22,V,7,gnomad,1.00000000001009,GPN-star
AAG,22,M,8,roulette,0.957450700569345,GPN-star
AAG,22,M,8,carlson,0.998501790852342,GPN-star
AAG,22,M,8,gnomad,1.00000000001043,GPN-star
AAG,22,P,8,roulette,0.979217455730753,GPN-star
AAG,22,P,8,carlson,1.00483239026155,GPN-star
AAG,22,P,8,gnomad,1.00000000001116,GPN-star
AAG,22,V,8,roulette,0.949107922977122,GPN-star
AAG,22,V,8,carlson,0.980228010649737,GPN-star
AAG,22,V,8,gnomad,1.00000000001009,GPN-star
AAG,22,M,9,roulette,0.958644966053957,GPN-star
AAG,22,M,9,carlson,0.996987336976212,GPN-star
AAG,22,M,9,gnomad,1.00000000001043,GPN-star
AAG,22,P,9,roulette,0.977304538009996,GPN-star
AAG,22,P,9,carlson,1.00117359144117,GPN-star
AAG,22,P,9,gnomad,1.00000000001116,GPN-star
AAG,22,V,9,roulette,0.943162363230221,GPN-star
AAG,22,V,9,carlson,0.980407461001023,GPN-star
AAG,22,V,9,gnomad,1.00000000001009,GPN-star
AAG,22,M,10,roulette,0.958104833968386,GPN-star
AAG,22,M,10,carlson,0.996725069831972,GPN-star
AAG,22,M,10,gnomad,1.00000000001043,GPN-star
AAG,22,P,10,roulette,0.977760666287812,GPN-star
AAG,22,P,10,carlson,1.0022211591167,GPN-star
AAG,22,P,10,gnomad,1.00000000001115,GPN-star
AAG,22,V,10,roulette,0.932232064952797,GPN-star
AAG,22,V,10,carlson,0.975217550742533,GPN-star
AAG,22,V,10,gnomad,1.0000000000101,GPN-star
AAG,22,M,11,roulette,0.961136835523216,GPN-star
AAG,22,M,11,carlson,0.992252882739086,GPN-star
AAG,22,M,11,gnomad,1.00000000001043,GPN-star
AAG,22,P,11,roulette,0.978109881572023,GPN-star
AAG,22,P,11,carlson,0.999846815803142,GPN-star
AAG,22,P,11,gnomad,1.00000000001115,GPN-star
AAG,22,V,11,roulette,0.935706043382447,GPN-star
AAG,22,V,11,carlson,0.977314554564247,GPN-star
AAG,22,V,11,gnomad,1.0000000000101,GPN-star
AAG,22,M,12,roulette,0.959437813059104,GPN-star
AAG,22,M,12,carlson,0.992452036866443,GPN-star
AAG,22,M,12,gnomad,1.00000000001043,GPN-star
AAG,22,P,12,roulette,0.976622332612147,GPN-star
AAG,22,P,12,carlson,0.999931209999304,GPN-star
AAG,22,P,12,gnomad,1.00000000001115,GPN-star
AAG,22,V,12,roulette,0.933776564604027,GPN-star
AAG,22,V,12,carlson,0.971982451222187,GPN-star
AAG,22,V,12,gnomad,1.0000000000101,GPN-star
AAT,22,M,1,roulette,0.93836692931578,GPN-star
AAT,22,M,1,carlson,1.09621815044992,GPN-star
AAT,22,M,1,gnomad,1.00000000000261,GPN-star
AAT,22,P,1,roulette,0.89634720683359,GPN-star
AAT,22,P,1,carlson,1.02391264483977,GPN-star
AAT,22,P,1,gnomad,1.00000000000309,GPN-star
AAT,22,V,1,roulette,0.928034237481792,GPN-star
AAT,22,V,1,carlson,1.06515537165155,GPN-star
AAT,22,V,1,gnomad,1.00000000000409,GPN-star
AAT,22,M,2,roulette,0.841918125499606,GPN-star
AAT,22,M,2,carlson,0.904922949478228,GPN-star
AAT,22,M,2,gnomad,1.00000000000268,GPN-star
AAT,22,P,2,roulette,0.879905691372347,GPN-star
AAT,22,P,2,carlson,0.934162848165151,GPN-star
AAT,22,P,2,gnomad,1.00000000000313,GPN-star
AAT,22,V,2,roulette,0.845317333276984,GPN-star
AAT,22,V,2,carlson,0.886025582393983,GPN-star
AAT,22,V,2,gnomad,1.00000000000414,GPN-star
AAT,22,M,3,roulette,0.867321791583367,GPN-star
AAT,22,M,3,carlson,0.929878712762515,GPN-star
AAT,22,M,3,gnomad,1.0000000000027,GPN-star
AAT,22,P,3,roulette,0.883349958403776,GPN-star
AAT,22,P,3,carlson,0.944908458248546,GPN-star
AAT,22,P,3,gnomad,1.00000000000311,GPN-star
AAT,22,V,3,roulette,0.881045676703463,GPN-star
AAT,22,V,3,carlson,0.920841012432166,GPN-star
AAT,22,V,3,gnomad,1.00000000000415,GPN-star
AAT,22,M,4,roulette,0.91405141218544,GPN-star
AAT,22,M,4,carlson,0.971698308112214,GPN-star
AAT,22,M,4,gnomad,1.00000000000269,GPN-star
AAT,22,P,4,roulette,0.914795081733099,GPN-star
AAT,22,P,4,carlson,0.962661792657991,GPN-star
AAT,22,P,4,gnomad,1.00000000000314,GPN-star
AAT,22,V,4,roulette,0.912939068420203,GPN-star
AAT,22,V,4,carlson,0.950072704437284,GPN-star
AAT,22,V,4,gnomad,1.00000000000412,GPN-star
AAT,22,M,5,roulette,0.959049856590788,GPN-star
AAT,22,M,5,carlson,1.01562107837019,GPN-star
AAT,22,M,5,gnomad,1.00000000000268,GPN-star
AAT,22,P,5,roulette,0.933697456137475,GPN-star
AAT,22,P,5,carlson,0.974608640096302,GPN-star
AAT,22,P,5,gnomad,1.00000000000312,GPN-star
AAT,22,V,5,roulette,0.916012772226542,GPN-star
AAT,22,V,5,carlson,0.949198954215959,GPN-star
AAT,22,V,5,gnomad,1.0000000000041,GPN-star
AAT,22,M,6,roulette,0.970904365050709,GPN-star
AAT,22,M,6,carlson,1.02510903847384,GPN-star
AAT,22,M,6,gnomad,1.00000000000268,GPN-star
AAT,22,P,6,roulette,0.939011345444061,GPN-star
AAT,22,P,6,carlson,0.976054754996864,GPN-star
AAT,22,P,6,gnomad,1.00000000000311,GPN-star
AAT,22,V,6,roulette,0.903523512156388,GPN-star
AAT,22,V,6,carlson,0.928403173841714,GPN-star
AAT,22,V,6,gnomad,1.00000000000407,GPN-star
AAT,22,M,7,roulette,0.96110068762181,GPN-star
AAT,22,M,7,carlson,1.00541648563243,GPN-star
AAT,22,M,7,gnomad,1.00000000000268,GPN-star
AAT,22,P,7,roulette,0.94068988078162,GPN-star
AAT,22,P,7,carlson,0.982876346592917,GPN-star
AAT,22,P,7,gnomad,1.0000000000031,GPN-star
AAT,22,V,7,roulette,0.906334372622588,GPN-star
AAT,22,V,7,carlson,0.939635883671147,GPN-star
AAT,22,V,7,gnomad,1.00000000000403,GPN-star
AAT,22,M,8,roulette,0.973069796466448,GPN-star
AAT,22,M,8,carlson,1.02075286800928,GPN-star
AAT,22,M,8,gnomad,1.00000000000267,GPN-star
AAT,22,P,8,roulette,0.943763672390995,GPN-star
AAT,22,P,8,carlson,0.983787084045141,GPN-star
AAT,22,P,8,gnomad,1.00000000000309,GPN-star
AAT,22,V,8,roulette,0.913504811647795,GPN-star
AAT,22,V,8,carlson,0.946934177770498,GPN-star
AAT,22,V,8,gnomad,1.00000000000396,GPN-star
AAT,22,M,9,roulette,0.959401841686557,GPN-star
AAT,22,M,9,carlson,1.0201750250569,GPN-star
AAT,22,M,9,gnomad,1.00000000000266,GPN-star
AAT,22,P,9,roulette,0.951927519207171,GPN-star
AAT,22,P,9,carlson,0.978826306079871,GPN-star
AAT,22,P,9,gnomad,1.00000000000307,GPN-star
AAT,22,V,9,roulette,0.929426200047471,GPN-star
AAT,22,V,9,carlson,0.972061559828375,GPN-star
AAT,22,V,9,gnomad,1.00000000000383,GPN-star
AAT,22,M,10,roulette,0.94972515824046,GPN-star
AAT,22,M,10,carlson,1.01016528393147,GPN-star
AAT,22,M,10,gnomad,1.00000000000264,GPN-star
AAT,22,P,10,roulette,0.960705504569883,GPN-star
AAT,22,P,10,carlson,0.997377791836704,GPN-star
AAT,22,P,10,gnomad,1.00000000000305,GPN-star
AAT,22,V,10,roulette,0.935524060463908,GPN-star
AAT,22,V,10,carlson,0.989730880553965,GPN-star
AAT,22,V,10,gnomad,1.00000000000373,GPN-star
AAT,22,M,11,roulette,0.954159815231077,GPN-star
AAT,22,M,11,carlson,1.01121209867164,GPN-star
AAT,22,M,11,gnomad,1.00000000000261,GPN-star
AAT,22,P,11,roulette,0.949632989323286,GPN-star
AAT,22,P,11,carlson,0.986090768763499,GPN-star
AAT,22,P,11,gnomad,1.00000000000302,GPN-star
AAT,22,V,11,roulette,0.93764314648942,GPN-star
AAT,22,V,11,carlson,1.00767637530717,GPN-star
AAT,22,V,11,gnomad,1.00000000000376,GPN-star
AAT,22,M,12,roulette,0.966636055760494,GPN-star
AAT,22,M,12,carlson,1.02664422032379,GPN-star
AAT,22,M,12,gnomad,1.00000000000259,GPN-star
AAT,22,P,12,roulette,0.958565271298625,GPN-star
AAT,22,P,12,carlson,0.990494968119741,GPN-star
AAT,22,P,12,gnomad,1.00000000000303,GPN-star
AAT,22,V,12,roulette,0.889558332502636,GPN-star
AAT,22,V,12,carlson,0.943101010358777,GPN-star
AAT,22,V,12,gnomad,1.00000000000388,GPN-star
ACA,22,M,1,roulette,0.933313210840888,GPN-star
ACA,22,M,1,carlson,0.905501256081549,GPN-star
ACA,22,M,1,gnomad,0.999999999996341,GPN-star
ACA,22,P,1,roulette,0.93372793475112,GPN-star
ACA,22,P,1,carlson,0.912441501105616,GPN-star
ACA,22,P,1,gnomad,0.999999999996531,GPN-star
ACA,22,V,1,roulette,0.938520030079452,GPN-star
ACA,22,V,1,carlson,0.906940575490082,GPN-star
ACA,22,V,1,gnomad,0.999999999993259,GPN-star
ACA,22,M,2,roulette,0.927389182363824,GPN-star
ACA,22,M,2,carlson,0.970681961756133,GPN-star
ACA,22,M,2,gnomad,0.999999999996189,GPN-star
ACA,22,P,2,roulette,0.931542260455473,GPN-star
ACA,22,P,2,carlson,0.980106972460538,GPN-star
ACA,22,P,2,gnomad,0.999999999996406,GPN-star
ACA,22,V,2,roulette,0.941483396464174,GPN-star
ACA,22,V,2,carlson,0.957672285157199,GPN-star
ACA,22,V,2,gnomad,0.999999999993157,GPN-star
ACA,22,M,3,roulette,0.934882766582243,GPN-star
ACA,22,M,3,carlson,0.991060399598751,GPN-star
ACA,22,M,3,gnomad,0.999999999996371,GPN-star
ACA,22,P,3,roulette,0.949852485322013,GPN-star
ACA,22,P,3,carlson,1.00256650078905,GPN-star
ACA,22,P,3,gnomad,0.99999999999659,GPN-star
ACA,22,V,3,roulette,0.953764320483257,GPN-star
ACA,22,V,3,carlson,0.981972789044259,GPN-star
ACA,22,V,3,gnomad,0.999999999993261,GPN-star
ACA,22,M,4,roulette,0.955559767498356,GPN-star
ACA,22,M,4,carlson,1.0125769717432,GPN-star
ACA,22,M,4,gnomad,0.999999999996514,GPN-star
ACA,22,P,4,roulette,0.962957033237961,GPN-star
ACA,22,P,4,carlson,1.01063472913814,GPN-star
ACA,22,P,4,gnomad,0.999999999996648,GPN-star
ACA,22,V,4,roulette,0.959239445585581,GPN-star
ACA,22,V,4,carlson,0.98593051119132,GPN-star
ACA,22,V,4,gnomad,0.999999999993339,GPN-star
ACA,22,M,5,roulette,0.966421045693538,GPN-star
ACA,22,M,5,carlson,1.01747027727632,GPN-star
ACA,22,M,5,gnomad,0.999999999996563,GPN-star
ACA,22,P,5,roulette,0.971456392597901,GPN-star
ACA,22,P,5,carlson,1.01458686616394,GPN-star
ACA,22,P,5,gnomad,0.999999999996722,GPN-star
ACA,22,V,5,roulette,0.958881240639584,GPN-star
ACA,22,V,5,carlson,0.972497564473225,GPN-star
ACA,22,V,5,gnomad,0.999999999993385,GPN-star
ACA,22,M,6,roulette,0.968696478220076,GPN-star
ACA,22,M,6,carlson,1.02086110069605,GPN-star
ACA,22,M,6,gnomad,0.99999999999657,GPN-star
ACA,22,P,6,roulette,0.97992764321279,GPN-star
ACA,22,P,6,carlson,1.01685669502554,GPN-star
ACA,22,P,6,gnomad,0.999999999996761,GPN-star
ACA,22,V,6,roulette,0.96510142950166,GPN-star
ACA,22,V,6,carlson,0.98164577368549,GPN-star
ACA,22,V,6,gnomad,0.999999999993402,GPN-star
ACA,22,M,7,roulette,0.967817019295141,GPN-star
ACA,22,M,7,carlson,1.01658234611821,GPN-star
ACA,22,M,7,gnomad,0.999999999996544,GPN-star
ACA,22,P,7,roulette,0.981765949968227,GPN-star
ACA,22,P,7,carlson,1.01666416801878,GPN-star
ACA,22,P,7,gnomad,0.999999999996752,GPN-star
ACA,22,V,7,roulette,0.968826042998073,GPN-star
ACA,22,V,7,carlson,0.988536597005334,GPN-star
ACA,22,V,7,gnomad,0.999999999993489,GPN-star
ACA,22,M,8,roulette,0.968399370961633,GPN-star
ACA,22,M,8,carlson,1.01595618609617,GPN-star
ACA,22,M,8,gnomad,0.999999999996542,GPN-star
ACA,22,P,8,roulette,0.980840385321821,GPN-star
ACA,22,P,8,carlson,1.01745936491068,GPN-star
ACA,22,P,8,gnomad,0.999999999996724,GPN-star
ACA,22,V,8,roulette,0.973391261776465,GPN-star
ACA,22,V,8,carlson,1.00809940397672,GPN-star
ACA,22,V,8,gnomad,0.999999999993759,GPN-star
ACA,22,M,9,roulette,0.963741193460863,GPN-star
ACA,22,M,9,carlson,1.00671994903554,GPN-star
ACA,22,M,9,gnomad,0.999999999996533,GPN-star
ACA,22,P,9,roulette,0.982524492340012,GPN-star
ACA,22,P,9,carlson,1.01483446636205,GPN-star
ACA,22,P,9,gnomad,0.999999999996706,GPN-star
ACA,22,V,9,roulette,0.966218244572743,GPN-star
ACA,22,V,9,carlson,1.00983067700208,GPN-star
ACA,22,V,9,gnomad,0.999999999993796,GPN-star
ACA,22,M,10,roulette,0.963293931100307,GPN-star
ACA,22,M,10,carlson,1.00601263121984,GPN-star
ACA,22,M,10,gnomad,0.999999999996514,GPN-star
ACA,22,P,10,roulette,0.983446720888093,GPN-star
ACA,22,P,10,carlson,1.01036569086161,GPN-star
ACA,22,P,10,gnomad,0.999999999996676,GPN-star
ACA,22,V,10,roulette,0.956582791082722,GPN-star
ACA,22,V,10,carlson,1.00240572352174,GPN-star
ACA,22,V,10,gnomad,0.999999999993707,GPN-star
ACA,22,M,11,roulette,0.963690027598105,GPN-star
ACA,22,M,11,carlson,1.0034794934535,GPN-star
ACA,22,M,11,gnomad,0.999999999996512,GPN-star
ACA,22,P,11,roulette,0.984815099764125,GPN-star
ACA,22,P,11,carlson,1.01415120119939,GPN-star
ACA,22,P,11,gnomad,0.999999999996667,GPN-star
ACA,22,V,11,roulette,0.954442798974612,GPN-star
ACA,22,V,11,carlson,0.996735257902912,GPN-star
ACA,22,V,11,gnomad,0.999999999993564,GPN-star
ACA,22,M,12,roulette,0.96495126014645,GPN-star
ACA,22,M,12,carlson,1.00188757130715,GPN-star
ACA,22,M,12,gnomad,0.999999999996503,GPN-star
ACA,22,P,12,roulette,0.987128156822837,GPN-star
ACA,22,P,12,carlson,1.01661648110225,GPN-star
ACA,22,P,12,gnomad,0.999999999996702,GPN-star
ACA,22,V,12,roulette,0.955877377899897,GPN-star
ACA,22,V,12,carlson,0.997593103573769,GPN-star
ACA,22,V,12,gnomad,0.999999999993441,GPN-star
ACC,22,M,1,roulette,0.917422068097352,GPN-star
ACC,22,M,1,carlson,0.879087643183689,GPN-star
ACC,22,M,1,gnomad,0.999999999998955,GPN-star
ACC,22,P,1,roulette,0.916355523677993,GPN-star
ACC,22,P,1,carlson,0.878581051735476,GPN-star
ACC,22,P,1,gnomad,0.999999999998408,GPN-star
ACC,22,V,1,roulette,0.921262063017171,GPN-star
ACC,22,V,1,carlson,0.878148679335124,GPN-star
ACC,22,V,1,gnomad,0.999999999998202,GPN-star
ACC,22,M,2,roulette,0.936877949017069,GPN-star
ACC,22,M,2,carlson,0.954588033148709,GPN-star
ACC,22,M,2,gnomad,0.999999999998841,GPN-star
ACC,22,P,2,roulette,0.934031693537728,GPN-star
ACC,22,P,2,carlson,0.956044603970212,GPN-star
ACC,22,P,2,gnomad,0.999999999998316,GPN-star
ACC,22,V,2,roulette,0.957098211749975,GPN-star
ACC,22,V,2,carlson,0.957322930649,GPN-star
ACC,22,V,2,gnomad,0.99999999999811,GPN-star
ACC,22,M,3,roulette,0.926589224089702,GPN-star
ACC,22,M,3,carlson,0.965592946126808,GPN-star
ACC,22,M,3,gnomad,0.999999999998814,GPN-star
ACC,22,P,3,roulette,0.940554473809503,GPN-star
ACC,22,P,3,carlson,0.994490420856741,GPN-star
ACC,22,P,3,gnomad,0.999999999998381,GPN-star
ACC,22,V,3,roulette,0.95813223202729,GPN-star
ACC,22,V,3,carlson,0.976278357473979,GPN-star
ACC,22,V,3,gnomad,0.999999999998155,GPN-star
ACC,22,M,4,roulette,0.931557080256491,GPN-star
ACC,22,M,4,carlson,0.985567634924252,GPN-star
ACC,22,M,4,gnomad,0.999999999998899,GPN-star
ACC,22,P,4,roulette,0.956246705739154,GPN-star
ACC,22,P,4,carlson,1.00264388931925,GPN-star
ACC,22,P,4,gnomad,0.999999999998392,GPN-star
ACC,22,V,4,roulette,0.961902982307307,GPN-star
ACC,22,V,4,carlson,0.993676338230333,GPN-star
ACC,22,V,4,gnomad,0.999999999998181,GPN-star
ACC,22,M,5,roulette,0.961020664969288,GPN-star
ACC,22,M,5,carlson,1.01428151781217,GPN-star
ACC,22,M,5,gnomad,0.999999999998955,GPN-star
ACC,22,P,5,roulette,0.970867046870003,GPN-star
ACC,22,P,5,carlson,1.01470764434117,GPN-star
ACC,22,P,5,gnomad,0.999999999998408,GPN-star
ACC,22,V,5,roulette,0.976783492094318,GPN-star
ACC,22,V,5,carlson,0.999008365788439,GPN-star
ACC,22,V,5,gnomad,0.999999999998184,GPN-star
ACC,22,M,6,roulette,0.982394222210001,GPN-star
ACC,22,M,6,carlson,1.0317329876148,GPN-star
ACC,22,M,6,gnomad,0.999999999998967,GPN-star
ACC,22,P,6,roulette,0.977813893673734,GPN-star
ACC,22,P,6,carlson,1.01671435700955,GPN-star
ACC,22,P,6,gnomad,0.999999999998424,GPN-star
ACC,22,V,6,roulette,0.975896821705458,GPN-star
ACC,22,V,6,carlson,0.99484798435982,GPN-star
ACC,22,V,6,gnomad,0.999999999998184,GPN-star
ACC,22,M,7,roulette,0.989139311164473,GPN-star
ACC,22,M,7,carlson,1.03023447111375,GPN-star
ACC,22,M,7,gnomad,0.999999999998962,GPN-star
ACC,22,P,7,roulette,0.980850070371545,GPN-star
ACC,22,P,7,carlson,1.01628867535257,GPN-star
ACC,22,P,7,gnomad,0.999999999998423,GPN-star
ACC,22,V,7,roulette,0.972581804037222,GPN-star
ACC,22,V,7,carlson,0.99109655517234,GPN-star
ACC,22,V,7,gnomad,0.999999999998186,GPN-star
ACC,22,M,8,roulette,0.983751829696435,GPN-star
ACC,22,M,8,carlson,1.03191094061836,GPN-star
ACC,22,M,8,gnomad,0.99999999999895,GPN-star
ACC,22,P,8,roulette,0.980649338488908,GPN-star
ACC,22,P,8,carlson,1.01258027070977,GPN-star
ACC,22,P,8,gnomad,0.999999999998422,GPN-star
ACC,22,V,8,roulette,0.964000960524666,GPN-star
ACC,22,V,8,carlson,0.976369730410407,GPN-star
ACC,22,V,8,gnomad,0.999999999998197,GPN-star
ACC,22,M,9,roulette,0.983536115415635,GPN-star
ACC,22,M,9,carlson,1.02169124080028,GPN-star
ACC,22,M,9,gnomad,0.99999999999895,GPN-star
ACC,22,P,9,roulette,0.97818897389267,GPN-star
ACC,22,P,9,carlson,1.00993665118625,GPN-star
ACC,22,P,9,gnomad,0.999999999998418,GPN-star
ACC,22,V,9,roulette,0.961083754362853,GPN-star
ACC,22,V,9,carlson,0.968224196031559,GPN-star
ACC,22,V,9,gnomad,0.99999999999822,GPN-star
ACC,22,M,10,roulette,0.972905238169667,GPN-star
ACC,22,M,10,carlson,1.01566990270553,GPN-star
ACC,22,M,10,gnomad,0.999999999998943,GPN-star
ACC,22,P,10,roulette,0.971752362150095,GPN-star
ACC,22,P,10,carlson,1.0087530427224,GPN-star
ACC,22,P,10,gnomad,0.999999999998413,GPN-star
ACC,22,V,10,roulette,0.956258746430932,GPN-star
ACC,22,V,10,carlson,0.96832271574175,GPN-star
ACC,22,V,10,gnomad,0.99999999999823,GPN-star
ACC,22,M,11,roulette,0.973006197463286,GPN-star
ACC,22,M,11,carlson,1.01589318827962,GPN-star
ACC,22,M,11,gnomad,0.999999999998943,GPN-star
ACC,22,P,11,roulette,0.978032528606747,GPN-star
ACC,22,P,11,carlson,1.00652956386546,GPN-star
ACC,22,P,11,gnomad,0.999999999998408,GPN-star
ACC,22,V,11,roulette,0.953682047540292,GPN-star
ACC,22,V,11,carlson,0.97248951617509,GPN-star
ACC,22,V,11,gnomad,0.999999999998234,GPN-star
ACC,22,M,12,roulette,0.971395496577907,GPN-star
ACC,22,M,12,carlson,1.01188648316659,GPN-star
ACC,22,M,12,gnomad,0.999999999998943,GPN-star
ACC,22,P,12,roulette,0.97405471520285,GPN-star
ACC,22,P,12,carlson,0.99832858381809,GPN-star
ACC,22,P,12,gnomad,0.999999999998411,GPN-star
ACC,22,V,12,roulette,0.953138136156656,GPN-star
ACC,22,V,12,carlson,0.980072739133001,GPN-star
ACC,22,V,12,gnomad,0.999999999998239,GPN-star
ACG,22,M,1,roulette,0.816517330550025,GPN-star
ACG,22,M,1,carlson,0.818933371569139,GPN-star
ACG,22,M,1,gnomad,0.999999999999317,GPN-star
ACG,22,P,1,roulette,0.800018598349402,GPN-star
ACG,22,P,1,carlson,0.79802036616953,GPN-star
ACG,22,P,1,gnomad,0.999999999999457,GPN-star
ACG,22,V,1,roulette,0.848063853634123,GPN-star
ACG,22,V,1,carlson,0.835013630624486,GPN-star
ACG,22,V,1,gnomad,0.99999999999923,GPN-star
ACG,22,M,2,roulette,0.759530668804498,GPN-star
ACG,22,M,2,carlson,0.823839695765395,GPN-star
ACG,22,M,2,gnomad,0.999999999999315,GPN-star
ACG,22,P,2,roulette,0.763319192798197,GPN-star
ACG,22,P,2,carlson,0.830306761291526,GPN-star
ACG,22,P,2,gnomad,0.999999999999455,GPN-star
ACG,22,V,2,roulette,0.797787020820758,GPN-star
ACG,22,V,2,carlson,0.812417839038036,GPN-star
ACG,22,V,2,gnomad,0.999999999999228,GPN-star
ACG,22,M,3,roulette,0.827781744552683,GPN-star
ACG,22,M,3,carlson,0.889742085556103,GPN-star
ACG,22,M,3,gnomad,0.999999999999315,GPN-star
ACG,22,P,3,roulette,0.837297296512749,GPN-star
ACG,22,P,3,carlson,0.90850640161211,GPN-star
ACG,22,P,3,gnomad,0.999999999999453,GPN-star
ACG,22,V,3,roulette,0.8394698570634,GPN-star
ACG,22,V,3,carlson,0.856566649065631,GPN-star
ACG,22,V,3,gnomad,0.999999999999228,GPN-star
ACG,22,M,4,roulette,0.876609645335885,GPN-star
ACG,22,M,4,carlson,0.932898839319574,GPN-star
ACG,22,M,4,gnomad,0.999999999999315,GPN-star
ACG,22,P,4,roulette,0.860048649569547,GPN-star
ACG,22,P,4,carlson,0.93488840004655,GPN-star
ACG,22,P,4,gnomad,0.999999999999453,GPN-star
ACG,22,V,4,roulette,0.824248545667878,GPN-star
ACG,22,V,4,carlson,0.831709071663013,GPN-star
ACG,22,V,4,gnomad,0.999999999999228,GPN-star
ACG,22,M,5,roulette,0.897673123317621,GPN-star
ACG,22,M,5,carlson,0.951950473305288,GPN-star
ACG,22,M,5,gnomad,0.999999999999315,GPN-star
ACG,22,P,5,roulette,0.883085776323491,GPN-star
ACG,22,P,5,carlson,0.922400213669118,GPN-star
ACG,22,P,5,gnomad,0.999999999999453,GPN-star
ACG,22,V,5,roulette,0.768806945154839,GPN-star
ACG,22,V,5,carlson,0.772224371080573,GPN-star
ACG,22,V,5,gnomad,0.99999999999923,GPN-star
ACG,22,M,6,roulette,0.913553692692881,GPN-star
ACG,22,M,6,carlson,0.956764959271817,GPN-star
ACG,22,M,6,gnomad,0.999999999999317,GPN-star
ACG,22,P,6,roulette,0.901297139024916,GPN-star
ACG,22,P,6,carlson,0.954803373383818,GPN-star
ACG,22,P,6,gnomad,0.999999999999455,GPN-star
ACG,22,V,6,roulette,0.885421868349404,GPN-star
ACG,22,V,6,carlson,0.900910025913727,GPN-star
ACG,22,V,6,gnomad,0.99999999999923,GPN-star
ACG,22,M,7,roulette,0.905687048111613,GPN-star
ACG,22,M,7,carlson,0.956369360632384,GPN-star
ACG,22,M,7,gnomad,0.999999999999317,GPN-star
ACG,22,P,7,roulette,0.896314881708621,GPN-star
ACG,22,P,7,carlson,0.948306026821945,GPN-star
ACG,22,P,7,gnomad,0.999999999999455,GPN-star
ACG,22,V,7,roulette,0.951974688957154,GPN-star
ACG,22,V,7,carlson,0.97029249940846,GPN-star
ACG,22,V,7,gnomad,0.999999999999233,GPN-star
ACG,22,M,8,roulette,0.901181033655842,GPN-star
ACG,22,M,8,carlson,0.955313162637302,GPN-star
ACG,22,M,8,gnomad,0.999999999999317,GPN-star
ACG,22,P,8,roulette,0.855640952414314,GPN-star
ACG,22,P,8,carlson,0.909039079856561,GPN-star
ACG,22,P,8,gnomad,0.999999999999457,GPN-star
ACG,22,V,8,roulette,0.974248542755361,GPN-star
ACG,22,V,8,carlson,0.979616469966101,GPN-star
ACG,22,V,8,gnomad,0.99999999999923,GPN-star
ACG,22,M,9,roulette,0.899263394811305,GPN-star
ACG,22,M,9,carlson,0.950085531844249,GPN-star
ACG,22,M,9,gnomad,0.999999999999317,GPN-star
ACG,22,P,9,roulette,0.901923354485881,GPN-star
ACG,22,P,9,carlson,0.932364067984518,GPN-star
ACG,22,P,9,gnomad,0.99999999999946,GPN-star
ACG,22,V,9,roulette,0.98439892806502,GPN-star
ACG,22,V,9,carlson,0.984522609358722,GPN-star
ACG,22,V,9,gnomad,0.99999999999923,GPN-star
ACG,22,M,10,roulette,0.935298047723332,GPN-star
ACG,22,M,10,carlson,0.974482601019283,GPN-star
ACG,22,M,10,gnomad,0.999999999999317,GPN-star
ACG,22,P,10,roulette,0.98067293263608,GPN-star
ACG,22,P,10,carlson,0.983280713718638,GPN-star
ACG,22,P,10,gnomad,0.999999999999119,GPN-star
ACG,22,V,10,roulette,0.985889854946199,GPN-star
ACG,22,V,10,carlson,0.982621937296663,GPN-star
ACG,22,V,10,gnomad,0.999999999999228,GPN-star
ACG,22,M,11,roulette,0.97378125502874,GPN-star
ACG,22,M,11,carlson,0.983295570459979,GPN-star
ACG,22,M,11,gnomad,0.999999999999319,GPN-star
ACG,22,P,11,roulette,0.993145433206748,GPN-star
ACG,22,P,11,carlson,0.987602199059821,GPN-star
ACG,22,P,11,gnomad,0.999999999999114,GPN-star
ACG,22,V,11,roulette,0.992584607771504,GPN-star
ACG,22,V,11,carlson,0.997278883735037,GPN-star
ACG,22,V,11,gnomad,0.999999999999226,GPN-star
ACG,22,M,12,roulette,0.981586147002567,GPN-star
ACG,22,M,12,carlson,0.984316368770351,GPN-star
ACG,22,M,12,gnomad,0.999999999999319,GPN-star
ACG,22,P,12,roulette,0.998205446115698,GPN-star
ACG,22,P,12,carlson,0.994293306879007,GPN-star
ACG,22,P,12,gnomad,0.99999999999946,GPN-star
ACG,22,V,12,roulette,0.985261470639327,GPN-star
ACG,22,V,12,carlson,0.978878110319542,GPN-star
ACG,22,V,12,gnomad,0.999999999999226,GPN-star
ACT,22,M,1,roulette,0.944840462097528,GPN-star
ACT,22,M,1,carlson,0.923973065448772,GPN-star
ACT,22,M,1,gnomad,0.999999999994567,GPN-star
ACT,22,P,1,roulette,0.942522826944932,GPN-star
ACT,22,P,1,carlson,0.925964370497013,GPN-star
ACT,22,P,1,gnomad,0.999999999994591,GPN-star
ACT,22,V,1,roulette,0.947273607780954,GPN-star
ACT,22,V,1,carlson,0.922757348700182,GPN-star
ACT,22,V,1,gnomad,0.99999999999461,GPN-star
ACT,22,M,2,roulette,0.932009913565302,GPN-star
ACT,22,M,2,carlson,0.97030578473147,GPN-star
ACT,22,M,2,gnomad,0.999999999994539,GPN-star
ACT,22,P,2,roulette,0.930628962439222,GPN-star
ACT,22,P,2,carlson,0.978000021670293,GPN-star
ACT,22,P,2,gnomad,0.999999999994615,GPN-star
ACT,22,V,2,roulette,0.946460390423775,GPN-star
ACT,22,V,2,carlson,0.972799603823492,GPN-star
ACT,22,V,2,gnomad,0.999999999994586,GPN-star
ACT,22,M,3,roulette,0.93788014651149,GPN-star
ACT,22,M,3,carlson,0.985228461566766,GPN-star
ACT,22,M,3,gnomad,0.99999999999456,GPN-star
ACT,22,P,3,roulette,0.94284430411181,GPN-star
ACT,22,P,3,carlson,0.992201861423948,GPN-star
ACT,22,P,3,gnomad,0.999999999994701,GPN-star
ACT,22,V,3,roulette,0.95130820758335,GPN-star
ACT,22,V,3,carlson,0.986985799366692,GPN-star
ACT,22,V,3,gnomad,0.999999999994689,GPN-star
ACT,22,M,4,roulette,0.959414489714571,GPN-star
ACT,22,M,4,carlson,0.999894226663621,GPN-star
ACT,22,M,4,gnomad,0.999999999994697,GPN-star
ACT,22,P,4,roulette,0.962574531756657,GPN-star
ACT,22,P,4,carlson,0.99684421935802,GPN-star
ACT,22,P,4,gnomad,0.999999999994718,GPN-star
ACT,22,V,4,roulette,0.960467227494681,GPN-star
ACT,22,V,4,carlson,0.995449578795654,GPN-star
ACT,22,V,4,gnomad,0.999999999994713,GPN-star
ACT,22,M,5,roulette,0.974376092119423,GPN-star
ACT,22,M,5,carlson,1.00987764481991,GPN-star
ACT,22,M,5,gnomad,0.999999999994649,GPN-star
ACT,22,P,5,roulette,0.971716595862246,GPN-star
ACT,22,P,5,carlson,1.00736856589199,GPN-star
ACT,22,P,5,gnomad,0.999999999994735,GPN-star
ACT,22,V,5,roulette,0.962677430233227,GPN-star
ACT,22,V,5,carlson,0.993078452905241,GPN-star
ACT,22,V,5,gnomad,0.999999999994711,GPN-star
ACT,22,M,6,roulette,0.978684165481478,GPN-star
ACT,22,M,6,carlson,1.01198242820312,GPN-star
ACT,22,M,6,gnomad,0.999999999994632,GPN-star
ACT,22,P,6,roulette,0.97962623566116,GPN-star
ACT,22,P,6,carlson,1.00917181821869,GPN-star
ACT,22,P,6,gnomad,0.999999999994665,GPN-star
ACT,22,V,6,roulette,0.963455264164535,GPN-star
ACT,22,V,6,carlson,0.993819832210539,GPN-star
ACT,22,V,6,gnomad,0.999999999994708,GPN-star
ACT,22,M,7,roulette,0.980606474951952,GPN-star
ACT,22,M,7,carlson,1.01341910453273,GPN-star
ACT,22,M,7,gnomad,0.999999999994675,GPN-star
ACT,22,P,7,roulette,0.978430344387604,GPN-star
ACT,22,P,7,carlson,1.00477040163017,GPN-star
ACT,22,P,7,gnomad,0.999999999994665,GPN-star
ACT,22,V,7,roulette,0.964559219564921,GPN-star
ACT,22,V,7,carlson,0.993516663428595,GPN-star
ACT,22,V,7,gnomad,0.999999999994713,GPN-star
ACT,22,M,8,roulette,0.976134498707552,GPN-star
ACT,22,M,8,carlson,1.00708227345075,GPN-star
ACT,22,M,8,gnomad,0.999999999994718,GPN-star
ACT,22,P,8,roulette,0.975846113405626,GPN-star
ACT,22,P,8,carlson,1.00369652069839,GPN-star
ACT,22,P,8,gnomad,0.999999999994694,GPN-star
ACT,22,V,8,roulette,0.959564866601308,GPN-star
ACT,22,V,8,carlson,0.991463577649657,GPN-star
ACT,22,V,8,gnomad,0.999999999994735,GPN-star
ACT,22,M,9,roulette,0.969433470469676,GPN-star
ACT,22,M,9,carlson,1.00653317643263,GPN-star
ACT,22,M,9,gnomad,0.999999999994718,GPN-star
ACT,22,P,9,roulette,0.975708811547221,GPN-star
ACT,22,P,9,carlson,1.00575389743966,GPN-star
ACT,22,P,9,gnomad,0.999999999994747,GPN-star
ACT,22,V,9,roulette,0.950764045540835,GPN-star
ACT,22,V,9,carlson,0.98589814685644,GPN-star
ACT,22,V,9,gnomad,0.999999999994725,GPN-star
ACT,22,M,10,roulette,0.96719844889897,GPN-star
ACT,22,M,10,carlson,1.0048384553101,GPN-star
ACT,22,M,10,gnomad,0.999999999994711,GPN-star
ACT,22,P,10,roulette,0.97864959618685,GPN-star
ACT,22,P,10,carlson,1.0037044733195,GPN-star
ACT,22,P,10,gnomad,0.999999999994716,GPN-star
ACT,22,V,10,roulette,0.95016170438523,GPN-star
ACT,22,V,10,carlson,0.987704525261628,GPN-star
ACT,22,V,10,gnomad,0.999999999994601,GPN-star
ACT,22,M,11,roulette,0.96590874368772,GPN-star
ACT,22,M,11,carlson,1.00438657280205,GPN-star
ACT,22,M,11,gnomad,0.999999999994701,GPN-star
ACT,22,P,11,roulette,0.976653123976928,GPN-star
ACT,22,P,11,carlson,1.00667993786083,GPN-star
ACT,22,P,11,gnomad,0.999999999994701,GPN-star
ACT,22,V,11,roulette,0.952124409199135,GPN-star
ACT,22,V,11,carlson,0.987337930944104,GPN-star
ACT,22,V,11,gnomad,0.999999999994567,GPN-star
ACT,22,M,12,roulette,0.966040381263166,GPN-star
ACT,22,M,12,carlson,1.0021693457139,GPN-star
ACT,22,M,12,gnomad,0.999999999994699,GPN-star
ACT,22,P,12,roulette,0.977397974767819,GPN-star
ACT,22,P,12,carlson,1.00591475221967,GPN-star
ACT,22,P,12,gnomad,0.999999999994713,GPN-star
ACT,22,V,12,roulette,0.957172792969887,GPN-star
ACT,22,V,12,carlson,0.993712433290528,GPN-star
ACT,22,V,12,gnomad,0.999999999994536,GPN-star
AGA,22,M,1,roulette,0.896220685511075,GPN-star
AGA,22,M,1,carlson,0.873123771720831,GPN-star
AGA,22,M,1,gnomad,1.00000000000183,GPN-star
AGA,22,P,1,roulette,0.894839054559454,GPN-star
AGA,22,P,1,carlson,0.888866348082969,GPN-star
AGA,22,P,1,gnomad,1.00000000000184,GPN-star
AGA,22,V,1,roulette,0.901704809311402,GPN-star
AGA,22,V,1,carlson,0.877943990200975,GPN-star
AGA,22,V,1,gnomad,1.00000000000184,GPN-star
AGA,22,M,2,roulette,0.896297248615304,GPN-star
AGA,22,M,2,carlson,0.957594996113288,GPN-star
AGA,22,M,2,gnomad,1.00000000000184,GPN-star
AGA,22,P,2,roulette,0.910065459411226,GPN-star
AGA,22,P,2,carlson,0.975439824857088,GPN-star
AGA,22,P,2,gnomad,1.00000000000168,GPN-star
AGA,22,V,2,roulette,0.918614181007279,GPN-star
AGA,22,V,2,carlson,0.95936922306582,GPN-star
AGA,22,V,2,gnomad,1.00000000000158,GPN-star
AGA,22,M,3,roulette,0.899774878204732,GPN-star
AGA,22,M,3,carlson,0.97596591788529,GPN-star
AGA,22,M,3,gnomad,1.00000000000177,GPN-star
AGA,22,P,3,roulette,0.941214058914767,GPN-star
AGA,22,P,3,carlson,1.01308268131034,GPN-star
AGA,22,P,3,gnomad,1.00000000000144,GPN-star
AGA,22,V,3,roulette,0.950361614360077,GPN-star
AGA,22,V,3,carlson,0.994034973217881,GPN-star
AGA,22,V,3,gnomad,1.00000000000137,GPN-star
AGA,22,M,4,roulette,0.927761283367347,GPN-star
AGA,22,M,4,carlson,0.996758947363692,GPN-star
AGA,22,M,4,gnomad,1.00000000000139,GPN-star
AGA,22,P,4,roulette,0.950200628472943,GPN-star
AGA,22,P,4,carlson,1.00949472008087,GPN-star
AGA,22,P,4,gnomad,1.00000000000141,GPN-star
AGA,22,V,4,roulette,0.964894245074061,GPN-star
AGA,22,V,4,carlson,1.00583666578186,GPN-star
AGA,22,V,4,gnomad,1.00000000000137,GPN-star
AGA,22,M,5,roulette,0.957118876374733,GPN-star
AGA,22,M,5,carlson,1.0159626760441,GPN-star
AGA,22,M,5,gnomad,1.00000000000128,GPN-star
AGA,22,P,5,roulette,0.963786680707898,GPN-star
AGA,22,P,5,carlson,1.02311903962239,GPN-star
AGA,22,P,5,gnomad,1.00000000000139,GPN-star
AGA,22,V,5,roulette,0.970105282128366,GPN-star
AGA,22,V,5,carlson,1.00604259048347,GPN-star
AGA,22,V,5,gnomad,1.00000000000139,GPN-star
AGA,22,M,6,roulette,0.968325100630445,GPN-star
AGA,22,M,6,carlson,1.02463518698744,GPN-star
AGA,22,M,6,gnomad,1.00000000000129,GPN-star
AGA,22,P,6,roulette,0.972005861339166,GPN-star
AGA,22,P,6,carlson,1.02019309911845,GPN-star
AGA,22,P,6,gnomad,1.00000000000138,GPN-star
AGA,22,V,6,roulette,0.965182563843437,GPN-star
AGA,22,V,6,carlson,1.00451807220989,GPN-star
AGA,22,V,6,gnomad,1.00000000000141,GPN-star
AGA,22,M,7,roulette,0.971057451458384,GPN-star
AGA,22,M,7,carlson,1.02250921855865,GPN-star
AGA,22,M,7,gnomad,1.0000000000013,GPN-star
AGA,22,P,7,roulette,0.970761156193955,GPN-star
AGA,22,P,7,carlson,1.02012612390936,GPN-star
AGA,22,P,7,gnomad,1.0000000000014,GPN-star
AGA,22,V,7,roulette,0.962001802966271,GPN-star
AGA,22,V,7,carlson,0.998092600421725,GPN-star
AGA,22,V,7,gnomad,1.00000000000142,GPN-star
AGA,22,M,8,roulette,0.966292048846096,GPN-star
AGA,22,M,8,carlson,1.02087215692971,GPN-star
AGA,22,M,8,gnomad,1.00000000000133,GPN-star
AGA,22,P,8,roulette,0.968660390598344,GPN-star
AGA,22,P,8,carlson,1.01841337599424,GPN-star
AGA,22,P,8,gnomad,1.00000000000147,GPN-star
AGA,22,V,8,roulette,0.954228490237174,GPN-star
AGA,22,V,8,carlson,0.993019297345972,GPN-star
AGA,22,V,8,gnomad,1.00000000000136,GPN-star
AGA,22,M,9,roulette,0.961443865909933,GPN-star
AGA,22,M,9,carlson,1.01912464052414,GPN-star
AGA,22,M,9,gnomad,1.00000000000136,GPN-star
AGA,22,P,9,roulette,0.971977347907989,GPN-star
AGA,22,P,9,carlson,1.01765292852938,GPN-star
AGA,22,P,9,gnomad,1.00000000000152,GPN-star
AGA,22,V,9,roulette,0.944334399198793,GPN-star
AGA,22,V,9,carlson,0.988943918178852,GPN-star
AGA,22,V,9,gnomad,1.00000000000121,GPN-star
AGA,22,M,10,roulette,0.961065918995375,GPN-star
AGA,22,M,10,carlson,1.01554581000188,GPN-star
AGA,22,M,10,gnomad,1.00000000000138,GPN-star
AGA,22,P,10,roulette,0.96882515147047,GPN-star
AGA,22,P,10,carlson,1.0136134209552,GPN-star
AGA,22,P,10,gnomad,1.00000000000164,GPN-star
AGA,22,V,10,roulette,0.936953302331386,GPN-star
AGA,22,V,10,carlson,0.987150564260802,GPN-star
AGA,22,V,10,gnomad,1.00000000000111,GPN-star
AGA,22,M,11,roulette,0.961679044097964,GPN-star
AGA,22,M,11,carlson,1.01698624148784,GPN-star
AGA,22,M,11,gnomad,1.00000000000141,GPN-star
AGA,22,P,11,roulette,0.968704367091154,GPN-star
AGA,22,P,11,carlson,1.01030961824456,GPN-star
AGA,22,P,11,gnomad,1.00000000000172,GPN-star
AGA,22,V,11,roulette,0.937836281735279,GPN-star
AGA,22,V,11,carlson,0.994338262703864,GPN-star
AGA,22,V,11,gnomad,1.0000000000011,GPN-star
AGA,22,M,12,roulette,0.961660006974473,GPN-star
AGA,22,M,12,carlson,1.01790812563754,GPN-star
AGA,22,M,12,gnomad,1.00000000000144,GPN-star
AGA,22,P,12,roulette,0.971687391059335,GPN-star
AGA,22,P,12,carlson,1.01363584746272,GPN-star
AGA,22,P,12,gnomad,1.0000000000017,GPN-star
AGA,22,V,12,roulette,0.939213587195785,GPN-star
AGA,22,V,12,carlson,1.0002326994119,GPN-star
AGA,22,V,12,gnomad,1.00000000000109,GPN-star
AGC,22,M,1,roulette,0.937975025661395,GPN-star
AGC,22,M,1,carlson,0.940047925938421,GPN-star
AGC,22,M,1,gnomad,0.999999999995811,GPN-star
AGC,22,P,1,roulette,0.938084948299831,GPN-star
AGC,22,P,1,carlson,0.942195446240663,GPN-star
AGC,22,P,1,gnomad,0.999999999995819,GPN-star
AGC,22,V,1,roulette,0.938507152789859,GPN-star
AGC,22,V,1,carlson,0.939432315624955,GPN-star
AGC,22,V,1,gnomad,0.999999999995894,GPN-star
AGC,22,M,2,roulette,0.956046562114901,GPN-star
AGC,22,M,2,carlson,0.996843604984404,GPN-star
AGC,22,M,2,gnomad,0.999999999995671,GPN-star
AGC,22,P,2,roulette,0.955798359481653,GPN-star
AGC,22,P,2,carlson,1.0055412997471,GPN-star
AGC,22,P,2,gnomad,0.999999999995671,GPN-star
AGC,22,V,2,roulette,0.965327867083898,GPN-star
AGC,22,V,2,carlson,0.992555617065452,GPN-star
AGC,22,V,2,gnomad,0.999999999995714,GPN-star
AGC,22,M,3,roulette,0.979156018667219,GPN-star
AGC,22,M,3,carlson,1.03397307653752,GPN-star
AGC,22,M,3,gnomad,0.999999999995572,GPN-star
AGC,22,P,3,roulette,0.979251479406289,GPN-star
AGC,22,P,3,carlson,1.02697766268668,GPN-star
AGC,22,P,3,gnomad,0.999999999995577,GPN-star
AGC,22,V,3,roulette,0.975002354072907,GPN-star
AGC,22,V,3,carlson,1.01695763706127,GPN-star
AGC,22,V,3,gnomad,0.999999999995661,GPN-star
AGC,22,M,4,roulette,0.994724394232612,GPN-star
AGC,22,M,4,carlson,1.0515448114451,GPN-star
AGC,22,M,4,gnomad,0.999999999995567,GPN-star
AGC,22,P,4,roulette,0.987976185272743,GPN-star
AGC,22,P,4,carlson,1.02538888194013,GPN-star
AGC,22,P,4,gnomad,0.999999999995575,GPN-star
AGC,22,V,4,roulette,0.979386976374722,GPN-star
AGC,22,V,4,carlson,1.0175416000303,GPN-star
AGC,22,V,4,gnomad,0.999999999995661,GPN-star
AGC,22,M,5,roulette,1.01502135991428,GPN-star
AGC,22,M,5,carlson,1.05673287527569,GPN-star
AGC,22,M,5,gnomad,0.999999999995567,GPN-star
AGC,22,P,5,roulette,0.993074975459159,GPN-star
AGC,22,P,5,carlson,1.0314956235671,GPN-star
AGC,22,P,5,gnomad,0.999999999995572,GPN-star
AGC,22,V,5,roulette,0.974154018297297,GPN-star
AGC,22,V,5,carlson,1.00989028137744,GPN-star
AGC,22,V,5,gnomad,0.999999999995661,GPN-star
AGC,22,M,6,roulette,1.01751011382818,GPN-star
AGC,22,M,6,carlson,1.05688156247322,GPN-star
AGC,22,M,6,gnomad,0.999999999995572,GPN-star
AGC,22,P,6,roulette,0.999066041226476,GPN-star
AGC,22,P,6,carlson,1.0264487918245,GPN-star
AGC,22,P,6,gnomad,0.999999999995626,GPN-star
AGC,22,V,6,roulette,0.976751375854767,GPN-star
AGC,22,V,6,carlson,1.00752331055909,GPN-star
AGC,22,V,6,gnomad,0.999999999995658,GPN-star
AGC,22,M,7,roulette,1.01117323358502,GPN-star
AGC,22,M,7,carlson,1.05155501489854,GPN-star
AGC,22,M,7,gnomad,0.999999999995569,GPN-star
AGC,22,P,7,roulette,0.997765943022019,GPN-star
AGC,22,P,7,carlson,1.02071369498695,GPN-star
AGC,22,P,7,gnomad,0.999999999995628,GPN-star
AGC,22,V,7,roulette,0.972247052736505,GPN-star
AGC,22,V,7,carlson,1.00899266150158,GPN-star
AGC,22,V,7,gnomad,0.999999999995669,GPN-star
AGC,22,M,8,roulette,1.00194983736341,GPN-star
AGC,22,M,8,carlson,1.04219439285554,GPN-star
AGC,22,M,8,gnomad,0.999999999995569,GPN-star
AGC,22,P,8,roulette,0.990491256146832,GPN-star
AGC,22,P,8,carlson,1.0141004704817,GPN-star
AGC,22,P,8,gnomad,0.999999999995602,GPN-star
AGC,22,V,8,roulette,0.96632971843775,GPN-star
AGC,22,V,8,carlson,1.00236179870274,GPN-star
AGC,22,V,8,gnomad,0.999999999995803,GPN-star
AGC,22,M,9,roulette,0.994517239632402,GPN-star
AGC,22,M,9,carlson,1.03919715013223,GPN-star
AGC,22,M,9,gnomad,0.999999999995569,GPN-star
AGC,22,P,9,roulette,0.98592367142307,GPN-star
AGC,22,P,9,carlson,1.01135164747794,GPN-star
AGC,22,P,9,gnomad,0.999999999995569,GPN-star
AGC,22,V,9,roulette,0.961720413708205,GPN-star
AGC,22,V,9,carlson,0.991408329539962,GPN-star
AGC,22,V,9,gnomad,0.999999999996069,GPN-star
AGC,22,M,10,roulette,0.988641966803709,GPN-star
AGC,22,M,10,carlson,1.03517405966446,GPN-star
AGC,22,M,10,gnomad,0.999999999995569,GPN-star
AGC,22,P,10,roulette,0.980892757185277,GPN-star
AGC,22,P,10,carlson,1.00870206891486,GPN-star
AGC,22,P,10,gnomad,0.999999999995575,GPN-star
AGC,22,V,10,roulette,0.959597448668063,GPN-star
AGC,22,V,10,carlson,0.991670887168213,GPN-star
AGC,22,V,10,gnomad,0.999999999996233,GPN-star
AGC,22,M,11,roulette,0.984727862379946,GPN-star
AGC,22,M,11,carlson,1.02928293083349,GPN-star
AGC,22,M,11,gnomad,0.999999999995564,GPN-star
AGC,22,P,11,roulette,0.979735456416079,GPN-star
AGC,22,P,11,carlson,1.00579491645989,GPN-star
AGC,22,P,11,gnomad,0.999999999995583,GPN-star
AGC,22,V,11,roulette,0.965116683749297,GPN-star
AGC,22,V,11,carlson,1.00209904160421,GPN-star
AGC,22,V,11,gnomad,0.999999999996289,GPN-star
AGC,22,M,12,roulette,0.977644168666656,GPN-star
AGC,22,M,12,carlson,1.02638802891742,GPN-star
AGC,22,M,12,gnomad,0.999999999995564,GPN-star
AGC,22,P,12,roulette,0.97695663129299,GPN-star
AGC,22,P,12,carlson,1.00413199102309,GPN-star
AGC,22,P,12,gnomad,0.99999999999558,GPN-star
AGC,22,V,12,roulette,0.968388752401056,GPN-star
AGC,22,V,12,carlson,1.00810991108969,GPN-star
AGC,22,V,12,gnomad,0.999999999996287,GPN-star
AGG,22,M,1,roulette,0.942789545296705,GPN-star
AGG,22,M,1,carlson,0.95528514479571,GPN-star
AGG,22,M,1,gnomad,0.999999999996823,GPN-star
AGG,22,P,1,roulette,0.944256706569285,GPN-star
AGG,22,P,1,carlson,0.95396263397176,GPN-star
AGG,22,P,1,gnomad,0.999999999996825,GPN-star
AGG,22,V,1,roulette,0.943444760811657,GPN-star
AGG,22,V,1,carlson,0.948500408005116,GPN-star
AGG,22,V,1,gnomad,0.999999999996901,GPN-star
AGG,22,M,2,roulette,0.938287770827588,GPN-star
AGG,22,M,2,carlson,0.990225180926302,GPN-star
AGG,22,M,2,gnomad,0.99999999999681,GPN-star
AGG,22,P,2,roulette,0.940369317660328,GPN-star
AGG,22,P,2,carlson,0.992250077475616,GPN-star
AGG,22,P,2,gnomad,0.999999999996846,GPN-star
AGG,22,V,2,roulette,0.953756876901623,GPN-star
AGG,22,V,2,carlson,0.982797515085398,GPN-star
AGG,22,V,2,gnomad,0.999999999996917,GPN-star
AGG,22,M,3,roulette,0.951691936884708,GPN-star
AGG,22,M,3,carlson,1.00344747757024,GPN-star
AGG,22,M,3,gnomad,0.999999999996802,GPN-star
AGG,22,P,3,roulette,0.970293663270295,GPN-star
AGG,22,P,3,carlson,1.01418397256849,GPN-star
AGG,22,P,3,gnomad,0.999999999996867,GPN-star
AGG,22,V,3,roulette,0.976498055788888,GPN-star
AGG,22,V,3,carlson,1.00982283771954,GPN-star
AGG,22,V,3,gnomad,0.999999999996924,GPN-star
AGG,22,M,4,roulette,0.983648042642408,GPN-star
AGG,22,M,4,carlson,1.03279224278235,GPN-star
AGG,22,M,4,gnomad,0.99999999999682,GPN-star
AGG,22,P,4,roulette,0.979116874233715,GPN-star
AGG,22,P,4,carlson,1.01473806760509,GPN-star
AGG,22,P,4,gnomad,0.999999999996854,GPN-star
AGG,22,V,4,roulette,0.982224690841726,GPN-star
AGG,22,V,4,carlson,1.0084286328298,GPN-star
AGG,22,V,4,gnomad,0.999999999996914,GPN-star
AGG,22,M,5,roulette,1.00384283028371,GPN-star
AGG,22,M,5,carlson,1.04869690873448,GPN-star
AGG,22,M,5,gnomad,0.999999999996826,GPN-star
AGG,22,P,5,roulette,0.980068227803492,GPN-star
AGG,22,P,5,carlson,1.01681355658619,GPN-star
AGG,22,P,5,gnomad,0.999999999996859,GPN-star
AGG,22,V,5,roulette,0.972918866161495,GPN-star
AGG,22,V,5,carlson,1.00428519507626,GPN-star
AGG,22,V,5,gnomad,0.999999999996914,GPN-star
AGG,22,M,6,roulette,1.00258525165136,GPN-star
AGG,22,M,6,carlson,1.04485711943648,GPN-star
AGG,22,M,6,gnomad,0.999999999996826,GPN-star
AGG,22,P,6,roulette,0.988228163069408,GPN-star
AGG,22,P,6,carlson,1.02054398901076,GPN-star
AGG,22,P,6,gnomad,0.999999999996865,GPN-star
AGG,22,V,6,roulette,0.973341168228175,GPN-star
AGG,22,V,6,carlson,1.00032087265241,GPN-star
AGG,22,V,6,gnomad,0.999999999996919,GPN-star
AGG,22,M,7,roulette,0.995719749513615,GPN-star
AGG,22,M,7,carlson,1.03936283760491,GPN-star
AGG,22,M,7,gnomad,0.999999999996831,GPN-star
AGG,22,P,7,roulette,0.987147536746505,GPN-star
AGG,22,P,7,carlson,1.01475121586617,GPN-star
AGG,22,P,7,gnomad,0.999999999996865,GPN-star
AGG,22,V,7,roulette,0.969115898256587,GPN-star
AGG,22,V,7,carlson,0.993373853748081,GPN-star
AGG,22,V,7,gnomad,0.999999999996927,GPN-star
AGG,22,M,8,roulette,0.983614489815444,GPN-star
AGG,22,M,8,carlson,1.02745471068134,GPN-star
AGG,22,M,8,gnomad,0.999999999996831,GPN-star
AGG,22,P,8,roulette,0.982924160068476,GPN-star
AGG,22,P,8,carlson,1.01136166785397,GPN-star
AGG,22,P,8,gnomad,0.999999999996859,GPN-star
AGG,22,V,8,roulette,0.966751605229001,GPN-star
AGG,22,V,8,carlson,0.993268008022862,GPN-star
AGG,22,V,8,gnomad,0.999999999996945,GPN-star
AGG,22,M,9,roulette,0.976445796488267,GPN-star
AGG,22,M,9,carlson,1.02078663266708,GPN-star
AGG,22,M,9,gnomad,0.999999999996841,GPN-star
AGG,22,P,9,roulette,0.981780861647617,GPN-star
AGG,22,P,9,carlson,1.00868930777536,GPN-star
AGG,22,P,9,gnomad,0.999999999996859,GPN-star
AGG,22,V,9,roulette,0.964430325138686,GPN-star
AGG,22,V,9,carlson,0.988562865096062,GPN-star
AGG,22,V,9,gnomad,0.999999999996976,GPN-star
AGG,22,M,10,roulette,0.97332260101672,GPN-star
AGG,22,M,10,carlson,1.01909931559478,GPN-star
AGG,22,M,10,gnomad,0.999999999996844,GPN-star
AGG,22,P,10,roulette,0.979596708662119,GPN-star
AGG,22,P,10,carlson,1.00765154134501,GPN-star
AGG,22,P,10,gnomad,0.999999999996849,GPN-star
AGG,22,V,10,roulette,0.957516407886759,GPN-star
AGG,22,V,10,carlson,0.983395652627968,GPN-star
AGG,22,V,10,gnomad,0.999999999996776,GPN-star
AGG,22,M,11,roulette,0.971595487019163,GPN-star
AGG,22,M,11,carlson,1.01538866274209,GPN-star
AGG,22,M,11,gnomad,0.999999999996852,GPN-star
AGG,22,P,11,roulette,0.980171515987928,GPN-star
AGG,22,P,11,carlson,1.00656382338747,GPN-star
AGG,22,P,11,gnomad,0.999999999996844,GPN-star
AGG,22,V,11,roulette,0.952264033463074,GPN-star
AGG,22,V,11,carlson,0.982970762716523,GPN-star
AGG,22,V,11,gnomad,0.99999999999662,GPN-star
AGG,22,M,12,roulette,0.970243540845789,GPN-star
AGG,22,M,12,carlson,1.01549353836671,GPN-star
AGG,22,M,12,gnomad,0.99999999999686,GPN-star
AGG,22,P,12,roulette,0.980792572652878,GPN-star
AGG,22,P,12,carlson,1.00360677193558,GPN-star
AGG,22,P,12,gnomad,0.999999999996846,GPN-star
AGG,22,V,12,roulette,0.955434522161227,GPN-star
AGG,22,V,12,carlson,0.988996834161798,GPN-star
AGG,22,V,12,gnomad,0.999999999996589,GPN-star
AGT,22,M,1,roulette,0.940907032848082,GPN-star
AGT,22,M,1,carlson,0.924582297304619,GPN-star
AGT,22,M,1,gnomad,0.999999999994625,GPN-star
AGT,22,P,1,roulette,0.940732136447063,GPN-star
AGT,22,P,1,carlson,0.933455561449148,GPN-star
AGT,22,P,1,gnomad,0.999999999994634,GPN-star
AGT,22,V,1,roulette,0.943653564793154,GPN-star
AGT,22,V,1,carlson,0.926794407507611,GPN-star
AGT,22,V,1,gnomad,0.999999999994833,GPN-star
AGT,22,M,2,roulette,0.938061194967834,GPN-star
AGT,22,M,2,carlson,0.97439597290276,GPN-star
AGT,22,M,2,gnomad,0.999999999994603,GPN-star
AGT,22,P,2,roulette,0.932341156868434,GPN-star
AGT,22,P,2,carlson,0.979282667026856,GPN-star
AGT,22,P,2,gnomad,0.999999999994675,GPN-star
AGT,22,V,2,roulette,0.948661626331821,GPN-star
AGT,22,V,2,carlson,0.973751212396615,GPN-star
AGT,22,V,2,gnomad,0.999999999994826,GPN-star
AGT,22,M,3,roulette,0.94732661947468,GPN-star
AGT,22,M,3,carlson,0.991937657364989,GPN-star
AGT,22,M,3,gnomad,0.999999999994658,GPN-star
AGT,22,P,3,roulette,0.950516649413863,GPN-star
AGT,22,P,3,carlson,0.99403603497905,GPN-star
AGT,22,P,3,gnomad,0.999999999994744,GPN-star
AGT,22,V,3,roulette,0.958135791417705,GPN-star
AGT,22,V,3,carlson,0.994413504721228,GPN-star
AGT,22,V,3,gnomad,0.999999999994895,GPN-star
AGT,22,M,4,roulette,0.968749830472117,GPN-star
AGT,22,M,4,carlson,1.00662607067964,GPN-star
AGT,22,M,4,gnomad,0.999999999994766,GPN-star
AGT,22,P,4,roulette,0.963522684294346,GPN-star
AGT,22,P,4,carlson,1.00112857351666,GPN-star
AGT,22,P,4,gnomad,0.999999999994761,GPN-star
AGT,22,V,4,roulette,0.959502264544519,GPN-star
AGT,22,V,4,carlson,0.997218974540101,GPN-star
AGT,22,V,4,gnomad,0.999999999994933,GPN-star
AGT,22,M,5,roulette,0.975963722605688,GPN-star
AGT,22,M,5,carlson,1.01383565246331,GPN-star
AGT,22,M,5,gnomad,0.999999999994656,GPN-star
AGT,22,P,5,roulette,0.97626851663736,GPN-star
AGT,22,P,5,carlson,1.00781961225852,GPN-star
AGT,22,P,5,gnomad,0.999999999994747,GPN-star
AGT,22,V,5,roulette,0.966638264948258,GPN-star
AGT,22,V,5,carlson,0.997487739207824,GPN-star
AGT,22,V,5,gnomad,0.999999999994941,GPN-star
AGT,22,M,6,roulette,0.982484512087882,GPN-star
AGT,22,M,6,carlson,1.01330473931578,GPN-star
AGT,22,M,6,gnomad,0.999999999994682,GPN-star
AGT,22,P,6,roulette,0.98133349092849,GPN-star
AGT,22,P,6,carlson,1.01167508938688,GPN-star
AGT,22,P,6,gnomad,0.999999999994692,GPN-star
AGT,22,V,6,roulette,0.963695305681517,GPN-star
AGT,22,V,6,carlson,0.993768506593637,GPN-star
AGT,22,V,6,gnomad,0.999999999994945,GPN-star
AGT,22,M,7,roulette,0.979626689645725,GPN-star
AGT,22,M,7,carlson,1.01377800485869,GPN-star
AGT,22,M,7,gnomad,0.999999999994711,GPN-star
AGT,22,P,7,roulette,0.980462233631881,GPN-star
AGT,22,P,7,carlson,1.00833410706234,GPN-star
AGT,22,P,7,gnomad,0.99999999999468,GPN-star
AGT,22,V,7,roulette,0.963460979229003,GPN-star
AGT,22,V,7,carlson,0.992181008060606,GPN-star
AGT,22,V,7,gnomad,0.999999999994957,GPN-star
AGT,22,M,8,roulette,0.976369889929184,GPN-star
AGT,22,M,8,carlson,1.01165684524821,GPN-star
AGT,22,M,8,gnomad,0.999999999994737,GPN-star
AGT,22,P,8,roulette,0.978210965331876,GPN-star
AGT,22,P,8,carlson,1.00778386487474,GPN-star
AGT,22,P,8,gnomad,0.99999999999472,GPN-star
AGT,22,V,8,roulette,0.961544438500292,GPN-star
AGT,22,V,8,carlson,0.99609950440775,GPN-star
AGT,22,V,8,gnomad,0.999999999994811,GPN-star
AGT,22,M,9,roulette,0.973276437020277,GPN-star
AGT,22,M,9,carlson,1.00757000624903,GPN-star
AGT,22,M,9,gnomad,0.999999999994768,GPN-star
AGT,22,P,9,roulette,0.978073332323481,GPN-star
AGT,22,P,9,carlson,1.00594539127446,GPN-star
AGT,22,P,9,gnomad,0.999999999994764,GPN-star
AGT,22,V,9,roulette,0.959976427759796,GPN-star
AGT,22,V,9,carlson,0.993602706037362,GPN-star
AGT,22,V,9,gnomad,0.999999999994601,GPN-star
AGT,22,M,10,roulette,0.968849689391803,GPN-star
AGT,22,M,10,carlson,1.0073158471796,GPN-star
AGT,22,M,10,gnomad,0.999999999994768,GPN-star
AGT,22,P,10,roulette,0.975598813455147,GPN-star
AGT,22,P,10,carlson,1.00530259802717,GPN-star
AGT,22,P,10,gnomad,0.999999999994768,GPN-star
AGT,22,V,10,roulette,0.957245109756749,GPN-star
AGT,22,V,10,carlson,0.996169042380942,GPN-star
AGT,22,V,10,gnomad,0.999999999994553,GPN-star
AGT,22,M,11,roulette,0.970268408175119,GPN-star
AGT,22,M,11,carlson,1.01058322272577,GPN-star
AGT,22,M,11,gnomad,0.999999999994766,GPN-star
AGT,22,P,11,roulette,0.978795658039631,GPN-star
AGT,22,P,11,carlson,1.00558292619093,GPN-star
AGT,22,P,11,gnomad,0.999999999994756,GPN-star
AGT,22,V,11,roulette,0.957908377502502,GPN-star
AGT,22,V,11,carlson,0.998785690046313,GPN-star
AGT,22,V,11,gnomad,0.999999999994589,GPN-star
AGT,22,M,12,roulette,0.966922104421327,GPN-star
AGT,22,M,12,carlson,1.00286798052785,GPN-star
AGT,22,M,12,gnomad,0.999999999994766,GPN-star
AGT,22,P,12,roulette,0.978626569761317,GPN-star
AGT,22,P,12,carlson,1.00485930387674,GPN-star
AGT,22,P,12,gnomad,0.999999999994771,GPN-star
AGT,22,V,12,roulette,0.960903386253017,GPN-star
AGT,22,V,12,carlson,1.00068640954014,GPN-star
AGT,22,V,12,gnomad,0.999999999994646,GPN-star
ATA,22,M,1,roulette,0.905959097771628,GPN-star
ATA,22,M,1,carlson,1.10099176992162,GPN-star
ATA,22,M,1,gnomad,1.00000000000437,GPN-star
ATA,22,P,1,roulette,0.887919619116041,GPN-star
ATA,22,P,1,carlson,1.06636657565791,GPN-star
ATA,22,P,1,gnomad,1.00000000000444,GPN-star
ATA,22,V,1,roulette,0.907792571660786,GPN-star
ATA,22,V,1,carlson,1.07226429201329,GPN-star
ATA,22,V,1,gnomad,1.00000000000461,GPN-star
ATA,22,M,2,roulette,0.794310567257078,GPN-star
ATA,22,M,2,carlson,0.906959701193086,GPN-star
ATA,22,M,2,gnomad,1.00000000000439,GPN-star
ATA,22,P,2,roulette,0.81971742015982,GPN-star
ATA,22,P,2,carlson,0.926960622734717,GPN-star
ATA,22,P,2,gnomad,1.00000000000446,GPN-star
ATA,22,V,2,roulette,0.837216001276626,GPN-star
ATA,22,V,2,carlson,0.847066602809183,GPN-star
ATA,22,V,2,gnomad,1.00000000000463,GPN-star
ATA,22,M,3,roulette,0.826899471125201,GPN-star
ATA,22,M,3,carlson,0.925780194490722,GPN-star
ATA,22,M,3,gnomad,1.0000000000044,GPN-star
ATA,22,P,3,roulette,0.874830451812345,GPN-star
ATA,22,P,3,carlson,0.970648370890859,GPN-star
ATA,22,P,3,gnomad,1.00000000000447,GPN-star
ATA,22,V,3,roulette,0.933036747334621,GPN-star
ATA,22,V,3,carlson,0.898170316047832,GPN-star
ATA,22,V,3,gnomad,1.00000000000447,GPN-star
ATA,22,M,4,roulette,0.875343126659693,GPN-star
ATA,22,M,4,carlson,0.974980910041177,GPN-star
ATA,22,M,4,gnomad,1.00000000000441,GPN-star
ATA,22,P,4,roulette,0.907358132378057,GPN-star
ATA,22,P,4,carlson,0.984410330005256,GPN-star
ATA,22,P,4,gnomad,1.00000000000447,GPN-star
ATA,22,V,4,roulette,0.959937588250504,GPN-star
ATA,22,V,4,carlson,0.955080604874613,GPN-star
ATA,22,V,4,gnomad,1.00000000000449,GPN-star
ATA,22,M,5,roulette,0.911786064486539,GPN-star
ATA,22,M,5,carlson,1.00230669045302,GPN-star
ATA,22,M,5,gnomad,1.00000000000439,GPN-star
ATA,22,P,5,roulette,0.928964579279626,GPN-star
ATA,22,P,5,carlson,0.992957808306333,GPN-star
ATA,22,P,5,gnomad,1.00000000000446,GPN-star
ATA,22,V,5,roulette,0.959875190639624,GPN-star
ATA,22,V,5,carlson,0.961237465225485,GPN-star
ATA,22,V,5,gnomad,1.00000000000459,GPN-star
ATA,22,M,6,roulette,0.934442057497689,GPN-star
ATA,22,M,6,carlson,1.0184261655568,GPN-star
ATA,22,M,6,gnomad,1.00000000000431,GPN-star
ATA,22,P,6,roulette,0.944731591754482,GPN-star
ATA,22,P,6,carlson,1.00368365323623,GPN-star
ATA,22,P,6,gnomad,1.00000000000448,GPN-star
ATA,22,V,6,roulette,0.949482355308506,GPN-star
ATA,22,V,6,carlson,0.964918486251237,GPN-star
ATA,22,V,6,gnomad,1.00000000000464,GPN-star
ATA,22,M,7,roulette,0.933653447694619,GPN-star
ATA,22,M,7,carlson,1.02420245022893,GPN-star
ATA,22,M,7,gnomad,1.00000000000428,GPN-star
ATA,22,P,7,roulette,0.958110987624485,GPN-star
ATA,22,P,7,carlson,1.01815082138588,GPN-star
ATA,22,P,7,gnomad,1.00000000000448,GPN-star
ATA,22,V,7,roulette,0.950524969370564,GPN-star
ATA,22,V,7,carlson,0.970425355511689,GPN-star
ATA,22,V,7,gnomad,1.00000000000463,GPN-star
ATA,22,M,8,roulette,0.952203614642325,GPN-star
ATA,22,M,8,carlson,1.03207815884997,GPN-star
ATA,22,M,8,gnomad,1.0000000000043,GPN-star
ATA,22,P,8,roulette,0.949303038399574,GPN-star
ATA,22,P,8,carlson,1.00048281084383,GPN-star
ATA,22,P,8,gnomad,1.00000000000448,GPN-star
ATA,22,V,8,roulette,0.9498891572315,GPN-star
ATA,22,V,8,carlson,0.987748836220231,GPN-star
ATA,22,V,8,gnomad,1.00000000000462,GPN-star
ATA,22,M,9,roulette,0.956643014045522,GPN-star
ATA,22,M,9,carlson,1.0322883424883,GPN-star
ATA,22,M,9,gnomad,1.00000000000434,GPN-star
ATA,22,P,9,roulette,0.965759055846782,GPN-star
ATA,22,P,9,carlson,1.00889186224089,GPN-star
ATA,22,P,9,gnomad,1.00000000000448,GPN-star
ATA,22,V,9,roulette,0.957423580495736,GPN-star
ATA,22,V,9,carlson,1.02389675370991,GPN-star
ATA,22,V,9,gnomad,1.0000000000046,GPN-star
ATA,22,M,10,roulette,0.961502367281419,GPN-star
ATA,22,M,10,carlson,1.04317648291076,GPN-star
ATA,22,M,10,gnomad,1.00000000000442,GPN-star
ATA,22,P,10,roulette,0.968972922877252,GPN-star
ATA,22,P,10,carlson,1.01289867694562,GPN-star
ATA,22,P,10,gnomad,1.00000000000448,GPN-star
ATA,22,V,10,roulette,0.956640185385004,GPN-star
ATA,22,V,10,carlson,1.03044187869022,GPN-star
ATA,22,V,10,gnomad,1.00000000000459,GPN-star
ATA,22,M,11,roulette,0.972218543641968,GPN-star
ATA,22,M,11,carlson,1.04138562840358,GPN-star
ATA,22,M,11,gnomad,1.00000000000441,GPN-star
ATA,22,P,11,roulette,0.974159532122125,GPN-star
ATA,22,P,11,carlson,1.01986084949347,GPN-star
ATA,22,P,11,gnomad,1.00000000000447,GPN-star
ATA,22,V,11,roulette,0.945282649505443,GPN-star
ATA,22,V,11,carlson,1.01529411659666,GPN-star
ATA,22,V,11,gnomad,1.0000000000046,GPN-star
ATA,22,M,12,roulette,0.977205362937704,GPN-star
ATA,22,M,12,carlson,1.05397793379967,GPN-star
ATA,22,M,12,gnomad,1.00000000000441,GPN-star
ATA,22,P,12,roulette,0.978670405061068,GPN-star
ATA,22,P,12,carlson,1.0234514356327,GPN-star
ATA,22,P,12,gnomad,1.00000000000448,GPN-star
ATA,22,V,12,roulette,0.931693595751575,GPN-star
ATA,22,V,12,carlson,0.981858322286002,GPN-star
ATA,22,V,12,gnomad,1.0000000000046,GPN-star
ATC,22,M,1,roulette,0.933366249587635,GPN-star
ATC,22,M,1,carlson,0.886764095024318,GPN-star
ATC,22,M,1,gnomad,0.999999999997173,GPN-star
ATC,22,P,1,roulette,0.926001192016522,GPN-star
ATC,22,P,1,carlson,0.87651832944831,GPN-star
ATC,22,P,1,gnomad,0.999999999997137,GPN-star
ATC,22,V,1,roulette,0.942023124315792,GPN-star
ATC,22,V,1,carlson,0.885178658242639,GPN-star
ATC,22,V,1,gnomad,0.999999999996969,GPN-star
ATC,22,M,2,roulette,0.947472428087342,GPN-star
ATC,22,M,2,carlson,1.00364901600867,GPN-star
ATC,22,M,2,gnomad,0.999999999997166,GPN-star
ATC,22,P,2,roulette,0.957119426573201,GPN-star
ATC,22,P,2,carlson,1.01404975260985,GPN-star
ATC,22,P,2,gnomad,0.999999999997137,GPN-star
ATC,22,V,2,roulette,0.966536628801935,GPN-star
ATC,22,V,2,carlson,1.00996472448284,GPN-star
ATC,22,V,2,gnomad,0.999999999996959,GPN-star
ATC,22,M,3,roulette,0.97375003376565,GPN-star
ATC,22,M,3,carlson,1.04564404768709,GPN-star
ATC,22,M,3,gnomad,0.999999999997173,GPN-star
ATC,22,P,3,roulette,0.997692623197468,GPN-star
ATC,22,P,3,carlson,1.05057940093172,GPN-star
ATC,22,P,3,gnomad,0.999999999997137,GPN-star
ATC,22,V,3,roulette,0.992701043917132,GPN-star
ATC,22,V,3,carlson,1.04546493435452,GPN-star
ATC,22,V,3,gnomad,0.999999999996959,GPN-star
ATC,22,M,4,roulette,0.998726774180081,GPN-star
ATC,22,M,4,carlson,1.0665386547449,GPN-star
ATC,22,M,4,gnomad,0.999999999997173,GPN-star
ATC,22,P,4,roulette,1.01237321930498,GPN-star
ATC,22,P,4,carlson,1.0537949621197,GPN-star
ATC,22,P,4,gnomad,0.999999999997138,GPN-star
ATC,22,V,4,roulette,1.0052169262676,GPN-star
ATC,22,V,4,carlson,1.0451947444359,GPN-star
ATC,22,V,4,gnomad,0.999999999996959,GPN-star
ATC,22,M,5,roulette,1.01013709041858,GPN-star
ATC,22,M,5,carlson,1.07408829070872,GPN-star
ATC,22,M,5,gnomad,0.999999999997173,GPN-star
ATC,22,P,5,roulette,1.01259646498867,GPN-star
ATC,22,P,5,carlson,1.04894416754187,GPN-star
ATC,22,P,5,gnomad,0.999999999997141,GPN-star
ATC,22,V,5,roulette,1.00405947054704,GPN-star
ATC,22,V,5,carlson,1.03725274144426,GPN-star
ATC,22,V,5,gnomad,0.999999999996955,GPN-star
ATC,22,M,6,roulette,1.01839577743168,GPN-star
ATC,22,M,6,carlson,1.07026351710533,GPN-star
ATC,22,M,6,gnomad,0.99999999999717,GPN-star
ATC,22,P,6,roulette,0.998286444100154,GPN-star
ATC,22,P,6,carlson,1.0356388735963,GPN-star
ATC,22,P,6,gnomad,0.999999999997137,GPN-star
ATC,22,V,6,roulette,1.01423419139046,GPN-star
ATC,22,V,6,carlson,1.04909219178911,GPN-star
ATC,22,V,6,gnomad,0.999999999996955,GPN-star
ATC,22,M,7,roulette,1.01553858053531,GPN-star
ATC,22,M,7,carlson,1.07111794230888,GPN-star
ATC,22,M,7,gnomad,0.99999999999717,GPN-star
ATC,22,P,7,roulette,0.999619549330749,GPN-star
ATC,22,P,7,carlson,1.03544759159961,GPN-star
ATC,22,P,7,gnomad,0.999999999997138,GPN-star
ATC,22,V,7,roulette,0.997754530370672,GPN-star
ATC,22,V,7,carlson,1.03272799592596,GPN-star
ATC,22,V,7,gnomad,0.999999999996948,GPN-star
ATC,22,M,8,roulette,1.01276664208801,GPN-star
ATC,22,M,8,carlson,1.06232211149964,GPN-star
ATC,22,M,8,gnomad,0.99999999999717,GPN-star
ATC,22,P,8,roulette,0.996636998467844,GPN-star
ATC,22,P,8,carlson,1.02890499403114,GPN-star
ATC,22,P,8,gnomad,0.999999999997137,GPN-star
ATC,22,V,8,roulette,0.999302907820753,GPN-star
ATC,22,V,8,carlson,1.03740443760659,GPN-star
ATC,22,V,8,gnomad,0.999999999996941,GPN-star
ATC,22,M,9,roulette,1.01374491741228,GPN-star
ATC,22,M,9,carlson,1.06544510599647,GPN-star
ATC,22,M,9,gnomad,0.99999999999717,GPN-star
ATC,22,P,9,roulette,0.992347702495854,GPN-star
ATC,22,P,9,carlson,1.02178975619548,GPN-star
ATC,22,P,9,gnomad,0.999999999997137,GPN-star
ATC,22,V,9,roulette,0.997174328734271,GPN-star
ATC,22,V,9,carlson,1.02807904273889,GPN-star
ATC,22,V,9,gnomad,0.999999999996919,GPN-star
ATC,22,M,10,roulette,1.0074703692459,GPN-star
ATC,22,M,10,carlson,1.05815941454984,GPN-star
ATC,22,M,10,gnomad,0.999999999997166,GPN-star
ATC,22,P,10,roulette,0.98548342145995,GPN-star
ATC,22,P,10,carlson,1.01562903632792,GPN-star
ATC,22,P,10,gnomad,0.999999999997134,GPN-star
ATC,22,V,10,roulette,0.971146610318553,GPN-star
ATC,22,V,10,carlson,1.01586468598379,GPN-star
ATC,22,V,10,gnomad,0.999999999996916,GPN-star
ATC,22,M,11,roulette,1.00852225655625,GPN-star
ATC,22,M,11,carlson,1.05002887911262,GPN-star
ATC,22,M,11,gnomad,0.999999999997166,GPN-star
ATC,22,P,11,roulette,0.987860798591139,GPN-star
ATC,22,P,11,carlson,1.01823463898524,GPN-star
ATC,22,P,11,gnomad,0.99999999999713,GPN-star
ATC,22,V,11,roulette,0.979650464152845,GPN-star
ATC,22,V,11,carlson,1.02741146416407,GPN-star
ATC,22,V,11,gnomad,0.999999999996926,GPN-star
ATC,22,M,12,roulette,1.00263577260397,GPN-star
ATC,22,M,12,carlson,1.04109125254952,GPN-star
ATC,22,M,12,gnomad,0.999999999997163,GPN-star
ATC,22,P,12,roulette,0.979513544224318,GPN-star
ATC,22,P,12,carlson,1.0143300277771,GPN-star
ATC,22,P,12,gnomad,0.99999999999713,GPN-star
ATC,22,V,12,roulette,0.97872202591388,GPN-star
ATC,22,V,12,carlson,1.02794619944522,GPN-star
ATC,22,V,12,gnomad,0.999999999996937,GPN-star
ATG,22,M,1,roulette,0.917299663956596,GPN-star
ATG,22,M,1,carlson,0.923341372796734,GPN-star
ATG,22,M,1,gnomad,0.999999999995976,GPN-star
ATG,22,P,1,roulette,0.921179060694622,GPN-star
ATG,22,P,1,carlson,0.916584251320143,GPN-star
ATG,22,P,1,gnomad,0.999999999995914,GPN-star
ATG,22,V,1,roulette,0.924409001973423,GPN-star
ATG,22,V,1,carlson,0.917656317988044,GPN-star
ATG,22,V,1,gnomad,1.00000000000027,GPN-star
ATG,22,M,2,roulette,0.893275913415198,GPN-star
ATG,22,M,2,carlson,0.953744124570592,GPN-star
ATG,22,M,2,gnomad,0.999999999995918,GPN-star
ATG,22,P,2,roulette,0.885672297259419,GPN-star
ATG,22,P,2,carlson,0.948324360072342,GPN-star
ATG,22,P,2,gnomad,0.999999999995967,GPN-star
ATG,22,V,2,roulette,0.908059234125589,GPN-star
ATG,22,V,2,carlson,0.941680644692767,GPN-star
ATG,22,V,2,gnomad,1.00000000000029,GPN-star
ATG,22,M,3,roulette,0.91017188691266,GPN-star
ATG,22,M,3,carlson,0.973177974077856,GPN-star
ATG,22,M,3,gnomad,0.999999999995952,GPN-star
ATG,22,P,3,roulette,0.939546646173565,GPN-star
ATG,22,P,3,carlson,0.979490062771738,GPN-star
ATG,22,P,3,gnomad,0.999999999995832,GPN-star
ATG,22,V,3,roulette,0.938844165866953,GPN-star
ATG,22,V,3,carlson,0.97291510831801,GPN-star
ATG,22,V,3,gnomad,1.00000000000015,GPN-star
ATG,22,M,4,roulette,0.943213032623076,GPN-star
ATG,22,M,4,carlson,1.0013319168439,GPN-star
ATG,22,M,4,gnomad,0.999999999995763,GPN-star
ATG,22,P,4,roulette,0.965012528914215,GPN-star
ATG,22,P,4,carlson,0.991589739428217,GPN-star
ATG,22,P,4,gnomad,0.999999999995742,GPN-star
ATG,22,V,4,roulette,0.972351516856288,GPN-star
ATG,22,V,4,carlson,0.983783627562196,GPN-star
ATG,22,V,4,gnomad,1.00000000000017,GPN-star
ATG,22,M,5,roulette,0.966926718075054,GPN-star
ATG,22,M,5,carlson,1.01367472342367,GPN-star
ATG,22,M,5,gnomad,0.999999999995688,GPN-star
ATG,22,P,5,roulette,0.979135616955389,GPN-star
ATG,22,P,5,carlson,1.00367550283597,GPN-star
ATG,22,P,5,gnomad,0.999999999995763,GPN-star
ATG,22,V,5,roulette,0.969233661962774,GPN-star
ATG,22,V,5,carlson,0.985640976142853,GPN-star
ATG,22,V,5,gnomad,1.00000000000023,GPN-star
ATG,22,M,6,roulette,0.979395770370282,GPN-star
ATG,22,M,6,carlson,1.01228501105552,GPN-star
ATG,22,M,6,gnomad,0.999999999995699,GPN-star
ATG,22,P,6,roulette,0.976577766392161,GPN-star
ATG,22,P,6,carlson,1.00010094690972,GPN-star
ATG,22,P,6,gnomad,0.999999999995793,GPN-star
ATG,22,V,6,roulette,0.967585523421319,GPN-star
ATG,22,V,6,carlson,0.983840297382929,GPN-star
ATG,22,V,6,gnomad,1.00000000000029,GPN-star
ATG,22,M,7,roulette,0.9799907202381,GPN-star
ATG,22,M,7,carlson,1.01404307582076,GPN-star
ATG,22,M,7,gnomad,0.999999999995731,GPN-star
ATG,22,P,7,roulette,0.980468181278095,GPN-star
ATG,22,P,7,carlson,0.99868373317432,GPN-star
ATG,22,P,7,gnomad,0.999999999995825,GPN-star
ATG,22,V,7,roulette,0.967485370671723,GPN-star
ATG,22,V,7,carlson,0.98303519196719,GPN-star
ATG,22,V,7,gnomad,1.00000000000025,GPN-star
ATG,22,M,8,roulette,0.980285079981424,GPN-star
ATG,22,M,8,carlson,1.01704112831627,GPN-star
ATG,22,M,8,gnomad,0.999999999995798,GPN-star
ATG,22,P,8,roulette,0.984916563204537,GPN-star
ATG,22,P,8,carlson,1.00423589176179,GPN-star
ATG,22,P,8,gnomad,0.999999999995834,GPN-star
ATG,22,V,8,roulette,0.966182216460421,GPN-star
ATG,22,V,8,carlson,0.987995552166226,GPN-star
ATG,22,V,8,gnomad,1.00000000000015,GPN-star
ATG,22,M,9,roulette,0.971020829125306,GPN-star
ATG,22,M,9,carlson,1.00587528263302,GPN-star
ATG,22,M,9,gnomad,0.99999999999583,GPN-star
ATG,22,P,9,roulette,0.983357125695448,GPN-star
ATG,22,P,9,carlson,1.00092800027959,GPN-star
ATG,22,P,9,gnomad,0.999999999995856,GPN-star
ATG,22,V,9,roulette,0.963260856883215,GPN-star
ATG,22,V,9,carlson,0.991270916424834,GPN-star
ATG,22,V,9,gnomad,0.999999999999959,GPN-star
ATG,22,M,10,roulette,0.973722525929588,GPN-star
ATG,22,M,10,carlson,1.00779581789415,GPN-star
ATG,22,M,10,gnomad,0.99999999999586,GPN-star
ATG,22,P,10,roulette,0.981032837235028,GPN-star
ATG,22,P,10,carlson,1.00490511082663,GPN-star
ATG,22,P,10,gnomad,0.999999999995927,GPN-star
ATG,22,V,10,roulette,0.962408604511621,GPN-star
ATG,22,V,10,carlson,0.993963396270961,GPN-star
ATG,22,V,10,gnomad,0.999999999999946,GPN-star
ATG,22,M,11,roulette,0.978128149382514,GPN-star
ATG,22,M,11,carlson,1.00604565156259,GPN-star
ATG,22,M,11,gnomad,0.999999999995883,GPN-star
ATG,22,P,11,roulette,0.986582802977583,GPN-star
ATG,22,P,11,carlson,1.00590671449895,GPN-star
ATG,22,P,11,gnomad,0.999999999995929,GPN-star
ATG,22,V,11,roulette,0.964931168687995,GPN-star
ATG,22,V,11,carlson,0.996781056358726,GPN-star
ATG,22,V,11,gnomad,0.999999999999948,GPN-star
ATG,22,M,12,roulette,0.977100172665104,GPN-star
ATG,22,M,12,carlson,0.999189147032201,GPN-star
ATG,22,M,12,gnomad,0.999999999995888,GPN-star
ATG,22,P,12,roulette,0.992461433236622,GPN-star
ATG,22,P,12,carlson,1.01335815403003,GPN-star
ATG,22,P,12,gnomad,0.999999999995909,GPN-star
ATG,22,V,12,roulette,0.961630663556807,GPN-star
ATG,22,V,12,carlson,1.00020698844135,GPN-star
ATG,22,V,12,gnomad,0.999999999999946,GPN-star
ATT,22,M,1,roulette,0.926850869516789,GPN-star
ATT,22,M,1,carlson,1.09976881029785,GPN-star
ATT,22,M,1,gnomad,1.0000000000027,GPN-star
ATT,22,P,1,roulette,0.89336929472187,GPN-star
ATT,22,P,1,carlson,1.04001029708846,GPN-star
ATT,22,P,1,gnomad,1.00000000000318,GPN-star
ATT,22,V,1,roulette,0.919148816130911,GPN-star
ATT,22,V,1,carlson,1.06668261398703,GPN-star
ATT,22,V,1,gnomad,1.00000000000407,GPN-star
ATT,22,M,2,roulette,0.820034988831201,GPN-star
ATT,22,M,2,carlson,0.910595805100423,GPN-star
ATT,22,M,2,gnomad,1.00000000000276,GPN-star
ATT,22,P,2,roulette,0.840191310895215,GPN-star
ATT,22,P,2,carlson,0.919657708453467,GPN-star
ATT,22,P,2,gnomad,1.00000000000323,GPN-star
ATT,22,V,2,roulette,0.829580933669002,GPN-star
ATT,22,V,2,carlson,0.901343746080359,GPN-star
ATT,22,V,2,gnomad,1.00000000000413,GPN-star
ATT,22,M,3,roulette,0.839686905367227,GPN-star
ATT,22,M,3,carlson,0.92694882876818,GPN-star
ATT,22,M,3,gnomad,1.00000000000278,GPN-star
ATT,22,P,3,roulette,0.873617682726217,GPN-star
ATT,22,P,3,carlson,0.944203520382148,GPN-star
ATT,22,P,3,gnomad,1.00000000000322,GPN-star
ATT,22,V,3,roulette,0.858910455753886,GPN-star
ATT,22,V,3,carlson,0.932384530589957,GPN-star
ATT,22,V,3,gnomad,1.00000000000413,GPN-star
ATT,22,M,4,roulette,0.901967002904099,GPN-star
ATT,22,M,4,carlson,0.985109498236973,GPN-star
ATT,22,M,4,gnomad,1.00000000000278,GPN-star
ATT,22,P,4,roulette,0.895808752357544,GPN-star
ATT,22,P,4,carlson,0.963079243606293,GPN-star
ATT,22,P,4,gnomad,1.00000000000324,GPN-star
ATT,22,V,4,roulette,0.895972953451625,GPN-star
ATT,22,V,4,carlson,0.956362159948858,GPN-star
ATT,22,V,4,gnomad,1.00000000000411,GPN-star
ATT,22,M,5,roulette,0.932081050466929,GPN-star
ATT,22,M,5,carlson,1.01746477346948,GPN-star
ATT,22,M,5,gnomad,1.00000000000278,GPN-star
ATT,22,P,5,roulette,0.925993947131547,GPN-star
ATT,22,P,5,carlson,0.983676715649829,GPN-star
ATT,22,P,5,gnomad,1.00000000000323,GPN-star
ATT,22,V,5,roulette,0.902874299385372,GPN-star
ATT,22,V,5,carlson,0.946582819103503,GPN-star
ATT,22,V,5,gnomad,1.00000000000409,GPN-star
ATT,22,M,6,roulette,0.960948761769109,GPN-star
ATT,22,M,6,carlson,1.04031101926705,GPN-star
ATT,22,M,6,gnomad,1.00000000000278,GPN-star
ATT,22,P,6,roulette,0.939935634397345,GPN-star
ATT,22,P,6,carlson,0.989638104951304,GPN-star
ATT,22,P,6,gnomad,1.00000000000322,GPN-star
ATT,22,V,6,roulette,0.906270063691706,GPN-star
ATT,22,V,6,carlson,0.953539790415174,GPN-star
ATT,22,V,6,gnomad,1.00000000000406,GPN-star
ATT,22,M,7,roulette,0.954478841072967,GPN-star
ATT,22,M,7,carlson,1.02948523279544,GPN-star
ATT,22,M,7,gnomad,1.00000000000278,GPN-star
ATT,22,P,7,roulette,0.93604942932337,GPN-star
ATT,22,P,7,carlson,0.980707237833389,GPN-star
ATT,22,P,7,gnomad,1.0000000000032,GPN-star
ATT,22,V,7,roulette,0.916647720417038,GPN-star
ATT,22,V,7,carlson,0.96023417477619,GPN-star
ATT,22,V,7,gnomad,1.00000000000402,GPN-star
ATT,22,M,8,roulette,0.94502965386504,GPN-star
ATT,22,M,8,carlson,1.01694216936105,GPN-star
ATT,22,M,8,gnomad,1.00000000000277,GPN-star
ATT,22,P,8,roulette,0.937498378963906,GPN-star
ATT,22,P,8,carlson,0.983695375587792,GPN-star
ATT,22,P,8,gnomad,1.00000000000319,GPN-star
ATT,22,V,8,roulette,0.927654613026445,GPN-star
ATT,22,V,8,carlson,0.976320474924673,GPN-star
ATT,22,V,8,gnomad,1.00000000000395,GPN-star
ATT,22,M,9,roulette,0.949869944594259,GPN-star
ATT,22,M,9,carlson,1.00990622054602,GPN-star
ATT,22,M,9,gnomad,1.00000000000275,GPN-star
ATT,22,P,9,roulette,0.947714212746567,GPN-star
ATT,22,P,9,carlson,0.995498702859896,GPN-star
ATT,22,P,9,gnomad,1.00000000000318,GPN-star
ATT,22,V,9,roulette,0.950165360466469,GPN-star
ATT,22,V,9,carlson,1.0329272539262,GPN-star
ATT,22,V,9,gnomad,1.00000000000382,GPN-star
ATT,22,M,10,roulette,0.944407876362101,GPN-star
ATT,22,M,10,carlson,1.02178330557326,GPN-star
ATT,22,M,10,gnomad,1.00000000000273,GPN-star
ATT,22,P,10,roulette,0.947840824235377,GPN-star
ATT,22,P,10,carlson,0.992632887737234,GPN-star
ATT,22,P,10,gnomad,1.00000000000315,GPN-star
ATT,22,V,10,roulette,0.971537271791595,GPN-star
ATT,22,V,10,carlson,1.05563073767564,GPN-star
ATT,22,V,10,gnomad,1.00000000000374,GPN-star
ATT,22,M,11,roulette,0.957434095639442,GPN-star
ATT,22,M,11,carlson,1.03452454501129,GPN-star
ATT,22,M,11,gnomad,1.0000000000027,GPN-star
ATT,22,P,11,roulette,0.960839829854321,GPN-star
ATT,22,P,11,carlson,0.999629985618181,GPN-star
ATT,22,P,11,gnomad,1.00000000000313,GPN-star
ATT,22,V,11,roulette,0.961796450528827,GPN-star
ATT,22,V,11,carlson,1.05655738930022,GPN-star
ATT,22,V,11,gnomad,1.00000000000375,GPN-star
ATT,22,M,12,roulette,0.970710577594554,GPN-star
ATT,22,M,12,carlson,1.04633204527968,GPN-star
ATT,22,M,12,gnomad,1.00000000000268,GPN-star
ATT,22,P,12,roulette,0.965347879574393,GPN-star
ATT,22,P,12,carlson,1.01042033401504,GPN-star
ATT,22,P,12,gnomad,1.00000000000313,GPN-star
ATT,22,V,12,roulette,0.933241301546911,GPN-star
ATT,22,V,12,carlson,1.00606816563545,GPN-star
ATT,22,V,12,gnomad,1.00000000000383,GPN-star
CAA,22,M,1,roulette,0.951752612158325,GPN-star
CAA,22,M,1,carlson,1.01059677815786,GPN-star
CAA,22,M,1,gnomad,1.00000000001054,GPN-star
CAA,22,P,1,roulette,0.944286858779907,GPN-star
CAA,22,P,1,carlson,1.00207166709676,GPN-star
CAA,22,P,1,gnomad,1.00000000001074,GPN-star
CAA,22,V,1,roulette,0.960098194336469,GPN-star
CAA,22,V,1,carlson,1.00445307712174,GPN-star
CAA,22,V,1,gnomad,1.00000000001259,GPN-star
CAA,22,M,2,roulette,0.939262380419971,GPN-star
CAA,22,M,2,carlson,1.00439466010395,GPN-star
CAA,22,M,2,gnomad,1.00000000001056,GPN-star
CAA,22,P,2,roulette,0.952615098620505,GPN-star
CAA,22,P,2,carlson,1.00944331006543,GPN-star
CAA,22,P,2,gnomad,1.00000000001077,GPN-star
CAA,22,V,2,roulette,0.954172403335309,GPN-star
CAA,22,V,2,carlson,0.998955560489021,GPN-star
CAA,22,V,2,gnomad,1.00000000001261,GPN-star
CAA,22,M,3,roulette,0.956197415621554,GPN-star
CAA,22,M,3,carlson,1.00945951764737,GPN-star
CAA,22,M,3,gnomad,1.00000000001057,GPN-star
CAA,22,P,3,roulette,0.963514364747793,GPN-star
CAA,22,P,3,carlson,1.00812102721971,GPN-star
CAA,22,P,3,gnomad,1.00000000001076,GPN-star
CAA,22,V,3,roulette,0.976764862365263,GPN-star
CAA,22,V,3,carlson,1.01348917530839,GPN-star
CAA,22,V,3,gnomad,1.0000000000126,GPN-star
CAA,22,M,4,roulette,0.970742612326022,GPN-star
CAA,22,M,4,carlson,1.02071930808579,GPN-star
CAA,22,M,4,gnomad,1.00000000001056,GPN-star
CAA,22,P,4,roulette,0.97327509440085,GPN-star
CAA,22,P,4,carlson,1.01337784509093,GPN-star
CAA,22,P,4,gnomad,1.00000000001076,GPN-star
CAA,22,V,4,roulette,0.983553312356076,GPN-star
CAA,22,V,4,carlson,1.01273201667312,GPN-star
CAA,22,V,4,gnomad,1.00000000001259,GPN-star
CAA,22,M,5,roulette,0.979976942348607,GPN-star
CAA,22,M,5,carlson,1.0258668546682,GPN-star
CAA,22,M,5,gnomad,1.00000000001056,GPN-star
CAA,22,P,5,roulette,0.974400979990144,GPN-star
CAA,22,P,5,carlson,1.00827274520252,GPN-star
CAA,22,P,5,gnomad,1.00000000001076,GPN-star
CAA,22,V,5,roulette,0.986864932349349,GPN-star
CAA,22,V,5,carlson,1.00634475100576,GPN-star
CAA,22,V,5,gnomad,1.00000000001259,GPN-star
CAA,22,M,6,roulette,0.986964227286864,GPN-star
CAA,22,M,6,carlson,1.02528440082593,GPN-star
CAA,22,M,6,gnomad,1.00000000001055,GPN-star
CAA,22,P,6,roulette,0.979234980841833,GPN-star
CAA,22,P,6,carlson,1.01004639587918,GPN-star
CAA,22,P,6,gnomad,1.00000000001075,GPN-star
CAA,22,V,6,roulette,0.983888798804876,GPN-star
CAA,22,V,6,carlson,1.00382821839186,GPN-star
CAA,22,V,6,gnomad,1.00000000001258,GPN-star
CAA,22,M,7,roulette,0.979640653612887,GPN-star
CAA,22,M,7,carlson,1.02222165448039,GPN-star
CAA,22,M,7,gnomad,1.00000000001055,GPN-star
CAA,22,P,7,roulette,0.979235208095404,GPN-star
CAA,22,P,7,carlson,1.00667037868016,GPN-star
CAA,22,P,7,gnomad,1.00000000001075,GPN-star
CAA,22,V,7,roulette,0.979197941497606,GPN-star
CAA,22,V,7,carlson,0.996510362389273,GPN-star
CAA,22,V,7,gnomad,1.00000000001257,GPN-star
CAA,22,M,8,roulette,0.979409076344072,GPN-star
CAA,22,M,8,carlson,1.01831162595066,GPN-star
CAA,22,M,8,gnomad,1.00000000001055,GPN-star
CAA,22,P,8,roulette,0.986139261318964,GPN-star
CAA,22,P,8,carlson,1.01172666427429,GPN-star
CAA,22,P,8,gnomad,1.00000000001075,GPN-star
CAA,22,V,8,roulette,0.976264189513768,GPN-star
CAA,22,V,8,carlson,0.992335058341267,GPN-star
CAA,22,V,8,gnomad,1.00000000001256,GPN-star
CAA,22,M,9,roulette,0.975761807442438,GPN-star
CAA,22,M,9,carlson,1.01891669764861,GPN-star
CAA,22,M,9,gnomad,1.00000000001055,GPN-star
CAA,22,P,9,roulette,0.984892713593396,GPN-star
CAA,22,P,9,carlson,1.0118508105441,GPN-star
CAA,22,P,9,gnomad,1.00000000001075,GPN-star
CAA,22,V,9,roulette,0.970347017155844,GPN-star
CAA,22,V,9,carlson,0.99519440925327,GPN-star
CAA,22,V,9,gnomad,1.00000000001251,GPN-star
CAA,22,M,10,roulette,0.972096124130887,GPN-star
CAA,22,M,10,carlson,1.01221381327133,GPN-star
CAA,22,M,10,gnomad,1.00000000001055,GPN-star
CAA,22,P,10,roulette,0.987387789239073,GPN-star
CAA,22,P,10,carlson,1.01371642014623,GPN-star
CAA,22,P,10,gnomad,1.00000000001074,GPN-star
CAA,22,V,10,roulette,0.971021518812663,GPN-star
CAA,22,V,10,carlson,0.993463764851121,GPN-star
CAA,22,V,10,gnomad,1.00000000001248,GPN-star
CAA,22,M,11,roulette,0.970591168062494,GPN-star
CAA,22,M,11,carlson,1.00941205572192,GPN-star
CAA,22,M,11,gnomad,1.00000000001054,GPN-star
CAA,22,P,11,roulette,0.984170278381773,GPN-star
CAA,22,P,11,carlson,1.00536817160573,GPN-star
CAA,22,P,11,gnomad,1.00000000001074,GPN-star
CAA,22,V,11,roulette,0.968491133607767,GPN-star
CAA,22,V,11,carlson,0.996035926857678,GPN-star
CAA,22,V,11,gnomad,1.00000000001245,GPN-star
CAA,22,M,12,roulette,0.97295699399554,GPN-star
CAA,22,M,12,carlson,1.0125959325946,GPN-star
CAA,22,M,12,gnomad,1.00000000001053,GPN-star
CAA,22,P,12,roulette,0.98709331330885,GPN-star
CAA,22,P,12,carlson,1.00729220228142,GPN-star
CAA,22,P,12,gnomad,1.00000000001074,GPN-star
CAA,22,V,12,roulette,0.96129008666054,GPN-star
CAA,22,V,12,carlson,0.994364991873063,GPN-star
CAA,22,V,12,gnomad,1.00000000001247,GPN-star
CAC,22,M,1,roulette,0.915634208002776,GPN-star
CAC,22,M,1,carlson,0.896629564200328,GPN-star
CAC,22,M,1,gnomad,1.0000000000061,GPN-star
CAC,22,P,1,roulette,0.914563354241779,GPN-star
CAC,22,P,1,carlson,0.893881981461105,GPN-star
CAC,22,P,1,gnomad,1.00000000000597,GPN-star
CAC,22,V,1,roulette,0.919747333010175,GPN-star
CAC,22,V,1,carlson,0.885025477441763,GPN-star
CAC,22,V,1,gnomad,1.0000000000067,GPN-star
CAC,22,M,2,roulette,0.940155454418596,GPN-star
CAC,22,M,2,carlson,1.00386415199637,GPN-star
CAC,22,M,2,gnomad,1.00000000000586,GPN-star
CAC,22,P,2,roulette,0.953608546668603,GPN-star
CAC,22,P,2,carlson,1.01434425618267,GPN-star
CAC,22,P,2,gnomad,1.00000000000587,GPN-star
CAC,22,V,2,roulette,0.950059531010341,GPN-star
CAC,22,V,2,carlson,0.989696112845062,GPN-star
CAC,22,V,2,gnomad,1.00000000000666,GPN-star
CAC,22,M,3,roulette,0.948258739476477,GPN-star
CAC,22,M,3,carlson,1.03288505247748,GPN-star
CAC,22,M,3,gnomad,1.00000000000592,GPN-star
CAC,22,P,3,roulette,0.977325821570222,GPN-star
CAC,22,P,3,carlson,1.02923679901192,GPN-star
CAC,22,P,3,gnomad,1.00000000000583,GPN-star
CAC,22,V,3,roulette,0.96539551740107,GPN-star
CAC,22,V,3,carlson,1.00495646799059,GPN-star
CAC,22,V,3,gnomad,1.00000000000661,GPN-star
CAC,22,M,4,roulette,0.971456470562683,GPN-star
CAC,22,M,4,carlson,1.04943735632476,GPN-star
CAC,22,M,4,gnomad,1.00000000000593,GPN-star
CAC,22,P,4,roulette,0.982313777858144,GPN-star
CAC,22,P,4,carlson,1.03924030683811,GPN-star
CAC,22,P,4,gnomad,1.00000000000585,GPN-star
CAC,22,V,4,roulette,0.974076911266689,GPN-star
CAC,22,V,4,carlson,0.985259547336562,GPN-star
CAC,22,V,4,gnomad,1.00000000000667,GPN-star
CAC,22,M,5,roulette,0.985629704815076,GPN-star
CAC,22,M,5,carlson,1.05487632082583,GPN-star
CAC,22,M,5,gnomad,1.0000000000059,GPN-star
CAC,22,P,5,roulette,0.985427032446736,GPN-star
CAC,22,P,5,carlson,1.03695332413037,GPN-star
CAC,22,P,5,gnomad,1.00000000000583,GPN-star
CAC,22,V,5,roulette,0.970280770500945,GPN-star
CAC,22,V,5,carlson,0.980553647522038,GPN-star
CAC,22,V,5,gnomad,1.00000000000666,GPN-star
CAC,22,M,6,roulette,0.982783116737532,GPN-star
CAC,22,M,6,carlson,1.04903105110968,GPN-star
CAC,22,M,6,gnomad,1.00000000000588,GPN-star
CAC,22,P,6,roulette,0.982070555942279,GPN-star
CAC,22,P,6,carlson,1.0247436558227,GPN-star
CAC,22,P,6,gnomad,1.00000000000586,GPN-star
CAC,22,V,6,roulette,0.97618369876205,GPN-star
CAC,22,V,6,carlson,0.988805055964538,GPN-star
CAC,22,V,6,gnomad,1.00000000000661,GPN-star
CAC,22,M,7,roulette,0.982649495889356,GPN-star
CAC,22,M,7,carlson,1.03844103104103,GPN-star
CAC,22,M,7,gnomad,1.00000000000588,GPN-star
CAC,22,P,7,roulette,0.978700096700611,GPN-star
CAC,22,P,7,carlson,1.01795717352673,GPN-star
CAC,22,P,7,gnomad,1.00000000000588,GPN-star
CAC,22,V,7,roulette,0.971510278165649,GPN-star
CAC,22,V,7,carlson,0.983127319536289,GPN-star
CAC,22,V,7,gnomad,1.00000000000666,GPN-star
CAC,22,M,8,roulette,0.973569058027524,GPN-star
CAC,22,M,8,carlson,1.03077131580989,GPN-star
CAC,22,M,8,gnomad,1.00000000000588,GPN-star
CAC,22,P,8,roulette,0.976237563076079,GPN-star
CAC,22,P,8,carlson,1.02026498298075,GPN-star
CAC,22,P,8,gnomad,1.00000000000591,GPN-star
CAC,22,V,8,roulette,0.975671506567427,GPN-star
CAC,22,V,8,carlson,0.995613219936007,GPN-star
CAC,22,V,8,gnomad,1.00000000000678,GPN-star
CAC,22,M,9,roulette,0.973003069735831,GPN-star
CAC,22,M,9,carlson,1.02801609149958,GPN-star
CAC,22,M,9,gnomad,1.00000000000591,GPN-star
CAC,22,P,9,roulette,0.978352977682281,GPN-star
CAC,22,P,9,carlson,1.01850673781019,GPN-star
CAC,22,P,9,gnomad,1.00000000000588,GPN-star
CAC,22,V,9,roulette,0.972899911669277,GPN-star
CAC,22,V,9,carlson,0.99228390925993,GPN-star
CAC,22,V,9,gnomad,1.00000000000699,GPN-star
CAC,22,M,10,roulette,0.966775728533368,GPN-star
CAC,22,M,10,carlson,1.01602398550534,GPN-star
CAC,22,M,10,gnomad,1.00000000000593,GPN-star
CAC,22,P,10,roulette,0.976730321539581,GPN-star
CAC,22,P,10,carlson,1.0074634610611,GPN-star
CAC,22,P,10,gnomad,1.00000000000588,GPN-star
CAC,22,V,10,roulette,0.969521666654159,GPN-star
CAC,22,V,10,carlson,0.997721874606481,GPN-star
CAC,22,V,10,gnomad,1.00000000000699,GPN-star
CAC,22,M,11,roulette,0.965895984416413,GPN-star
CAC,22,M,11,carlson,1.01498945465312,GPN-star
CAC,22,M,11,gnomad,1.00000000000592,GPN-star
CAC,22,P,11,roulette,0.978369074301106,GPN-star
CAC,22,P,11,carlson,1.00980601529293,GPN-star
CAC,22,P,11,gnomad,1.00000000000586,GPN-star
CAC,22,V,11,roulette,0.969617215303151,GPN-star
CAC,22,V,11,carlson,0.99261894991811,GPN-star
CAC,22,V,11,gnomad,1.00000000000699,GPN-star
CAC,22,M,12,roulette,0.966996042140259,GPN-star
CAC,22,M,12,carlson,1.01320593929519,GPN-star
CAC,22,M,12,gnomad,1.00000000000593,GPN-star
CAC,22,P,12,roulette,0.975155302498094,GPN-star
CAC,22,P,12,carlson,1.00351886195633,GPN-star
CAC,22,P,12,gnomad,1.0000000000059,GPN-star
CAC,22,V,12,roulette,0.97111783512098,GPN-star
CAC,22,V,12,carlson,1.00154363472951,GPN-star
CAC,22,V,12,gnomad,1.00000000000699,GPN-star
CAG,22,M,1,roulette,0.957394428751119,GPN-star
CAG,22,M,1,carlson,0.884672424624593,GPN-star
CAG,22,M,1,gnomad,0.999999999997075,GPN-star
CAG,22,P,1,roulette,0.953803907352771,GPN-star
CAG,22,P,1,carlson,0.871024576264911,GPN-star
CAG,22,P,1,gnomad,0.999999999997501,GPN-star
CAG,22,V,1,roulette,0.962495406925064,GPN-star
CAG,22,V,1,carlson,0.885138199358059,GPN-star
CAG,22,V,1,gnomad,0.999999999995723,GPN-star
CAG,22,M,2,roulette,0.952479029387938,GPN-star
CAG,22,M,2,carlson,0.984032523337337,GPN-star
CAG,22,M,2,gnomad,0.999999999997018,GPN-star
CAG,22,P,2,roulette,0.95621817481297,GPN-star
CAG,22,P,2,carlson,0.989063838021573,GPN-star
CAG,22,P,2,gnomad,0.999999999997688,GPN-star
CAG,22,V,2,roulette,0.963987866803527,GPN-star
CAG,22,V,2,carlson,0.988085612266211,GPN-star
CAG,22,V,2,gnomad,0.999999999995736,GPN-star
CAG,22,M,3,roulette,0.984999615540954,GPN-star
CAG,22,M,3,carlson,1.01876918529481,GPN-star
CAG,22,M,3,gnomad,0.999999999997053,GPN-star
CAG,22,P,3,roulette,0.98631745360551,GPN-star
CAG,22,P,3,carlson,1.00253006102968,GPN-star
CAG,22,P,3,gnomad,0.999999999997509,GPN-star
CAG,22,V,3,roulette,0.982254218727751,GPN-star
CAG,22,V,3,carlson,0.999552038372972,GPN-star
CAG,22,V,3,gnomad,0.999999999995766,GPN-star
CAG,22,M,4,roulette,1.00341490711359,GPN-star
CAG,22,M,4,carlson,1.037119174876,GPN-star
CAG,22,M,4,gnomad,0.999999999997092,GPN-star
CAG,22,P,4,roulette,0.992529189063204,GPN-star
CAG,22,P,4,carlson,1.01093341219193,GPN-star
CAG,22,P,4,gnomad,0.999999999997418,GPN-star
CAG,22,V,4,roulette,0.983782656178171,GPN-star
CAG,22,V,4,carlson,0.995433183338557,GPN-star
CAG,22,V,4,gnomad,0.999999999995784,GPN-star
CAG,22,M,5,roulette,1.01454977929836,GPN-star
CAG,22,M,5,carlson,1.04079813763835,GPN-star
CAG,22,M,5,gnomad,0.999999999997153,GPN-star
CAG,22,P,5,roulette,0.991044955968705,GPN-star
CAG,22,P,5,carlson,1.00936316958603,GPN-star
CAG,22,P,5,gnomad,0.999999999997461,GPN-star
CAG,22,V,5,roulette,0.980988505323949,GPN-star
CAG,22,V,5,carlson,0.992084450636631,GPN-star
CAG,22,V,5,gnomad,0.999999999995801,GPN-star
CAG,22,M,6,roulette,1.00590035714271,GPN-star
CAG,22,M,6,carlson,1.03252636338406,GPN-star
CAG,22,M,6,gnomad,0.999999999997179,GPN-star
CAG,22,P,6,roulette,0.993438069243607,GPN-star
CAG,22,P,6,carlson,1.00842967500682,GPN-star
CAG,22,P,6,gnomad,0.999999999997475,GPN-star
CAG,22,V,6,roulette,0.978076602002989,GPN-star
CAG,22,V,6,carlson,0.990768997092833,GPN-star
CAG,22,V,6,gnomad,0.999999999995727,GPN-star
CAG,22,M,7,roulette,0.99713272349162,GPN-star
CAG,22,M,7,carlson,1.02428158455306,GPN-star
CAG,22,M,7,gnomad,0.999999999997157,GPN-star
CAG,22,P,7,roulette,0.989392081542956,GPN-star
CAG,22,P,7,carlson,1.00302573955786,GPN-star
CAG,22,P,7,gnomad,0.999999999997483,GPN-star
CAG,22,V,7,roulette,0.982796884236064,GPN-star
CAG,22,V,7,carlson,0.99947930615233,GPN-star
CAG,22,V,7,gnomad,0.999999999995684,GPN-star
CAG,22,M,8,roulette,0.991678087502156,GPN-star
CAG,22,M,8,carlson,1.01725768285018,GPN-star
CAG,22,M,8,gnomad,0.999999999997135,GPN-star
CAG,22,P,8,roulette,0.99278185456928,GPN-star
CAG,22,P,8,carlson,1.0054092902211,GPN-star
CAG,22,P,8,gnomad,0.999999999997479,GPN-star
CAG,22,V,8,roulette,0.990656628920087,GPN-star
CAG,22,V,8,carlson,1.00308242065053,GPN-star
CAG,22,V,8,gnomad,0.999999999995775,GPN-star
CAG,22,M,9,roulette,0.984224645769598,GPN-star
CAG,22,M,9,carlson,1.01667400752871,GPN-star
CAG,22,M,9,gnomad,0.999999999997123,GPN-star
CAG,22,P,9,roulette,0.989789520814297,GPN-star
CAG,22,P,9,carlson,1.00391027047781,GPN-star
CAG,22,P,9,gnomad,0.999999999997492,GPN-star
CAG,22,V,9,roulette,0.991223335483132,GPN-star
CAG,22,V,9,carlson,0.998712793079544,GPN-star
CAG,22,V,9,gnomad,0.999999999996062,GPN-star
CAG,22,M,10,roulette,0.987137610843166,GPN-star
CAG,22,M,10,carlson,1.01354258032491,GPN-star
CAG,22,M,10,gnomad,0.999999999997114,GPN-star
CAG,22,P,10,roulette,0.982793790833585,GPN-star
CAG,22,P,10,carlson,0.998104950751714,GPN-star
CAG,22,P,10,gnomad,0.99999999999754,GPN-star
CAG,22,V,10,roulette,0.994103557274255,GPN-star
CAG,22,V,10,carlson,1.00057684217058,GPN-star
CAG,22,V,10,gnomad,0.99999999999624,GPN-star
CAG,22,M,11,roulette,0.981284396639217,GPN-star
CAG,22,M,11,carlson,1.00920000168977,GPN-star
CAG,22,M,11,gnomad,0.999999999997105,GPN-star
CAG,22,P,11,roulette,0.988113771858427,GPN-star
CAG,22,P,11,carlson,0.99967556268148,GPN-star
CAG,22,P,11,gnomad,0.999999999997548,GPN-star
CAG,22,V,11,roulette,0.987947919735607,GPN-star
CAG,22,V,11,carlson,0.995542116773037,GPN-star
CAG,22,V,11,gnomad,0.999999999996179,GPN-star
CAG,22,M,12,roulette,0.978746601321158,GPN-star
CAG,22,M,12,carlson,1.00472455826157,GPN-star
CAG,22,M,12,gnomad,0.999999999997088,GPN-star
CAG,22,P,12,roulette,0.992299990818924,GPN-star
CAG,22,P,12,carlson,1.00088680840435,GPN-star
CAG,22,P,12,gnomad,0.999999999997501,GPN-star
CAG,22,V,12,roulette,0.987104858581734,GPN-star
CAG,22,V,12,carlson,0.99834119031723,GPN-star
CAG,22,V,12,gnomad,0.999999999996171,GPN-star
CAT,22,M,1,roulette,0.933106415282827,GPN-star
CAT,22,M,1,carlson,1.01670034917479,GPN-star
CAT,22,M,1,gnomad,0.999999999995972,GPN-star
CAT,22,P,1,roulette,0.928780182830748,GPN-star
CAT,22,P,1,carlson,1.00900958164939,GPN-star
CAT,22,P,1,gnomad,0.999999999995912,GPN-star
CAT,22,V,1,roulette,0.942142447959967,GPN-star
CAT,22,V,1,carlson,1.01678364701182,GPN-star
CAT,22,V,1,gnomad,1.00000000000079,GPN-star
CAT,22,M,2,roulette,0.921516196235494,GPN-star
CAT,22,M,2,carlson,0.976980990966007,GPN-star
CAT,22,M,2,gnomad,0.999999999995888,GPN-star
CAT,22,P,2,roulette,0.914592176861069,GPN-star
CAT,22,P,2,carlson,0.962466634322761,GPN-star
CAT,22,P,2,gnomad,0.999999999995972,GPN-star
CAT,22,V,2,roulette,0.938159844960904,GPN-star
CAT,22,V,2,carlson,0.958844089108937,GPN-star
CAT,22,V,2,gnomad,1.0000000000008,GPN-star
CAT,22,M,3,roulette,0.947916648233766,GPN-star
CAT,22,M,3,carlson,0.990864133325862,GPN-star
CAT,22,M,3,gnomad,0.99999999999597,GPN-star
CAT,22,P,3,roulette,0.955089733009416,GPN-star
CAT,22,P,3,carlson,0.986642247824791,GPN-star
CAT,22,P,3,gnomad,0.999999999995873,GPN-star
CAT,22,V,3,roulette,0.974711516941326,GPN-star
CAT,22,V,3,carlson,0.985624478380017,GPN-star
CAT,22,V,3,gnomad,1.00000000000069,GPN-star
CAT,22,M,4,roulette,0.976558961095247,GPN-star
CAT,22,M,4,carlson,1.00789206790961,GPN-star
CAT,22,M,4,gnomad,0.999999999995774,GPN-star
CAT,22,P,4,roulette,0.977866327582566,GPN-star
CAT,22,P,4,carlson,0.999931351282541,GPN-star
CAT,22,P,4,gnomad,0.999999999995763,GPN-star
CAT,22,V,4,roulette,0.995337226367555,GPN-star
CAT,22,V,4,carlson,0.99287219853826,GPN-star
CAT,22,V,4,gnomad,1.00000000000069,GPN-star
CAT,22,M,5,roulette,0.991715954905981,GPN-star
CAT,22,M,5,carlson,1.02319428683652,GPN-star
CAT,22,M,5,gnomad,0.999999999995701,GPN-star
CAT,22,P,5,roulette,0.982912049394946,GPN-star
CAT,22,P,5,carlson,1.00311783982665,GPN-star
CAT,22,P,5,gnomad,0.999999999995759,GPN-star
CAT,22,V,5,roulette,0.988032084448214,GPN-star
CAT,22,V,5,carlson,0.989372751290339,GPN-star
CAT,22,V,5,gnomad,1.00000000000078,GPN-star
CAT,22,M,6,roulette,0.993794217229422,GPN-star
CAT,22,M,6,carlson,1.01906581096932,GPN-star
CAT,22,M,6,gnomad,0.999999999995692,GPN-star
CAT,22,P,6,roulette,0.990357250905124,GPN-star
CAT,22,P,6,carlson,1.00709539020394,GPN-star
CAT,22,P,6,gnomad,0.999999999995798,GPN-star
CAT,22,V,6,roulette,0.989444056368637,GPN-star
CAT,22,V,6,carlson,0.991403095759335,GPN-star
CAT,22,V,6,gnomad,1.00000000000081,GPN-star
CAT,22,M,7,roulette,0.996133042323902,GPN-star
CAT,22,M,7,carlson,1.0181852470141,GPN-star
CAT,22,M,7,gnomad,0.999999999995733,GPN-star
CAT,22,P,7,roulette,0.991365058285041,GPN-star
CAT,22,P,7,carlson,1.00483274744341,GPN-star
CAT,22,P,7,gnomad,0.999999999995823,GPN-star
CAT,22,V,7,roulette,0.985804558745514,GPN-star
CAT,22,V,7,carlson,0.99166577786427,GPN-star
CAT,22,V,7,gnomad,1.00000000000075,GPN-star
CAT,22,M,8,roulette,0.989492775543389,GPN-star
CAT,22,M,8,carlson,1.01268541158467,GPN-star
CAT,22,M,8,gnomad,0.999999999995787,GPN-star
CAT,22,P,8,roulette,0.986640181988188,GPN-star
CAT,22,P,8,carlson,1.00733410226887,GPN-star
CAT,22,P,8,gnomad,0.999999999995836,GPN-star
CAT,22,V,8,roulette,0.986376161437337,GPN-star
CAT,22,V,8,carlson,0.992065166944924,GPN-star
CAT,22,V,8,gnomad,1.00000000000064,GPN-star
CAT,22,M,9,roulette,0.992880719424562,GPN-star
CAT,22,M,9,carlson,1.01418089334488,GPN-star
CAT,22,M,9,gnomad,0.999999999995823,GPN-star
CAT,22,P,9,roulette,0.993350441498903,GPN-star
CAT,22,P,9,carlson,1.0059159133429,GPN-star
CAT,22,P,9,gnomad,0.999999999995867,GPN-star
CAT,22,V,9,roulette,0.986601413815839,GPN-star
CAT,22,V,9,carlson,0.997195068345423,GPN-star
CAT,22,V,9,gnomad,1.00000000000047,GPN-star
CAT,22,M,10,roulette,0.988135003356874,GPN-star
CAT,22,M,10,carlson,1.01000961282099,GPN-star
CAT,22,M,10,gnomad,0.999999999995873,GPN-star
CAT,22,P,10,roulette,0.987248848575994,GPN-star
CAT,22,P,10,carlson,1.00281879488076,GPN-star
CAT,22,P,10,gnomad,0.999999999995912,GPN-star
CAT,22,V,10,roulette,0.984074900243909,GPN-star
CAT,22,V,10,carlson,0.991399579929359,GPN-star
CAT,22,V,10,gnomad,1.00000000000047,GPN-star
CAT,22,M,11,roulette,0.986572113682604,GPN-star
CAT,22,M,11,carlson,1.00933429099473,GPN-star
CAT,22,M,11,gnomad,0.999999999995899,GPN-star
CAT,22,P,11,roulette,0.999280299965627,GPN-star
CAT,22,P,11,carlson,1.01730852073933,GPN-star
CAT,22,P,11,gnomad,0.999999999995936,GPN-star
CAT,22,V,11,roulette,0.986711892707176,GPN-star
CAT,22,V,11,carlson,1.00764104188886,GPN-star
CAT,22,V,11,gnomad,1.00000000000048,GPN-star
CAT,22,M,12,roulette,0.994573211774116,GPN-star
CAT,22,M,12,carlson,1.01172901843531,GPN-star
CAT,22,M,12,gnomad,0.999999999995918,GPN-star
CAT,22,P,12,roulette,1.00011937227613,GPN-star
CAT,22,P,12,carlson,1.01732500991949,GPN-star
CAT,22,P,12,gnomad,0.999999999995925,GPN-star
CAT,22,V,12,roulette,0.993418529563705,GPN-star
CAT,22,V,12,carlson,1.01050355956743,GPN-star
CAT,22,V,12,gnomad,1.00000000000048,GPN-star
CCA,22,M,1,roulette,0.911915619570788,GPN-star
CCA,22,M,1,carlson,0.885607411845664,GPN-star
CCA,22,M,1,gnomad,1.00000000001139,GPN-star
CCA,22,P,1,roulette,0.907542211209958,GPN-star
CCA,22,P,1,carlson,0.890872449763344,GPN-star
CCA,22,P,1,gnomad,1.00000000001111,GPN-star
CCA,22,V,1,roulette,0.918706074216897,GPN-star
CCA,22,V,1,carlson,0.889592907914389,GPN-star
CCA,22,V,1,gnomad,1.00000000001102,GPN-star
CCA,22,M,2,roulette,0.907638371496783,GPN-star
CCA,22,M,2,carlson,0.93054136133434,GPN-star
CCA,22,M,2,gnomad,1.00000000001162,GPN-star
CCA,22,P,2,roulette,0.905970799298454,GPN-star
CCA,22,P,2,carlson,0.947923555822823,GPN-star
CCA,22,P,2,gnomad,1.0000000000112,GPN-star
CCA,22,V,2,roulette,0.937189712607888,GPN-star
CCA,22,V,2,carlson,0.938004754539109,GPN-star
CCA,22,V,2,gnomad,1.00000000001117,GPN-star
CCA,22,M,3,roulette,0.930242885418813,GPN-star
CCA,22,M,3,carlson,0.982851392361222,GPN-star
CCA,22,M,3,gnomad,1.00000000001149,GPN-star
CCA,22,P,3,roulette,0.943770244083624,GPN-star
CCA,22,P,3,carlson,0.990815316059513,GPN-star
CCA,22,P,3,gnomad,1.0000000000111,GPN-star
CCA,22,V,3,roulette,0.966541635912574,GPN-star
CCA,22,V,3,carlson,0.986842682702603,GPN-star
CCA,22,V,3,gnomad,1.00000000001098,GPN-star
CCA,22,M,4,roulette,0.955083121352113,GPN-star
CCA,22,M,4,carlson,1.01032556064447,GPN-star
CCA,22,M,4,gnomad,1.0000000000114,GPN-star
CCA,22,P,4,roulette,0.953766599357416,GPN-star
CCA,22,P,4,carlson,0.998579739078013,GPN-star
CCA,22,P,4,gnomad,1.00000000001108,GPN-star
CCA,22,V,4,roulette,0.970114447276437,GPN-star
CCA,22,V,4,carlson,0.992432242013361,GPN-star
CCA,22,V,4,gnomad,1.00000000001091,GPN-star
CCA,22,M,5,roulette,0.970429942991332,GPN-star
CCA,22,M,5,carlson,1.01471697868652,GPN-star
CCA,22,M,5,gnomad,1.00000000001129,GPN-star
CCA,22,P,5,roulette,0.961001809601533,GPN-star
CCA,22,P,5,carlson,1.00505010214288,GPN-star
CCA,22,P,5,gnomad,1.00000000001115,GPN-star
CCA,22,V,5,roulette,0.97216049100627,GPN-star
CCA,22,V,5,carlson,0.995390226219091,GPN-star
CCA,22,V,5,gnomad,1.00000000001089,GPN-star
CCA,22,M,6,roulette,0.971794673378595,GPN-star
CCA,22,M,6,carlson,1.01891543415303,GPN-star
CCA,22,M,6,gnomad,1.0000000000113,GPN-star
CCA,22,P,6,roulette,0.962785264040592,GPN-star
CCA,22,P,6,carlson,1.00427239824815,GPN-star
CCA,22,P,6,gnomad,1.00000000001118,GPN-star
CCA,22,V,6,roulette,0.966870099320091,GPN-star
CCA,22,V,6,carlson,0.992293367278066,GPN-star
CCA,22,V,6,gnomad,1.0000000000109,GPN-star
CCA,22,M,7,roulette,0.965598865090841,GPN-star
CCA,22,M,7,carlson,1.0116375705927,GPN-star
CCA,22,M,7,gnomad,1.0000000000113,GPN-star
CCA,22,P,7,roulette,0.966742838435592,GPN-star
CCA,22,P,7,carlson,1.00662618903729,GPN-star
CCA,22,P,7,gnomad,1.00000000001118,GPN-star
CCA,22,V,7,roulette,0.96752164059556,GPN-star
CCA,22,V,7,carlson,0.987452390350667,GPN-star
CCA,22,V,7,gnomad,1.0000000000109,GPN-star
CCA,22,M,8,roulette,0.960292745332097,GPN-star
CCA,22,M,8,carlson,1.00543352115241,GPN-star
CCA,22,M,8,gnomad,1.0000000000113,GPN-star
CCA,22,P,8,roulette,0.969839946482714,GPN-star
CCA,22,P,8,carlson,1.00389257297777,GPN-star
CCA,22,P,8,gnomad,1.00000000001117,GPN-star
CCA,22,V,8,roulette,0.965368865853734,GPN-star
CCA,22,V,8,carlson,0.984966645661601,GPN-star
CCA,22,V,8,gnomad,1.00000000001087,GPN-star
CCA,22,M,9,roulette,0.955836566118485,GPN-star
CCA,22,M,9,carlson,0.999242428437671,GPN-star
CCA,22,M,9,gnomad,1.00000000001129,GPN-star
CCA,22,P,9,roulette,0.965603032456329,GPN-star
CCA,22,P,9,carlson,1.00317601961518,GPN-star
CCA,22,P,9,gnomad,1.00000000001116,GPN-star
CCA,22,V,9,roulette,0.961710244403329,GPN-star
CCA,22,V,9,carlson,0.982319385121492,GPN-star
CCA,22,V,9,gnomad,1.00000000001088,GPN-star
CCA,22,M,10,roulette,0.950772363456506,GPN-star
CCA,22,M,10,carlson,0.998223725527654,GPN-star
CCA,22,M,10,gnomad,1.0000000000113,GPN-star
CCA,22,P,10,roulette,0.968578032966531,GPN-star
CCA,22,P,10,carlson,1.00265916908179,GPN-star
CCA,22,P,10,gnomad,1.00000000001109,GPN-star
CCA,22,V,10,roulette,0.954377340802416,GPN-star
CCA,22,V,10,carlson,0.974243180480587,GPN-star
CCA,22,V,10,gnomad,1.00000000001096,GPN-star
CCA,22,M,11,roulette,0.953350014216358,GPN-star
CCA,22,M,11,carlson,1.00342997191296,GPN-star
CCA,22,M,11,gnomad,1.0000000000113,GPN-star
CCA,22,P,11,roulette,0.970974441020196,GPN-star
CCA,22,P,11,carlson,1.00290354385634,GPN-star
CCA,22,P,11,gnomad,1.00000000001102,GPN-star
CCA,22,V,11,roulette,0.952911183769724,GPN-star
CCA,22,V,11,carlson,0.974203667375819,GPN-star
CCA,22,V,11,gnomad,1.00000000001117,GPN-star
CCA,22,M,12,roulette,0.947427879768309,GPN-star
CCA,22,M,12,carlson,0.999290867590497,GPN-star
CCA,22,M,12,gnomad,1.00000000001131,GPN-star
CCA,22,P,12,roulette,0.967945104868245,GPN-star
CCA,22,P,12,carlson,0.995462878729544,GPN-star
CCA,22,P,12,gnomad,1.00000000001106,GPN-star
CCA,22,V,12,roulette,0.947664381074443,GPN-star
CCA,22,V,12,carlson,0.972419628812328,GPN-star
CCA,22,V,12,gnomad,1.00000000001137,GPN-star
CCC,22,M,1,roulette,0.975875799112646,GPN-star
CCC,22,M,1,carlson,0.962448330088777,GPN-star
CCC,22,M,1,gnomad,1.00000000000037,GPN-star
CCC,22,P,1,roulette,0.964363068962687,GPN-star
CCC,22,P,1,carlson,0.960993608894778,GPN-star
CCC,22,P,1,gnomad,1.00000000000101,GPN-star
CCC,22,V,1,roulette,0.967037881438968,GPN-star
CCC,22,V,1,carlson,0.960300026045829,GPN-star
CCC,22,V,1,gnomad,1.00000000000176,GPN-star
CCC,22,M,2,roulette,0.948724894411007,GPN-star
CCC,22,M,2,carlson,0.988859936184961,GPN-star
CCC,22,M,2,gnomad,1.00000000000036,GPN-star
CCC,22,P,2,roulette,0.930764866975269,GPN-star
CCC,22,P,2,carlson,0.975660489507956,GPN-star
CCC,22,P,2,gnomad,1.000000000001,GPN-star
CCC,22,V,2,roulette,0.959056746213262,GPN-star
CCC,22,V,2,carlson,0.994763753746683,GPN-star
CCC,22,V,2,gnomad,1.00000000000176,GPN-star
CCC,22,M,3,roulette,0.938765333010945,GPN-star
CCC,22,M,3,carlson,0.985724341889345,GPN-star
CCC,22,M,3,gnomad,1.00000000000036,GPN-star
CCC,22,P,3,roulette,0.947412187263757,GPN-star
CCC,22,P,3,carlson,0.994014309604808,GPN-star
CCC,22,P,3,gnomad,1.00000000000101,GPN-star
CCC,22,V,3,roulette,0.957167899513212,GPN-star
CCC,22,V,3,carlson,0.97243230572981,GPN-star
CCC,22,V,3,gnomad,1.00000000000176,GPN-star
CCC,22,M,4,roulette,0.949967638956453,GPN-star
CCC,22,M,4,carlson,1.01493123806809,GPN-star
CCC,22,M,4,gnomad,1.00000000000036,GPN-star
CCC,22,P,4,roulette,0.958653397782383,GPN-star
CCC,22,P,4,carlson,1.00541425799292,GPN-star
CCC,22,P,4,gnomad,1.000000000001,GPN-star
CCC,22,V,4,roulette,0.969838839585917,GPN-star
CCC,22,V,4,carlson,0.988987982557369,GPN-star
CCC,22,V,4,gnomad,1.00000000000176,GPN-star
CCC,22,M,5,roulette,0.971480118746617,GPN-star
CCC,22,M,5,carlson,1.03612096335246,GPN-star
CCC,22,M,5,gnomad,1.00000000000037,GPN-star
CCC,22,P,5,roulette,0.964728009936644,GPN-star
CCC,22,P,5,carlson,1.01558242924624,GPN-star
CCC,22,P,5,gnomad,1.000000000001,GPN-star
CCC,22,V,5,roulette,0.966976300444904,GPN-star
CCC,22,V,5,carlson,0.990764883642249,GPN-star
CCC,22,V,5,gnomad,1.00000000000176,GPN-star
CCC,22,M,6,roulette,0.98017338173976,GPN-star
CCC,22,M,6,carlson,1.04005280306408,GPN-star
CCC,22,M,6,gnomad,1.00000000000037,GPN-star
CCC,22,P,6,roulette,0.959763539340662,GPN-star
CCC,22,P,6,carlson,1.0032521858289,GPN-star
CCC,22,P,6,gnomad,1.00000000000101,GPN-star
CCC,22,V,6,roulette,0.968230987460992,GPN-star
CCC,22,V,6,carlson,0.991997598142139,GPN-star
CCC,22,V,6,gnomad,1.00000000000176,GPN-star
CCC,22,M,7,roulette,0.978622918094685,GPN-star
CCC,22,M,7,carlson,1.03315896035797,GPN-star
CCC,22,M,7,gnomad,1.00000000000037,GPN-star
CCC,22,P,7,roulette,0.959962059709524,GPN-star
CCC,22,P,7,carlson,1.001657120522,GPN-star
CCC,22,P,7,gnomad,1.00000000000101,GPN-star
CCC,22,V,7,roulette,0.969745712152886,GPN-star
CCC,22,V,7,carlson,0.993724375863141,GPN-star
CCC,22,V,7,gnomad,1.00000000000176,GPN-star
CCC,22,M,8,roulette,0.975304941194129,GPN-star
CCC,22,M,8,carlson,1.02865360697842,GPN-star
CCC,22,M,8,gnomad,1.00000000000037,GPN-star
CCC,22,P,8,roulette,0.957448834091782,GPN-star
CCC,22,P,8,carlson,0.998621935326236,GPN-star
CCC,22,P,8,gnomad,1.00000000000101,GPN-star
CCC,22,V,8,roulette,0.988173859828775,GPN-star
CCC,22,V,8,carlson,1.00735490954798,GPN-star
CCC,22,V,8,gnomad,1.00000000000176,GPN-star
CCC,22,M,9,roulette,0.972929977272768,GPN-star
CCC,22,M,9,carlson,1.01839911172429,GPN-star
CCC,22,M,9,gnomad,1.00000000000037,GPN-star
CCC,22,P,9,roulette,0.957838146077947,GPN-star
CCC,22,P,9,carlson,1.00270223590791,GPN-star
CCC,22,P,9,gnomad,1.00000000000101,GPN-star
CCC,22,V,9,roulette,0.99672218634216,GPN-star
CCC,22,V,9,carlson,1.0147528644501,GPN-star
CCC,22,V,9,gnomad,1.00000000000176,GPN-star
CCC,22,M,10,roulette,0.968779236886604,GPN-star
CCC,22,M,10,carlson,1.01875443221577,GPN-star
CCC,22,M,10,gnomad,1.00000000000037,GPN-star
CCC,22,P,10,roulette,0.95904947602846,GPN-star
CCC,22,P,10,carlson,0.998963700069241,GPN-star
CCC,22,P,10,gnomad,1.000000000001,GPN-star
CCC,22,V,10,roulette,0.980905553714534,GPN-star
CCC,22,V,10,carlson,1.01017455926569,GPN-star
CCC,22,V,10,gnomad,1.00000000000176,GPN-star
CCC,22,M,11,roulette,0.958894609415969,GPN-star
CCC,22,M,11,carlson,1.00714965387649,GPN-star
CCC,22,M,11,gnomad,1.00000000000037,GPN-star
CCC,22,P,11,roulette,0.962838986680601,GPN-star
CCC,22,P,11,carlson,0.999800669209421,GPN-star
CCC,22,P,11,gnomad,1.000000000001,GPN-star
CCC,22,V,11,roulette,0.967578296486431,GPN-star
CCC,22,V,11,carlson,0.996033451767512,GPN-star
CCC,22,V,11,gnomad,1.00000000000177,GPN-star
CCC,22,M,12,roulette,0.964502376426669,GPN-star
CCC,22,M,12,carlson,1.01486868734164,GPN-star
CCC,22,M,12,gnomad,1.00000000000037,GPN-star
CCC,22,P,12,roulette,0.961950654752734,GPN-star
CCC,22,P,12,carlson,1.00378258554987,GPN-star
CCC,22,P,12,gnomad,1.00000000000101,GPN-star
CCC,22,V,12,roulette,0.95710371018076,GPN-star
CCC,22,V,12,carlson,0.988749542308634,GPN-star
CCC,22,V,12,gnomad,1.00000000000177,GPN-star
CCG,22,M,1,roulette,0.793556603354185,GPN-star
CCG,22,M,1,carlson,0.73046265761196,GPN-star
CCG,22,M,1,gnomad,1.00000000000056,GPN-star
CCG,22,P,1,roulette,0.794945382930757,GPN-star
CCG,22,P,1,carlson,0.74781005994694,GPN-star
CCG,22,P,1,gnomad,1.0000000000013,GPN-star
CCG,22,V,1,roulette,0.812094365081441,GPN-star
CCG,22,V,1,carlson,0.734049517194696,GPN-star
CCG,22,V,1,gnomad,1.00000000000002,GPN-star
CCG,22,M,2,roulette,0.645847460044855,GPN-star
CCG,22,M,2,carlson,0.64874011318145,GPN-star
CCG,22,M,2,gnomad,1.00000000000052,GPN-star
CCG,22,P,2,roulette,0.631082236993052,GPN-star
CCG,22,P,2,carlson,0.638847280480359,GPN-star
CCG,22,P,2,gnomad,1.00000000000127,GPN-star
CCG,22,V,2,roulette,0.660615931008576,GPN-star
CCG,22,V,2,carlson,0.644117744685318,GPN-star
CCG,22,V,2,gnomad,0.99999999999998,GPN-star
CCG,22,M,3,roulette,0.686439779332159,GPN-star
CCG,22,M,3,carlson,0.712506863875704,GPN-star
CCG,22,M,3,gnomad,1.00000000000051,GPN-star
CCG,22,P,3,roulette,0.662547824488873,GPN-star
CCG,22,P,3,carlson,0.68186995171371,GPN-star
CCG,22,P,3,gnomad,1.00000000000128,GPN-star
CCG,22,V,3,roulette,0.689957294719823,GPN-star
CCG,22,V,3,carlson,0.679000103592584,GPN-star
CCG,22,V,3,gnomad,0.999999999999977,GPN-star
CCG,22,M,4,roulette,0.727437641369361,GPN-star
CCG,22,M,4,carlson,0.758784899508383,GPN-star
CCG,22,M,4,gnomad,1.0000000000005,GPN-star
CCG,22,P,4,roulette,0.716302404052444,GPN-star
CCG,22,P,4,carlson,0.739471482889725,GPN-star
CCG,22,P,4,gnomad,1.00000000000124,GPN-star
CCG,22,V,4,roulette,0.740506983883114,GPN-star
CCG,22,V,4,carlson,0.74053061064925,GPN-star
CCG,22,V,4,gnomad,0.999999999999988,GPN-star
CCG,22,M,5,roulette,0.772797694102071,GPN-star
CCG,22,M,5,carlson,0.80282075604267,GPN-star
CCG,22,M,5,gnomad,1.00000000000051,GPN-star
CCG,22,P,5,roulette,0.77737114046424,GPN-star
CCG,22,P,5,carlson,0.827284675017294,GPN-star
CCG,22,P,5,gnomad,1.00000000000122,GPN-star
CCG,22,V,5,roulette,0.691337784936792,GPN-star
CCG,22,V,5,carlson,0.695422488632216,GPN-star
CCG,22,V,5,gnomad,1.00000000000001,GPN-star
CCG,22,M,6,roulette,0.795877846378391,GPN-star
CCG,22,M,6,carlson,0.844679067185403,GPN-star
CCG,22,M,6,gnomad,1.00000000000051,GPN-star
CCG,22,P,6,roulette,0.813116857345626,GPN-star
CCG,22,P,6,carlson,0.859944413258449,GPN-star
CCG,22,P,6,gnomad,1.00000000000123,GPN-star
CCG,22,V,6,roulette,0.728109438475159,GPN-star
CCG,22,V,6,carlson,0.749616545850781,GPN-star
CCG,22,V,6,gnomad,1.00000000000003,GPN-star
CCG,22,M,7,roulette,0.825419206804523,GPN-star
CCG,22,M,7,carlson,0.875143586551684,GPN-star
CCG,22,M,7,gnomad,1.00000000000052,GPN-star
CCG,22,P,7,roulette,0.850477020202349,GPN-star
CCG,22,P,7,carlson,0.906494409873114,GPN-star
CCG,22,P,7,gnomad,1.00000000000125,GPN-star
CCG,22,V,7,roulette,0.850280389004762,GPN-star
CCG,22,V,7,carlson,0.876558670897578,GPN-star
CCG,22,V,7,gnomad,1.00000000000003,GPN-star
CCG,22,M,8,roulette,0.828090388920216,GPN-star
CCG,22,M,8,carlson,0.887504132657441,GPN-star
CCG,22,M,8,gnomad,1.00000000000052,GPN-star
CCG,22,P,8,roulette,0.846247836323939,GPN-star
CCG,22,P,8,carlson,0.891658891172793,GPN-star
CCG,22,P,8,gnomad,1.00000000000127,GPN-star
CCG,22,V,8,roulette,0.914979860765524,GPN-star
CCG,22,V,8,carlson,0.949091098629462,GPN-star
CCG,22,V,8,gnomad,1.00000000000002,GPN-star
CCG,22,M,9,roulette,0.841148675055667,GPN-star
CCG,22,M,9,carlson,0.906468753991345,GPN-star
CCG,22,M,9,gnomad,1.00000000000053,GPN-star
CCG,22,P,9,roulette,0.808607778895548,GPN-star
CCG,22,P,9,carlson,0.870623631646345,GPN-star
CCG,22,P,9,gnomad,1.0000000000013,GPN-star
CCG,22,V,9,roulette,0.940739817638578,GPN-star
CCG,22,V,9,carlson,0.969928367453144,GPN-star
CCG,22,V,9,gnomad,0.999999999999997,GPN-star
CCG,22,M,10,roulette,0.836890324170549,GPN-star
CCG,22,M,10,carlson,0.911323515565513,GPN-star
CCG,22,M,10,gnomad,1.00000000000054,GPN-star
CCG,22,P,10,roulette,0.845638221259991,GPN-star
CCG,22,P,10,carlson,0.908796421817678,GPN-star
CCG,22,P,10,gnomad,1.00000000000132,GPN-star
CCG,22,V,10,roulette,0.947613131152805,GPN-star
CCG,22,V,10,carlson,0.974574410755131,GPN-star
CCG,22,V,10,gnomad,0.999999999999956,GPN-star
CCG,22,M,11,roulette,0.872598844543668,GPN-star
CCG,22,M,11,carlson,0.934649149833138,GPN-star
CCG,22,M,11,gnomad,1.00000000000055,GPN-star
CCG,22,P,11,roulette,0.942308078470661,GPN-star
CCG,22,P,11,carlson,0.981258285397365,GPN-star
CCG,22,P,11,gnomad,1.00000000000106,GPN-star
CCG,22,V,11,roulette,0.957330282573685,GPN-star
CCG,22,V,11,carlson,0.980994443487458,GPN-star
CCG,22,V,11,gnomad,0.999999999999922,GPN-star
CCG,22,M,12,roulette,0.920396450348932,GPN-star
CCG,22,M,12,carlson,0.968292412064154,GPN-star
CCG,22,M,12,gnomad,1.00000000000056,GPN-star
CCG,22,P,12,roulette,0.993501906084258,GPN-star
CCG,22,P,12,carlson,1.01174844602937,GPN-star
CCG,22,P,12,gnomad,1.00000000000106,GPN-star
CCG,22,V,12,roulette,0.959018991243899,GPN-star
CCG,22,V,12,carlson,0.962119288665547,GPN-star
CCG,22,V,12,gnomad,0.99999999999989,GPN-star
CCT,22,M,1,roulette,0.951375577276851,GPN-star
CCT,22,M,1,carlson,0.939608775557648,GPN-star
CCT,22,M,1,gnomad,0.999999999996792,GPN-star
CCT,22,P,1,roulette,0.948265058307921,GPN-star
CCT,22,P,1,carlson,0.939763011337476,GPN-star
CCT,22,P,1,gnomad,0.999999999996797,GPN-star
CCT,22,V,1,roulette,0.948817883251501,GPN-star
CCT,22,V,1,carlson,0.933436956519547,GPN-star
CCT,22,V,1,gnomad,0.99999999999681,GPN-star
CCT,22,M,2,roulette,0.93346050357587,GPN-star
CCT,22,M,2,carlson,0.975482637318631,GPN-star
CCT,22,M,2,gnomad,0.999999999996763,GPN-star
CCT,22,P,2,roulette,0.93849588673147,GPN-star
CCT,22,P,2,carlson,0.983935531614788,GPN-star
CCT,22,P,2,gnomad,0.999999999996815,GPN-star
CCT,22,V,2,roulette,0.953437865030289,GPN-star
CCT,22,V,2,carlson,0.975338665217129,GPN-star
CCT,22,V,2,gnomad,0.999999999996818,GPN-star
CCT,22,M,3,roulette,0.946086091770573,GPN-star
CCT,22,M,3,carlson,0.997040182752146,GPN-star
CCT,22,M,3,gnomad,0.99999999999674,GPN-star
CCT,22,P,3,roulette,0.97049020225731,GPN-star
CCT,22,P,3,carlson,1.01041678425204,GPN-star
CCT,22,P,3,gnomad,0.999999999996844,GPN-star
CCT,22,V,3,roulette,0.979113716734426,GPN-star
CCT,22,V,3,carlson,1.00085372776499,GPN-star
CCT,22,V,3,gnomad,0.999999999996828,GPN-star
CCT,22,M,4,roulette,0.974602130625718,GPN-star
CCT,22,M,4,carlson,1.0243189824947,GPN-star
CCT,22,M,4,gnomad,0.999999999996781,GPN-star
CCT,22,P,4,roulette,0.977403883776902,GPN-star
CCT,22,P,4,carlson,1.01504402376911,GPN-star
CCT,22,P,4,gnomad,0.999999999996831,GPN-star
CCT,22,V,4,roulette,0.980769760599762,GPN-star
CCT,22,V,4,carlson,1.00425333038942,GPN-star
CCT,22,V,4,gnomad,0.99999999999682,GPN-star
CCT,22,M,5,roulette,1.00012583214247,GPN-star
CCT,22,M,5,carlson,1.04418002157521,GPN-star
CCT,22,M,5,gnomad,0.999999999996799,GPN-star
CCT,22,P,5,roulette,0.983753930766647,GPN-star
CCT,22,P,5,carlson,1.01789851665299,GPN-star
CCT,22,P,5,gnomad,0.999999999996836,GPN-star
CCT,22,V,5,roulette,0.978169325388304,GPN-star
CCT,22,V,5,carlson,1.00186834561774,GPN-star
CCT,22,V,5,gnomad,0.999999999996818,GPN-star
CCT,22,M,6,roulette,1.00665023988004,GPN-star
CCT,22,M,6,carlson,1.04721669478514,GPN-star
CCT,22,M,6,gnomad,0.999999999996802,GPN-star
CCT,22,P,6,roulette,0.986899882147006,GPN-star
CCT,22,P,6,carlson,1.01784755750414,GPN-star
CCT,22,P,6,gnomad,0.999999999996841,GPN-star
CCT,22,V,6,roulette,0.975108014800571,GPN-star
CCT,22,V,6,carlson,0.9961128014131,GPN-star
CCT,22,V,6,gnomad,0.99999999999682,GPN-star
CCT,22,M,7,roulette,0.995463915238537,GPN-star
CCT,22,M,7,carlson,1.03502187496678,GPN-star
CCT,22,M,7,gnomad,0.999999999996799,GPN-star
CCT,22,P,7,roulette,0.984998392517309,GPN-star
CCT,22,P,7,carlson,1.01473428847373,GPN-star
CCT,22,P,7,gnomad,0.999999999996844,GPN-star
CCT,22,V,7,roulette,0.973193804794749,GPN-star
CCT,22,V,7,carlson,0.992844319622213,GPN-star
CCT,22,V,7,gnomad,0.999999999996807,GPN-star
CCT,22,M,8,roulette,0.986745865178313,GPN-star
CCT,22,M,8,carlson,1.0265303578819,GPN-star
CCT,22,M,8,gnomad,0.999999999996799,GPN-star
CCT,22,P,8,roulette,0.985170319798671,GPN-star
CCT,22,P,8,carlson,1.01109604117605,GPN-star
CCT,22,P,8,gnomad,0.999999999996839,GPN-star
CCT,22,V,8,roulette,0.966856466330968,GPN-star
CCT,22,V,8,carlson,0.991084511391459,GPN-star
CCT,22,V,8,gnomad,0.999999999996794,GPN-star
CCT,22,M,9,roulette,0.981455859991284,GPN-star
CCT,22,M,9,carlson,1.02117095403572,GPN-star
CCT,22,M,9,gnomad,0.999999999996802,GPN-star
CCT,22,P,9,roulette,0.978521343587344,GPN-star
CCT,22,P,9,carlson,1.00421215626388,GPN-star
CCT,22,P,9,gnomad,0.999999999996836,GPN-star
CCT,22,V,9,roulette,0.962390772961627,GPN-star
CCT,22,V,9,carlson,0.982638400391004,GPN-star
CCT,22,V,9,gnomad,0.999999999996768,GPN-star
CCT,22,M,10,roulette,0.975863547255196,GPN-star
CCT,22,M,10,carlson,1.01438543994162,GPN-star
CCT,22,M,10,gnomad,0.999999999996808,GPN-star
CCT,22,P,10,roulette,0.977318212058334,GPN-star
CCT,22,P,10,carlson,1.0046780491049,GPN-star
CCT,22,P,10,gnomad,0.999999999996823,GPN-star
CCT,22,V,10,roulette,0.958049469107457,GPN-star
CCT,22,V,10,carlson,0.979834180671675,GPN-star
CCT,22,V,10,gnomad,0.999999999996786,GPN-star
CCT,22,M,11,roulette,0.971484464402275,GPN-star
CCT,22,M,11,carlson,1.0134122998643,GPN-star
CCT,22,M,11,gnomad,0.999999999996808,GPN-star
CCT,22,P,11,roulette,0.977083750548419,GPN-star
CCT,22,P,11,carlson,1.00020657600778,GPN-star
CCT,22,P,11,gnomad,0.999999999996813,GPN-star
CCT,22,V,11,roulette,0.956336164876263,GPN-star
CCT,22,V,11,carlson,0.977789572412117,GPN-star
CCT,22,V,11,gnomad,0.999999999996825,GPN-star
CCT,22,M,12,roulette,0.969348357694664,GPN-star
CCT,22,M,12,carlson,1.01221240218838,GPN-star
CCT,22,M,12,gnomad,0.99999999999681,GPN-star
CCT,22,P,12,roulette,0.977718136461133,GPN-star
CCT,22,P,12,carlson,1.00307784310891,GPN-star
CCT,22,P,12,gnomad,0.999999999996815,GPN-star
CCT,22,V,12,roulette,0.951880700342553,GPN-star
CCT,22,V,12,carlson,0.975485241749741,GPN-star
CCT,22,V,12,gnomad,0.999999999996862,GPN-star
CGA,22,M,1,roulette,0.826247154636558,GPN-star
CGA,22,M,1,carlson,0.697414569322426,GPN-star
CGA,22,M,1,gnomad,1.00000000000008,GPN-star
CGA,22,P,1,roulette,0.818206445918011,GPN-star
CGA,22,P,1,carlson,0.698795406033917,GPN-star
CGA,22,P,1,gnomad,1.00000000000008,GPN-star
CGA,22,V,1,roulette,0.846186680439084,GPN-star
CGA,22,V,1,carlson,0.70351261132612,GPN-star
CGA,22,V,1,gnomad,1.00000000000008,GPN-star
CGA,22,M,2,roulette,0.751907940595202,GPN-star
CGA,22,M,2,carlson,0.764967136212925,GPN-star
CGA,22,M,2,gnomad,1.00000000000017,GPN-star
CGA,22,P,2,roulette,0.737372722737989,GPN-star
CGA,22,P,2,carlson,0.751113466297084,GPN-star
CGA,22,P,2,gnomad,1.00000000000018,GPN-star
CGA,22,V,2,roulette,0.81908328448999,GPN-star
CGA,22,V,2,carlson,0.763491973491265,GPN-star
CGA,22,V,2,gnomad,1.00000000000021,GPN-star
CGA,22,M,3,roulette,0.797967942199617,GPN-star
CGA,22,M,3,carlson,0.814736609073844,GPN-star
CGA,22,M,3,gnomad,1.0000000000002,GPN-star
CGA,22,P,3,roulette,0.799780954991407,GPN-star
CGA,22,P,3,carlson,0.81684572468018,GPN-star
CGA,22,P,3,gnomad,1.00000000000021,GPN-star
CGA,22,V,3,roulette,0.825164956179554,GPN-star
CGA,22,V,3,carlson,0.796582675665109,GPN-star
CGA,22,V,3,gnomad,1.00000000000021,GPN-star
CGA,22,M,4,roulette,0.840226850864952,GPN-star
CGA,22,M,4,carlson,0.884905963886251,GPN-star
CGA,22,M,4,gnomad,1.00000000000021,GPN-star
CGA,22,P,4,roulette,0.848320803861786,GPN-star
CGA,22,P,4,carlson,0.886112810674491,GPN-star
CGA,22,P,4,gnomad,1.00000000000021,GPN-star
CGA,22,V,4,roulette,0.839417456275996,GPN-star
CGA,22,V,4,carlson,0.835590208076157,GPN-star
CGA,22,V,4,gnomad,1.00000000000019,GPN-star
CGA,22,M,5,roulette,0.893883159438942,GPN-star
CGA,22,M,5,carlson,0.928096449094871,GPN-star
CGA,22,M,5,gnomad,1.00000000000018,GPN-star
CGA,22,P,5,roulette,0.883159331683658,GPN-star
CGA,22,P,5,carlson,0.910983685206599,GPN-star
CGA,22,P,5,gnomad,1.00000000000021,GPN-star
CGA,22,V,5,roulette,0.756143274614065,GPN-star
CGA,22,V,5,carlson,0.761894467995004,GPN-star
CGA,22,V,5,gnomad,1.00000000000012,GPN-star
CGA,22,M,6,roulette,0.910466286491902,GPN-star
CGA,22,M,6,carlson,0.944715807320028,GPN-star
CGA,22,M,6,gnomad,1.00000000000016,GPN-star
CGA,22,P,6,roulette,0.902298773723157,GPN-star
CGA,22,P,6,carlson,0.935443423103509,GPN-star
CGA,22,P,6,gnomad,1.00000000000021,GPN-star
CGA,22,V,6,roulette,0.847932472970004,GPN-star
CGA,22,V,6,carlson,0.867247502463121,GPN-star
CGA,22,V,6,gnomad,1.00000000000007,GPN-star
CGA,22,M,7,roulette,0.909054569619038,GPN-star
CGA,22,M,7,carlson,0.955185374101602,GPN-star
CGA,22,M,7,gnomad,1.00000000000014,GPN-star
CGA,22,P,7,roulette,0.91520877816985,GPN-star
CGA,22,P,7,carlson,0.947226600612494,GPN-star
CGA,22,P,7,gnomad,1.00000000000017,GPN-star
CGA,22,V,7,roulette,0.946119617496978,GPN-star
CGA,22,V,7,carlson,0.96066529088076,GPN-star
CGA,22,V,7,gnomad,1.00000000000006,GPN-star
CGA,22,M,8,roulette,0.910896190652062,GPN-star
CGA,22,M,8,carlson,0.953545308895756,GPN-star
CGA,22,M,8,gnomad,1.00000000000014,GPN-star
CGA,22,P,8,roulette,0.911442218655474,GPN-star
CGA,22,P,8,carlson,0.95490370695795,GPN-star
CGA,22,P,8,gnomad,1.00000000000012,GPN-star
CGA,22,V,8,roulette,0.975525243723172,GPN-star
CGA,22,V,8,carlson,0.991195198825437,GPN-star
CGA,22,V,8,gnomad,1.00000000000007,GPN-star
CGA,22,M,9,roulette,0.88788863123311,GPN-star
CGA,22,M,9,carlson,0.947138279975537,GPN-star
CGA,22,M,9,gnomad,1.00000000000012,GPN-star
CGA,22,P,9,roulette,0.859285560266664,GPN-star
CGA,22,P,9,carlson,0.911392196530233,GPN-star
CGA,22,P,9,gnomad,1.00000000000008,GPN-star
CGA,22,V,9,roulette,0.972508744355866,GPN-star
CGA,22,V,9,carlson,0.986399070342441,GPN-star
CGA,22,V,9,gnomad,1.00000000000013,GPN-star
CGA,22,M,10,roulette,0.885079143178582,GPN-star
CGA,22,M,10,carlson,0.942761469322828,GPN-star
CGA,22,M,10,gnomad,1.0000000000001,GPN-star
CGA,22,P,10,roulette,0.880165510261353,GPN-star
CGA,22,P,10,carlson,0.917124310147589,GPN-star
CGA,22,P,10,gnomad,1.00000000000004,GPN-star
CGA,22,V,10,roulette,0.982406932931947,GPN-star
CGA,22,V,10,carlson,0.992421307750527,GPN-star
CGA,22,V,10,gnomad,1.00000000000021,GPN-star
CGA,22,M,11,roulette,0.892014541864221,GPN-star
CGA,22,M,11,carlson,0.943307419437454,GPN-star
CGA,22,M,11,gnomad,1.00000000000007,GPN-star
CGA,22,P,11,roulette,0.974009504555416,GPN-star
CGA,22,P,11,carlson,0.984674014901261,GPN-star
CGA,22,P,11,gnomad,1.00000000000002,GPN-star
CGA,22,V,11,roulette,0.983864548366751,GPN-star
CGA,22,V,11,carlson,0.993843185040735,GPN-star
CGA,22,V,11,gnomad,1.00000000000021,GPN-star
CGA,22,M,12,roulette,0.942343688730378,GPN-star
CGA,22,M,12,carlson,0.970452926372471,GPN-star
CGA,22,M,12,gnomad,1.00000000000006,GPN-star
CGA,22,P,12,roulette,1.00391043121185,GPN-star
CGA,22,P,12,carlson,1.00481000622217,GPN-star
CGA,22,P,12,gnomad,1.00000000000002,GPN-star
CGA,22,V,12,roulette,0.987360338431728,GPN-star
CGA,22,V,12,carlson,0.992134162941834,GPN-star
CGA,22,V,12,gnomad,1.00000000000021,GPN-star
CGC,22,M,1,roulette,0.670771696383537,GPN-star
CGC,22,M,1,carlson,0.634640868709727,GPN-star
CGC,22,M,1,gnomad,1.00000000000116,GPN-star
CGC,22,P,1,roulette,0.662897709179189,GPN-star
CGC,22,P,1,carlson,0.630710617832059,GPN-star
CGC,22,P,1,gnomad,1.0000000000006,GPN-star
CGC,22,V,1,roulette,0.702370374134841,GPN-star
CGC,22,V,1,carlson,0.650730789705871,GPN-star
CGC,22,V,1,gnomad,1.00000000000127,GPN-star
CGC,22,M,2,roulette,0.531998864597228,GPN-star
CGC,22,M,2,carlson,0.554248367399688,GPN-star
CGC,22,M,2,gnomad,1.00000000000102,GPN-star
CGC,22,P,2,roulette,0.526019586744438,GPN-star
CGC,22,P,2,carlson,0.555655179249297,GPN-star
CGC,22,P,2,gnomad,1.00000000000051,GPN-star
CGC,22,V,2,roulette,0.55577118797777,GPN-star
CGC,22,V,2,carlson,0.542341840611437,GPN-star
CGC,22,V,2,gnomad,1.00000000000124,GPN-star
CGC,22,M,3,roulette,0.642840783624242,GPN-star
CGC,22,M,3,carlson,0.672835816366766,GPN-star
CGC,22,M,3,gnomad,1.00000000000106,GPN-star
CGC,22,P,3,roulette,0.618630125368856,GPN-star
CGC,22,P,3,carlson,0.650821055391183,GPN-star
CGC,22,P,3,gnomad,1.00000000000054,GPN-star
CGC,22,V,3,roulette,0.625179547188648,GPN-star
CGC,22,V,3,carlson,0.609180582496962,GPN-star
CGC,22,V,3,gnomad,1.00000000000126,GPN-star
CGC,22,M,4,roulette,0.708074566174532,GPN-star
CGC,22,M,4,carlson,0.75520051461065,GPN-star
CGC,22,M,4,gnomad,1.00000000000107,GPN-star
CGC,22,P,4,roulette,0.680648148276425,GPN-star
CGC,22,P,4,carlson,0.739159287580112,GPN-star
CGC,22,P,4,gnomad,1.00000000000058,GPN-star
CGC,22,V,4,roulette,0.634706801597663,GPN-star
CGC,22,V,4,carlson,0.646924789808814,GPN-star
CGC,22,V,4,gnomad,1.00000000000126,GPN-star
CGC,22,M,5,roulette,0.750673344325602,GPN-star
CGC,22,M,5,carlson,0.800139413511143,GPN-star
CGC,22,M,5,gnomad,1.00000000000107,GPN-star
CGC,22,P,5,roulette,0.728080051944002,GPN-star
CGC,22,P,5,carlson,0.774946619409844,GPN-star
CGC,22,P,5,gnomad,1.0000000000006,GPN-star
CGC,22,V,5,roulette,0.592335415450985,GPN-star
CGC,22,V,5,carlson,0.605600745909146,GPN-star
CGC,22,V,5,gnomad,1.00000000000123,GPN-star
CGC,22,M,6,roulette,0.772428499928702,GPN-star
CGC,22,M,6,carlson,0.828244486630192,GPN-star
CGC,22,M,6,gnomad,1.00000000000107,GPN-star
CGC,22,P,6,roulette,0.767472426329819,GPN-star
CGC,22,P,6,carlson,0.839741469266362,GPN-star
CGC,22,P,6,gnomad,1.00000000000058,GPN-star
CGC,22,V,6,roulette,0.736585332784501,GPN-star
CGC,22,V,6,carlson,0.766396196564303,GPN-star
CGC,22,V,6,gnomad,1.00000000000121,GPN-star
CGC,22,M,7,roulette,0.787320083883877,GPN-star
CGC,22,M,7,carlson,0.854068497452101,GPN-star
CGC,22,M,7,gnomad,1.00000000000106,GPN-star
CGC,22,P,7,roulette,0.789409380292386,GPN-star
CGC,22,P,7,carlson,0.869626475674329,GPN-star
CGC,22,P,7,gnomad,1.00000000000056,GPN-star
CGC,22,V,7,roulette,0.83860351021517,GPN-star
CGC,22,V,7,carlson,0.88334369393231,GPN-star
CGC,22,V,7,gnomad,1.00000000000122,GPN-star
CGC,22,M,8,roulette,0.793272220123268,GPN-star
CGC,22,M,8,carlson,0.860710729956462,GPN-star
CGC,22,M,8,gnomad,1.00000000000105,GPN-star
CGC,22,P,8,roulette,0.801047464542768,GPN-star
CGC,22,P,8,carlson,0.874089445539079,GPN-star
CGC,22,P,8,gnomad,1.00000000000053,GPN-star
CGC,22,V,8,roulette,0.874146545153199,GPN-star
CGC,22,V,8,carlson,0.918941670306216,GPN-star
CGC,22,V,8,gnomad,1.00000000000122,GPN-star
CGC,22,M,9,roulette,0.79837349867229,GPN-star
CGC,22,M,9,carlson,0.885561073083087,GPN-star
CGC,22,M,9,gnomad,1.00000000000104,GPN-star
CGC,22,P,9,roulette,0.747488689933533,GPN-star
CGC,22,P,9,carlson,0.844327405964197,GPN-star
CGC,22,P,9,gnomad,1.00000000000049,GPN-star
CGC,22,V,9,roulette,0.916158024280004,GPN-star
CGC,22,V,9,carlson,0.935204169682605,GPN-star
CGC,22,V,9,gnomad,1.00000000000127,GPN-star
CGC,22,M,10,roulette,0.826286743818362,GPN-star
CGC,22,M,10,carlson,0.906234763715601,GPN-star
CGC,22,M,10,gnomad,1.00000000000102,GPN-star
CGC,22,P,10,roulette,0.921727495279668,GPN-star
CGC,22,P,10,carlson,0.968507574862378,GPN-star
CGC,22,P,10,gnomad,1.00000000000077,GPN-star
CGC,22,V,10,roulette,0.90891667067998,GPN-star
CGC,22,V,10,carlson,0.935731296204863,GPN-star
CGC,22,V,10,gnomad,1.00000000000131,GPN-star
CGC,22,M,11,roulette,0.899373517389056,GPN-star
CGC,22,M,11,carlson,0.961238235385756,GPN-star
CGC,22,M,11,gnomad,1.00000000000101,GPN-star
CGC,22,P,11,roulette,0.986749162698453,GPN-star
CGC,22,P,11,carlson,1.00746880169343,GPN-star
CGC,22,P,11,gnomad,1.00000000000086,GPN-star
CGC,22,V,11,roulette,0.922238757108217,GPN-star
CGC,22,V,11,carlson,0.94884372641548,GPN-star
CGC,22,V,11,gnomad,1.00000000000133,GPN-star
CGC,22,M,12,roulette,0.959440795096626,GPN-star
CGC,22,M,12,carlson,0.997465062363098,GPN-star
CGC,22,M,12,gnomad,1.00000000000114,GPN-star
CGC,22,P,12,roulette,0.970080889291205,GPN-star
CGC,22,P,12,carlson,1.0036936257362,GPN-star
CGC,22,P,12,gnomad,1.00000000000073,GPN-star
CGC,22,V,12,roulette,0.921791630526138,GPN-star
CGC,22,V,12,carlson,0.934482453979687,GPN-star
CGC,22,V,12,gnomad,1.00000000000132,GPN-star
CGG,22,M,1,roulette,0.773192485525668,GPN-star
CGG,22,M,1,carlson,0.727627937398262,GPN-star
CGG,22,M,1,gnomad,1.00000000000133,GPN-star
CGG,22,P,1,roulette,0.775974441421829,GPN-star
CGG,22,P,1,carlson,0.736768985786024,GPN-star
CGG,22,P,1,gnomad,1.00000000000128,GPN-star
CGG,22,V,1,roulette,0.800014829161518,GPN-star
CGG,22,V,1,carlson,0.738509293483083,GPN-star
CGG,22,V,1,gnomad,1.00000000000059,GPN-star
CGG,22,M,2,roulette,0.633059631093495,GPN-star
CGG,22,M,2,carlson,0.633475005699351,GPN-star
CGG,22,M,2,gnomad,1.00000000000131,GPN-star
CGG,22,P,2,roulette,0.610040843703803,GPN-star
CGG,22,P,2,carlson,0.627761536374099,GPN-star
CGG,22,P,2,gnomad,1.00000000000125,GPN-star
CGG,22,V,2,roulette,0.655321747904131,GPN-star
CGG,22,V,2,carlson,0.631729457038762,GPN-star
CGG,22,V,2,gnomad,1.00000000000055,GPN-star
CGG,22,M,3,roulette,0.699552327875161,GPN-star
CGG,22,M,3,carlson,0.707113292165231,GPN-star
CGG,22,M,3,gnomad,1.0000000000013,GPN-star
CGG,22,P,3,roulette,0.679278463273844,GPN-star
CGG,22,P,3,carlson,0.685096457263935,GPN-star
CGG,22,P,3,gnomad,1.00000000000125,GPN-star
CGG,22,V,3,roulette,0.696002830099053,GPN-star
CGG,22,V,3,carlson,0.676828889590445,GPN-star
CGG,22,V,3,gnomad,1.00000000000055,GPN-star
CGG,22,M,4,roulette,0.745085209602076,GPN-star
CGG,22,M,4,carlson,0.762916078352641,GPN-star
CGG,22,M,4,gnomad,1.00000000000129,GPN-star
CGG,22,P,4,roulette,0.747561705398485,GPN-star
CGG,22,P,4,carlson,0.75424537239241,GPN-star
CGG,22,P,4,gnomad,1.00000000000122,GPN-star
CGG,22,V,4,roulette,0.750818423377752,GPN-star
CGG,22,V,4,carlson,0.740568293509201,GPN-star
CGG,22,V,4,gnomad,1.00000000000056,GPN-star
CGG,22,M,5,roulette,0.776592481969469,GPN-star
CGG,22,M,5,carlson,0.800443404575672,GPN-star
CGG,22,M,5,gnomad,1.00000000000129,GPN-star
CGG,22,P,5,roulette,0.781495844813559,GPN-star
CGG,22,P,5,carlson,0.827257629864878,GPN-star
CGG,22,P,5,gnomad,1.0000000000012,GPN-star
CGG,22,V,5,roulette,0.679379031517474,GPN-star
CGG,22,V,5,carlson,0.684887843996444,GPN-star
CGG,22,V,5,gnomad,1.00000000000058,GPN-star
CGG,22,M,6,roulette,0.805553283073022,GPN-star
CGG,22,M,6,carlson,0.856579413834882,GPN-star
CGG,22,M,6,gnomad,1.00000000000129,GPN-star
CGG,22,P,6,roulette,0.828713607907147,GPN-star
CGG,22,P,6,carlson,0.875276320889909,GPN-star
CGG,22,P,6,gnomad,1.00000000000121,GPN-star
CGG,22,V,6,roulette,0.752508492909973,GPN-star
CGG,22,V,6,carlson,0.772016978064727,GPN-star
CGG,22,V,6,gnomad,1.0000000000006,GPN-star
CGG,22,M,7,roulette,0.824247974489914,GPN-star
CGG,22,M,7,carlson,0.879803133281283,GPN-star
CGG,22,M,7,gnomad,1.0000000000013,GPN-star
CGG,22,P,7,roulette,0.843336310781616,GPN-star
CGG,22,P,7,carlson,0.893639889775541,GPN-star
CGG,22,P,7,gnomad,1.00000000000123,GPN-star
CGG,22,V,7,roulette,0.88861733031063,GPN-star
CGG,22,V,7,carlson,0.915427387468747,GPN-star
CGG,22,V,7,gnomad,1.00000000000061,GPN-star
CGG,22,M,8,roulette,0.837504179493869,GPN-star
CGG,22,M,8,carlson,0.904088940446853,GPN-star
CGG,22,M,8,gnomad,1.00000000000131,GPN-star
CGG,22,P,8,roulette,0.833445765610533,GPN-star
CGG,22,P,8,carlson,0.894852049054309,GPN-star
CGG,22,P,8,gnomad,1.00000000000125,GPN-star
CGG,22,V,8,roulette,0.936318931237638,GPN-star
CGG,22,V,8,carlson,0.957636942969532,GPN-star
CGG,22,V,8,gnomad,1.0000000000006,GPN-star
CGG,22,M,9,roulette,0.827961706199321,GPN-star
CGG,22,M,9,carlson,0.891612253437273,GPN-star
CGG,22,M,9,gnomad,1.00000000000131,GPN-star
CGG,22,P,9,roulette,0.77689011352881,GPN-star
CGG,22,P,9,carlson,0.841718853354242,GPN-star
CGG,22,P,9,gnomad,1.00000000000129,GPN-star
CGG,22,V,9,roulette,0.951298360754086,GPN-star
CGG,22,V,9,carlson,0.976570067325215,GPN-star
CGG,22,V,9,gnomad,1.00000000000056,GPN-star
CGG,22,M,10,roulette,0.837588499144257,GPN-star
CGG,22,M,10,carlson,0.903237561181992,GPN-star
CGG,22,M,10,gnomad,1.00000000000133,GPN-star
CGG,22,P,10,roulette,0.900814279275537,GPN-star
CGG,22,P,10,carlson,0.939699100451402,GPN-star
CGG,22,P,10,gnomad,1.00000000000119,GPN-star
CGG,22,V,10,roulette,0.958811968845344,GPN-star
CGG,22,V,10,carlson,0.973752393904294,GPN-star
CGG,22,V,10,gnomad,1.00000000000053,GPN-star
CGG,22,M,11,roulette,0.881051305492472,GPN-star
CGG,22,M,11,carlson,0.933081918111333,GPN-star
CGG,22,M,11,gnomad,1.00000000000134,GPN-star
CGG,22,P,11,roulette,0.950588280520469,GPN-star
CGG,22,P,11,carlson,0.975707153909866,GPN-star
CGG,22,P,11,gnomad,1.0000000000008,GPN-star
CGG,22,V,11,roulette,0.969799860723966,GPN-star
CGG,22,V,11,carlson,0.974931679579315,GPN-star
CGG,22,V,11,gnomad,1.00000000000049,GPN-star
CGG,22,M,12,roulette,0.937543822106202,GPN-star
CGG,22,M,12,carlson,0.973956709865405,GPN-star
CGG,22,M,12,gnomad,1.00000000000134,GPN-star
CGG,22,P,12,roulette,0.980062986029866,GPN-star
CGG,22,P,12,carlson,1.00051221613999,GPN-star
CGG,22,P,12,gnomad,1.00000000000113,GPN-star
CGG,22,V,12,roulette,0.966764107430574,GPN-star
CGG,22,V,12,carlson,0.975831242213117,GPN-star
CGG,22,V,12,gnomad,1.00000000000047,GPN-star
CGT,22,M,1,roulette,0.816116831505166,GPN-star
CGT,22,M,1,carlson,0.712332352910692,GPN-star
CGT,22,M,1,gnomad,0.999999999999321,GPN-star
CGT,22,P,1,roulette,0.80155220639188,GPN-star
CGT,22,P,1,carlson,0.706293912152055,GPN-star
CGT,22,P,1,gnomad,0.999999999999462,GPN-star
CGT,22,V,1,roulette,0.849543643713053,GPN-star
CGT,22,V,1,carlson,0.720754133892486,GPN-star
CGT,22,V,1,gnomad,0.999999999999233,GPN-star
CGT,22,M,2,roulette,0.757846555866943,GPN-star
CGT,22,M,2,carlson,0.787315022512362,GPN-star
CGT,22,M,2,gnomad,0.999999999999319,GPN-star
CGT,22,P,2,roulette,0.770601538837448,GPN-star
CGT,22,P,2,carlson,0.793734240271372,GPN-star
CGT,22,P,2,gnomad,0.99999999999946,GPN-star
CGT,22,V,2,roulette,0.796018522586699,GPN-star
CGT,22,V,2,carlson,0.779628988622765,GPN-star
CGT,22,V,2,gnomad,0.99999999999923,GPN-star
CGT,22,M,3,roulette,0.837046056495683,GPN-star
CGT,22,M,3,carlson,0.880858257883453,GPN-star
CGT,22,M,3,gnomad,0.999999999999319,GPN-star
CGT,22,P,3,roulette,0.830626425262856,GPN-star
CGT,22,P,3,carlson,0.871902010501472,GPN-star
CGT,22,P,3,gnomad,0.999999999999458,GPN-star
CGT,22,V,3,roulette,0.840387486292382,GPN-star
CGT,22,V,3,carlson,0.827630842463793,GPN-star
CGT,22,V,3,gnomad,0.999999999999228,GPN-star
CGT,22,M,4,roulette,0.892740633284213,GPN-star
CGT,22,M,4,carlson,0.931073545471234,GPN-star
CGT,22,M,4,gnomad,0.999999999999319,GPN-star
CGT,22,P,4,roulette,0.859485776749201,GPN-star
CGT,22,P,4,carlson,0.917399044446218,GPN-star
CGT,22,P,4,gnomad,0.999999999999458,GPN-star
CGT,22,V,4,roulette,0.821058227672772,GPN-star
CGT,22,V,4,carlson,0.827683159277264,GPN-star
CGT,22,V,4,gnomad,0.99999999999923,GPN-star
CGT,22,M,5,roulette,0.906062218938215,GPN-star
CGT,22,M,5,carlson,0.954042764754537,GPN-star
CGT,22,M,5,gnomad,0.999999999999319,GPN-star
CGT,22,P,5,roulette,0.892669333153194,GPN-star
CGT,22,P,5,carlson,0.931644035436187,GPN-star
CGT,22,P,5,gnomad,0.999999999999458,GPN-star
CGT,22,V,5,roulette,0.761978422776972,GPN-star
CGT,22,V,5,carlson,0.764715282630138,GPN-star
CGT,22,V,5,gnomad,0.999999999999232,GPN-star
CGT,22,M,6,roulette,0.916720640504399,GPN-star
CGT,22,M,6,carlson,0.965169504175091,GPN-star
CGT,22,M,6,gnomad,0.999999999999321,GPN-star
CGT,22,P,6,roulette,0.908339221351454,GPN-star
CGT,22,P,6,carlson,0.945741789960395,GPN-star
CGT,22,P,6,gnomad,0.99999999999946,GPN-star
CGT,22,V,6,roulette,0.889430111271152,GPN-star
CGT,22,V,6,carlson,0.896463738031702,GPN-star
CGT,22,V,6,gnomad,0.999999999999233,GPN-star
CGT,22,M,7,roulette,0.901233074816186,GPN-star
CGT,22,M,7,carlson,0.961389242686518,GPN-star
CGT,22,M,7,gnomad,0.999999999999321,GPN-star
CGT,22,P,7,roulette,0.905391367797853,GPN-star
CGT,22,P,7,carlson,0.945408856975151,GPN-star
CGT,22,P,7,gnomad,0.99999999999946,GPN-star
CGT,22,V,7,roulette,0.955595637306133,GPN-star
CGT,22,V,7,carlson,0.963108148967929,GPN-star
CGT,22,V,7,gnomad,0.999999999999235,GPN-star
CGT,22,M,8,roulette,0.902936001272827,GPN-star
CGT,22,M,8,carlson,0.94827426585534,GPN-star
CGT,22,M,8,gnomad,0.999999999999321,GPN-star
CGT,22,P,8,roulette,0.843673891742023,GPN-star
CGT,22,P,8,carlson,0.903019161883809,GPN-star
CGT,22,P,8,gnomad,0.999999999999462,GPN-star
CGT,22,V,8,roulette,0.976227257948237,GPN-star
CGT,22,V,8,carlson,0.984051597518553,GPN-star
CGT,22,V,8,gnomad,0.999999999999233,GPN-star
CGT,22,M,9,roulette,0.89883276615725,GPN-star
CGT,22,M,9,carlson,0.951741276082032,GPN-star
CGT,22,M,9,gnomad,0.999999999999321,GPN-star
CGT,22,P,9,roulette,0.911145415489985,GPN-star
CGT,22,P,9,carlson,0.939186470301306,GPN-star
CGT,22,P,9,gnomad,0.999999999999464,GPN-star
CGT,22,V,9,roulette,0.980907404108096,GPN-star
CGT,22,V,9,carlson,0.986371266602238,GPN-star
CGT,22,V,9,gnomad,0.999999999999233,GPN-star
CGT,22,M,10,roulette,0.940837598645551,GPN-star
CGT,22,M,10,carlson,0.971399321957211,GPN-star
CGT,22,M,10,gnomad,0.999999999999324,GPN-star
CGT,22,P,10,roulette,0.981032175255164,GPN-star
CGT,22,P,10,carlson,0.983296835751552,GPN-star
CGT,22,P,10,gnomad,0.999999999999085,GPN-star
CGT,22,V,10,roulette,0.987279480873753,GPN-star
CGT,22,V,10,carlson,0.986791071242747,GPN-star
CGT,22,V,10,gnomad,0.99999999999923,GPN-star
CGT,22,M,11,roulette,0.97586686984091,GPN-star
CGT,22,M,11,carlson,0.988175821864935,GPN-star
CGT,22,M,11,gnomad,0.999999999999324,GPN-star
CGT,22,P,11,roulette,0.988795328276042,GPN-star
CGT,22,P,11,carlson,0.987419619009877,GPN-star
CGT,22,P,11,gnomad,0.999999999999124,GPN-star
CGT,22,V,11,roulette,0.975982228478357,GPN-star
CGT,22,V,11,carlson,0.979765050903259,GPN-star
CGT,22,V,11,gnomad,0.999999999999228,GPN-star
CGT,22,M,12,roulette,0.983898275953487,GPN-star
CGT,22,M,12,carlson,0.984047174007468,GPN-star
CGT,22,M,12,gnomad,0.999999999999324,GPN-star
CGT,22,P,12,roulette,1.00481776168938,GPN-star
CGT,22,P,12,carlson,0.991152487640438,GPN-star
CGT,22,P,12,gnomad,0.999999999999464,GPN-star
CGT,22,V,12,roulette,0.989369298214292,GPN-star
CGT,22,V,12,carlson,1.00149352787266,GPN-star
CGT,22,V,12,gnomad,0.999999999999228,GPN-star
CTA,22,M,1,roulette,0.945653595708055,GPN-star
CTA,22,M,1,carlson,1.14490944871629,GPN-star
CTA,22,M,1,gnomad,0.999999999999355,GPN-star
CTA,22,P,1,roulette,0.938355639895799,GPN-star
CTA,22,P,1,carlson,1.11950916517083,GPN-star
CTA,22,P,1,gnomad,0.999999999999293,GPN-star
CTA,22,V,1,roulette,0.944795284428824,GPN-star
CTA,22,V,1,carlson,1.11976130293207,GPN-star
CTA,22,V,1,gnomad,1.00000000000058,GPN-star
CTA,22,M,2,roulette,0.954008643067609,GPN-star
CTA,22,M,2,carlson,1.04503606456782,GPN-star
CTA,22,M,2,gnomad,0.999999999999176,GPN-star
CTA,22,P,2,roulette,0.963648734274488,GPN-star
CTA,22,P,2,carlson,1.04089511957345,GPN-star
CTA,22,P,2,gnomad,0.999999999999019,GPN-star
CTA,22,V,2,roulette,0.9522979387748,GPN-star
CTA,22,V,2,carlson,1.02006722732125,GPN-star
CTA,22,V,2,gnomad,1.00000000000043,GPN-star
CTA,22,M,3,roulette,0.970379399717327,GPN-star
CTA,22,M,3,carlson,1.03126254451998,GPN-star
CTA,22,M,3,gnomad,0.999999999999127,GPN-star
CTA,22,P,3,roulette,0.979016908309004,GPN-star
CTA,22,P,3,carlson,1.02912456174586,GPN-star
CTA,22,P,3,gnomad,0.999999999999055,GPN-star
CTA,22,V,3,roulette,0.976622407725445,GPN-star
CTA,22,V,3,carlson,1.02577680651917,GPN-star
CTA,22,V,3,gnomad,1.00000000000041,GPN-star
CTA,22,M,4,roulette,0.982894610030365,GPN-star
CTA,22,M,4,carlson,1.02966158389612,GPN-star
CTA,22,M,4,gnomad,0.99999999999914,GPN-star
CTA,22,P,4,roulette,0.98685533470628,GPN-star
CTA,22,P,4,carlson,1.02113593985304,GPN-star
CTA,22,P,4,gnomad,0.999999999999019,GPN-star
CTA,22,V,4,roulette,0.983961623398426,GPN-star
CTA,22,V,4,carlson,1.0275367090166,GPN-star
CTA,22,V,4,gnomad,1.00000000000043,GPN-star
CTA,22,M,5,roulette,0.989064839996084,GPN-star
CTA,22,M,5,carlson,1.03411125601363,GPN-star
CTA,22,M,5,gnomad,0.999999999999145,GPN-star
CTA,22,P,5,roulette,0.993486625776228,GPN-star
CTA,22,P,5,carlson,1.01900447222856,GPN-star
CTA,22,P,5,gnomad,0.999999999999019,GPN-star
CTA,22,V,5,roulette,0.982191810637808,GPN-star
CTA,22,V,5,carlson,1.01060238878457,GPN-star
CTA,22,V,5,gnomad,1.00000000000043,GPN-star
CTA,22,M,6,roulette,0.991371016424945,GPN-star
CTA,22,M,6,carlson,1.02950601743975,GPN-star
CTA,22,M,6,gnomad,0.999999999999145,GPN-star
CTA,22,P,6,roulette,0.993379400323186,GPN-star
CTA,22,P,6,carlson,1.01464295755571,GPN-star
CTA,22,P,6,gnomad,0.999999999999028,GPN-star
CTA,22,V,6,roulette,0.985439287192722,GPN-star
CTA,22,V,6,carlson,1.0127349747077,GPN-star
CTA,22,V,6,gnomad,1.00000000000044,GPN-star
CTA,22,M,7,roulette,0.991940787502523,GPN-star
CTA,22,M,7,carlson,1.02439988735681,GPN-star
CTA,22,M,7,gnomad,0.999999999999122,GPN-star
CTA,22,P,7,roulette,0.991216910184167,GPN-star
CTA,22,P,7,carlson,1.0115999896287,GPN-star
CTA,22,P,7,gnomad,0.999999999999028,GPN-star
CTA,22,V,7,roulette,0.984788207870504,GPN-star
CTA,22,V,7,carlson,1.00819539121041,GPN-star
CTA,22,V,7,gnomad,1.00000000000048,GPN-star
CTA,22,M,8,roulette,0.990871721352887,GPN-star
CTA,22,M,8,carlson,1.03038328666222,GPN-star
CTA,22,M,8,gnomad,0.999999999999122,GPN-star
CTA,22,P,8,roulette,0.986830566543653,GPN-star
CTA,22,P,8,carlson,1.00469848688288,GPN-star
CTA,22,P,8,gnomad,0.999999999999033,GPN-star
CTA,22,V,8,roulette,0.981248429183027,GPN-star
CTA,22,V,8,carlson,1.01036226259567,GPN-star
CTA,22,V,8,gnomad,1.00000000000055,GPN-star
CTA,22,M,9,roulette,0.990098074200939,GPN-star
CTA,22,M,9,carlson,1.02536757856415,GPN-star
CTA,22,M,9,gnomad,0.999999999999122,GPN-star
CTA,22,P,9,roulette,0.986833107254178,GPN-star
CTA,22,P,9,carlson,1.0075453206936,GPN-star
CTA,22,P,9,gnomad,0.999999999999051,GPN-star
CTA,22,V,9,roulette,0.983434066505074,GPN-star
CTA,22,V,9,carlson,1.01525692806262,GPN-star
CTA,22,V,9,gnomad,1.00000000000058,GPN-star
CTA,22,M,10,roulette,0.990632790136234,GPN-star
CTA,22,M,10,carlson,1.02350630232676,GPN-star
CTA,22,M,10,gnomad,0.999999999999127,GPN-star
CTA,22,P,10,roulette,0.990606049855113,GPN-star
CTA,22,P,10,carlson,1.00120185032348,GPN-star
CTA,22,P,10,gnomad,0.999999999999064,GPN-star
CTA,22,V,10,roulette,0.979859678099125,GPN-star
CTA,22,V,10,carlson,1.01460263386586,GPN-star
CTA,22,V,10,gnomad,1.00000000000056,GPN-star
CTA,22,M,11,roulette,0.990800153254431,GPN-star
CTA,22,M,11,carlson,1.01712992184622,GPN-star
CTA,22,M,11,gnomad,0.999999999999149,GPN-star
CTA,22,P,11,roulette,0.990595708327989,GPN-star
CTA,22,P,11,carlson,0.996979961711832,GPN-star
CTA,22,P,11,gnomad,0.999999999999105,GPN-star
CTA,22,V,11,roulette,0.977363326798688,GPN-star
CTA,22,V,11,carlson,1.0116148769468,GPN-star
CTA,22,V,11,gnomad,1.00000000000052,GPN-star
CTA,22,M,12,roulette,0.994596175851381,GPN-star
CTA,22,M,12,carlson,1.024344975954,GPN-star
CTA,22,M,12,gnomad,0.999999999999158,GPN-star
CTA,22,P,12,roulette,0.986902433212882,GPN-star
CTA,22,P,12,carlson,0.994245829338808,GPN-star
CTA,22,P,12,gnomad,0.999999999999082,GPN-star
CTA,22,V,12,roulette,0.977083173057479,GPN-star
CTA,22,V,12,carlson,1.01010238404313,GPN-star
CTA,22,V,12,gnomad,1.00000000000047,GPN-star
CTC,22,M,1,roulette,0.946545625646489,GPN-star
CTC,22,M,1,carlson,0.929186202561862,GPN-star
CTC,22,M,1,gnomad,1.00000000000403,GPN-star
CTC,22,P,1,roulette,0.941531787698193,GPN-star
CTC,22,P,1,carlson,0.924500389951556,GPN-star
CTC,22,P,1,gnomad,1.00000000000384,GPN-star
CTC,22,V,1,roulette,0.948413661080379,GPN-star
CTC,22,V,1,carlson,0.920331863397694,GPN-star
CTC,22,V,1,gnomad,1.00000000000463,GPN-star
CTC,22,M,2,roulette,0.958086000075605,GPN-star
CTC,22,M,2,carlson,1.02756330864562,GPN-star
CTC,22,M,2,gnomad,1.00000000000421,GPN-star
CTC,22,P,2,roulette,0.96666292457789,GPN-star
CTC,22,P,2,carlson,1.03457581765721,GPN-star
CTC,22,P,2,gnomad,1.00000000000385,GPN-star
CTC,22,V,2,roulette,0.964275911043201,GPN-star
CTC,22,V,2,carlson,1.0256688610662,GPN-star
CTC,22,V,2,gnomad,1.00000000000469,GPN-star
CTC,22,M,3,roulette,0.962701010719123,GPN-star
CTC,22,M,3,carlson,1.05074298129216,GPN-star
CTC,22,M,3,gnomad,1.00000000000428,GPN-star
CTC,22,P,3,roulette,0.969147995012087,GPN-star
CTC,22,P,3,carlson,1.03332005280171,GPN-star
CTC,22,P,3,gnomad,1.00000000000406,GPN-star
CTC,22,V,3,roulette,0.97513403951952,GPN-star
CTC,22,V,3,carlson,1.01766024190189,GPN-star
CTC,22,V,3,gnomad,1.00000000000472,GPN-star
CTC,22,M,4,roulette,0.976590317342209,GPN-star
CTC,22,M,4,carlson,1.05687687536445,GPN-star
CTC,22,M,4,gnomad,1.00000000000422,GPN-star
CTC,22,P,4,roulette,0.969276806430009,GPN-star
CTC,22,P,4,carlson,1.03733492746986,GPN-star
CTC,22,P,4,gnomad,1.00000000000404,GPN-star
CTC,22,V,4,roulette,0.981902524159343,GPN-star
CTC,22,V,4,carlson,1.01430573325007,GPN-star
CTC,22,V,4,gnomad,1.00000000000472,GPN-star
CTC,22,M,5,roulette,0.980163913285641,GPN-star
CTC,22,M,5,carlson,1.05421598549745,GPN-star
CTC,22,M,5,gnomad,1.00000000000421,GPN-star
CTC,22,P,5,roulette,0.974117358980662,GPN-star
CTC,22,P,5,carlson,1.0370932828547,GPN-star
CTC,22,P,5,gnomad,1.00000000000403,GPN-star
CTC,22,V,5,roulette,0.977826872557571,GPN-star
CTC,22,V,5,carlson,1.00621856536904,GPN-star
CTC,22,V,5,gnomad,1.00000000000474,GPN-star
CTC,22,M,6,roulette,0.981078043734469,GPN-star
CTC,22,M,6,carlson,1.04900723838925,GPN-star
CTC,22,M,6,gnomad,1.00000000000421,GPN-star
CTC,22,P,6,roulette,0.969893536919777,GPN-star
CTC,22,P,6,carlson,1.02748334768716,GPN-star
CTC,22,P,6,gnomad,1.00000000000403,GPN-star
CTC,22,V,6,roulette,0.978817584156578,GPN-star
CTC,22,V,6,carlson,1.00958180746043,GPN-star
CTC,22,V,6,gnomad,1.00000000000473,GPN-star
CTC,22,M,7,roulette,0.979294459925397,GPN-star
CTC,22,M,7,carlson,1.04445965265748,GPN-star
CTC,22,M,7,gnomad,1.00000000000423,GPN-star
CTC,22,P,7,roulette,0.965425117725345,GPN-star
CTC,22,P,7,carlson,1.0193317584518,GPN-star
CTC,22,P,7,gnomad,1.00000000000404,GPN-star
CTC,22,V,7,roulette,0.977162915355464,GPN-star
CTC,22,V,7,carlson,1.01180171649859,GPN-star
CTC,22,V,7,gnomad,1.00000000000469,GPN-star
CTC,22,M,8,roulette,0.973799306434633,GPN-star
CTC,22,M,8,carlson,1.03657303485885,GPN-star
CTC,22,M,8,gnomad,1.00000000000426,GPN-star
CTC,22,P,8,roulette,0.966855824563081,GPN-star
CTC,22,P,8,carlson,1.01799009634197,GPN-star
CTC,22,P,8,gnomad,1.00000000000406,GPN-star
CTC,22,V,8,roulette,0.974393208580911,GPN-star
CTC,22,V,8,carlson,1.01377158930168,GPN-star
CTC,22,V,8,gnomad,1.00000000000464,GPN-star
CTC,22,M,9,roulette,0.975501673658165,GPN-star
CTC,22,M,9,carlson,1.0298494378107,GPN-star
CTC,22,M,9,gnomad,1.00000000000426,GPN-star
CTC,22,P,9,roulette,0.965978426984764,GPN-star
CTC,22,P,9,carlson,1.01850385471496,GPN-star
CTC,22,P,9,gnomad,1.00000000000406,GPN-star
CTC,22,V,9,roulette,0.963449855555613,GPN-star
CTC,22,V,9,carlson,1.00917491183743,GPN-star
CTC,22,V,9,gnomad,1.00000000000452,GPN-star
CTC,22,M,10,roulette,0.974776521330512,GPN-star
CTC,22,M,10,carlson,1.03324981640117,GPN-star
CTC,22,M,10,gnomad,1.00000000000426,GPN-star
CTC,22,P,10,roulette,0.967736520945982,GPN-star
CTC,22,P,10,carlson,1.0130595527406,GPN-star
CTC,22,P,10,gnomad,1.00000000000403,GPN-star
CTC,22,V,10,roulette,0.957409782659327,GPN-star
CTC,22,V,10,carlson,1.0110162958448,GPN-star
CTC,22,V,10,gnomad,1.00000000000449,GPN-star
CTC,22,M,11,roulette,0.973119400918871,GPN-star
CTC,22,M,11,carlson,1.02600011994694,GPN-star
CTC,22,M,11,gnomad,1.00000000000427,GPN-star
CTC,22,P,11,roulette,0.965497559239675,GPN-star
CTC,22,P,11,carlson,1.00864655386614,GPN-star
CTC,22,P,11,gnomad,1.00000000000402,GPN-star
CTC,22,V,11,roulette,0.94743219378807,GPN-star
CTC,22,V,11,carlson,1.0125011760866,GPN-star
CTC,22,V,11,gnomad,1.00000000000457,GPN-star
CTC,22,M,12,roulette,0.974732157752431,GPN-star
CTC,22,M,12,carlson,1.02717205264434,GPN-star
CTC,22,M,12,gnomad,1.00000000000427,GPN-star
CTC,22,P,12,roulette,0.962882715661911,GPN-star
CTC,22,P,12,carlson,1.00141017780188,GPN-star
CTC,22,P,12,gnomad,1.00000000000404,GPN-star
CTC,22,V,12,roulette,0.950835017614131,GPN-star
CTC,22,V,12,carlson,1.01594213930641,GPN-star
CTC,22,V,12,gnomad,1.00000000000468,GPN-star
CTG,22,M,1,roulette,0.955394704677086,GPN-star
CTG,22,M,1,carlson,0.884278279270766,GPN-star
CTG,22,M,1,gnomad,0.999999999996866,GPN-star
CTG,22,P,1,roulette,0.95145022586942,GPN-star
CTG,22,P,1,carlson,0.868572052094565,GPN-star
CTG,22,P,1,gnomad,0.999999999997448,GPN-star
CTG,22,V,1,roulette,0.957705614250364,GPN-star
CTG,22,V,1,carlson,0.882780487425649,GPN-star
CTG,22,V,1,gnomad,0.999999999995745,GPN-star
CTG,22,M,2,roulette,0.945133015185538,GPN-star
CTG,22,M,2,carlson,0.981284059746119,GPN-star
CTG,22,M,2,gnomad,0.999999999996875,GPN-star
CTG,22,P,2,roulette,0.947253437369158,GPN-star
CTG,22,P,2,carlson,0.98616344177154,GPN-star
CTG,22,P,2,gnomad,0.999999999997553,GPN-star
CTG,22,V,2,roulette,0.955452624897488,GPN-star
CTG,22,V,2,carlson,0.991920259550179,GPN-star
CTG,22,V,2,gnomad,0.999999999995736,GPN-star
CTG,22,M,3,roulette,0.972660310132313,GPN-star
CTG,22,M,3,carlson,1.01684472525492,GPN-star
CTG,22,M,3,gnomad,0.999999999996862,GPN-star
CTG,22,P,3,roulette,0.981560828721571,GPN-star
CTG,22,P,3,carlson,1.00530240557907,GPN-star
CTG,22,P,3,gnomad,0.999999999997444,GPN-star
CTG,22,V,3,roulette,0.977692472694547,GPN-star
CTG,22,V,3,carlson,0.999315004561108,GPN-star
CTG,22,V,3,gnomad,0.999999999995766,GPN-star
CTG,22,M,4,roulette,0.997979085302442,GPN-star
CTG,22,M,4,carlson,1.03806127255144,GPN-star
CTG,22,M,4,gnomad,0.999999999996949,GPN-star
CTG,22,P,4,roulette,0.988459949601395,GPN-star
CTG,22,P,4,carlson,1.01194693864406,GPN-star
CTG,22,P,4,gnomad,0.999999999997349,GPN-star
CTG,22,V,4,roulette,0.979928563257259,GPN-star
CTG,22,V,4,carlson,0.991580128543074,GPN-star
CTG,22,V,4,gnomad,0.999999999995779,GPN-star
CTG,22,M,5,roulette,1.00227955148528,GPN-star
CTG,22,M,5,carlson,1.03838974992128,GPN-star
CTG,22,M,5,gnomad,0.99999999999701,GPN-star
CTG,22,P,5,roulette,0.993386808570863,GPN-star
CTG,22,P,5,carlson,1.0150971270258,GPN-star
CTG,22,P,5,gnomad,0.999999999997396,GPN-star
CTG,22,V,5,roulette,0.974765724105201,GPN-star
CTG,22,V,5,carlson,0.990165506117204,GPN-star
CTG,22,V,5,gnomad,0.999999999995793,GPN-star
CTG,22,M,6,roulette,0.997670315859254,GPN-star
CTG,22,M,6,carlson,1.0357595981961,GPN-star
CTG,22,M,6,gnomad,0.999999999997036,GPN-star
CTG,22,P,6,roulette,0.989614533935404,GPN-star
CTG,22,P,6,carlson,1.00828937103072,GPN-star
CTG,22,P,6,gnomad,0.999999999997414,GPN-star
CTG,22,V,6,roulette,0.971773364253333,GPN-star
CTG,22,V,6,carlson,0.990490366706318,GPN-star
CTG,22,V,6,gnomad,0.999999999995745,GPN-star
CTG,22,M,7,roulette,0.992202710453556,GPN-star
CTG,22,M,7,carlson,1.02595478782754,GPN-star
CTG,22,M,7,gnomad,0.999999999997027,GPN-star
CTG,22,P,7,roulette,0.988496432150831,GPN-star
CTG,22,P,7,carlson,1.00030182910845,GPN-star
CTG,22,P,7,gnomad,0.999999999997414,GPN-star
CTG,22,V,7,roulette,0.98140835675262,GPN-star
CTG,22,V,7,carlson,0.999688046701649,GPN-star
CTG,22,V,7,gnomad,0.999999999995705,GPN-star
CTG,22,M,8,roulette,0.990788420228429,GPN-star
CTG,22,M,8,carlson,1.02245968976896,GPN-star
CTG,22,M,8,gnomad,0.99999999999701,GPN-star
CTG,22,P,8,roulette,0.987256978023767,GPN-star
CTG,22,P,8,carlson,1.00298551964689,GPN-star
CTG,22,P,8,gnomad,0.999999999997414,GPN-star
CTG,22,V,8,roulette,0.989698249504756,GPN-star
CTG,22,V,8,carlson,1.00239439599097,GPN-star
CTG,22,V,8,gnomad,0.999999999995784,GPN-star
CTG,22,M,9,roulette,0.983522721825823,GPN-star
CTG,22,M,9,carlson,1.01336836506895,GPN-star
CTG,22,M,9,gnomad,0.999999999996988,GPN-star
CTG,22,P,9,roulette,0.987116636045979,GPN-star
CTG,22,P,9,carlson,1.00120910078441,GPN-star
CTG,22,P,9,gnomad,0.999999999997423,GPN-star
CTG,22,V,9,roulette,0.992701947471448,GPN-star
CTG,22,V,9,carlson,0.99720684082947,GPN-star
CTG,22,V,9,gnomad,0.999999999996053,GPN-star
CTG,22,M,10,roulette,0.981744912073056,GPN-star
CTG,22,M,10,carlson,1.01352913575321,GPN-star
CTG,22,M,10,gnomad,0.999999999996975,GPN-star
CTG,22,P,10,roulette,0.990146302630801,GPN-star
CTG,22,P,10,carlson,0.999892787175546,GPN-star
CTG,22,P,10,gnomad,0.999999999997461,GPN-star
CTG,22,V,10,roulette,0.988831566908179,GPN-star
CTG,22,V,10,carlson,0.9975130524378,GPN-star
CTG,22,V,10,gnomad,0.99999999999624,GPN-star
CTG,22,M,11,roulette,0.979354799368666,GPN-star
CTG,22,M,11,carlson,1.0076174732442,GPN-star
CTG,22,M,11,gnomad,0.999999999996975,GPN-star
CTG,22,P,11,roulette,0.98699903330305,GPN-star
CTG,22,P,11,carlson,1.00320565088289,GPN-star
CTG,22,P,11,gnomad,0.999999999997488,GPN-star
CTG,22,V,11,roulette,0.990253511562111,GPN-star
CTG,22,V,11,carlson,0.999504898643004,GPN-star
CTG,22,V,11,gnomad,0.999999999996179,GPN-star
CTG,22,M,12,roulette,0.979151321221163,GPN-star
CTG,22,M,12,carlson,1.00296461445337,GPN-star
CTG,22,M,12,gnomad,0.999999999996966,GPN-star
CTG,22,P,12,roulette,0.986006759120995,GPN-star
CTG,22,P,12,carlson,0.998069971060101,GPN-star
CTG,22,P,12,gnomad,0.999999999997448,GPN-star
CTG,22,V,12,roulette,0.990520318027603,GPN-star
CTG,22,V,12,carlson,1.00095153927801,GPN-star
CTG,22,V,12,gnomad,0.999999999996175,GPN-star
CTT,22,M,1,roulette,0.966721183063353,GPN-star
CTT,22,M,1,carlson,1.0382523210371,GPN-star
CTT,22,M,1,gnomad,1.0000000000107,GPN-star
CTT,22,P,1,roulette,0.963211952175844,GPN-star
CTT,22,P,1,carlson,1.02376790513492,GPN-star
CTT,22,P,1,gnomad,1.00000000001128,GPN-star
CTT,22,V,1,roulette,0.965596012568654,GPN-star
CTT,22,V,1,carlson,1.02637275701459,GPN-star
CTT,22,V,1,gnomad,1.00000000001153,GPN-star
CTT,22,M,2,roulette,0.933063718558356,GPN-star
CTT,22,M,2,carlson,1.0010847098029,GPN-star
CTT,22,M,2,gnomad,1.00000000001071,GPN-star
CTT,22,P,2,roulette,0.956362340933152,GPN-star
CTT,22,P,2,carlson,1.01910511349857,GPN-star
CTT,22,P,2,gnomad,1.00000000001129,GPN-star
CTT,22,V,2,roulette,0.945313350145897,GPN-star
CTT,22,V,2,carlson,0.996733515614918,GPN-star
CTT,22,V,2,gnomad,1.00000000001154,GPN-star
CTT,22,M,3,roulette,0.940314332967196,GPN-star
CTT,22,M,3,carlson,0.995912943524671,GPN-star
CTT,22,M,3,gnomad,1.00000000001071,GPN-star
CTT,22,P,3,roulette,0.965903102305386,GPN-star
CTT,22,P,3,carlson,1.00845993578462,GPN-star
CTT,22,P,3,gnomad,1.00000000001128,GPN-star
CTT,22,V,3,roulette,0.960638177474145,GPN-star
CTT,22,V,3,carlson,1.00053442351593,GPN-star
CTT,22,V,3,gnomad,1.00000000001153,GPN-star
CTT,22,M,4,roulette,0.956487891315906,GPN-star
CTT,22,M,4,carlson,1.00509028465824,GPN-star
CTT,22,M,4,gnomad,1.0000000000107,GPN-star
CTT,22,P,4,roulette,0.971627412083597,GPN-star
CTT,22,P,4,carlson,1.00747617387633,GPN-star
CTT,22,P,4,gnomad,1.00000000001128,GPN-star
CTT,22,V,4,roulette,0.967932611250747,GPN-star
CTT,22,V,4,carlson,0.99602069052985,GPN-star
CTT,22,V,4,gnomad,1.00000000001152,GPN-star
CTT,22,M,5,roulette,0.964338140110959,GPN-star
CTT,22,M,5,carlson,1.00351909670518,GPN-star
CTT,22,M,5,gnomad,1.0000000000107,GPN-star
CTT,22,P,5,roulette,0.977065738221813,GPN-star
CTT,22,P,5,carlson,1.00738034069895,GPN-star
CTT,22,P,5,gnomad,1.00000000001127,GPN-star
CTT,22,V,5,roulette,0.968164862870265,GPN-star
CTT,22,V,5,carlson,0.994087843018977,GPN-star
CTT,22,V,5,gnomad,1.00000000001152,GPN-star
CTT,22,M,6,roulette,0.963123202827656,GPN-star
CTT,22,M,6,carlson,1.00812939035031,GPN-star
CTT,22,M,6,gnomad,1.0000000000107,GPN-star
CTT,22,P,6,roulette,0.978696675659826,GPN-star
CTT,22,P,6,carlson,1.00617829472184,GPN-star
CTT,22,P,6,gnomad,1.00000000001127,GPN-star
CTT,22,V,6,roulette,0.970865128666262,GPN-star
CTT,22,V,6,carlson,0.992156674937555,GPN-star
CTT,22,V,6,gnomad,1.00000000001152,GPN-star
CTT,22,M,7,roulette,0.963251030601254,GPN-star
CTT,22,M,7,carlson,1.00049432698015,GPN-star
CTT,22,M,7,gnomad,1.00000000001069,GPN-star
CTT,22,P,7,roulette,0.984207280472629,GPN-star
CTT,22,P,7,carlson,1.00731560527047,GPN-star
CTT,22,P,7,gnomad,1.00000000001127,GPN-star
CTT,22,V,7,roulette,0.964589789420423,GPN-star
CTT,22,V,7,carlson,0.98917360363106,GPN-star
CTT,22,V,7,gnomad,1.00000000001152,GPN-star
CTT,22,M,8,roulette,0.962074207672574,GPN-star
CTT,22,M,8,carlson,1.00335473656373,GPN-star
CTT,22,M,8,gnomad,1.0000000000107,GPN-star
CTT,22,P,8,roulette,0.981428744360314,GPN-star
CTT,22,P,8,carlson,1.00679405620936,GPN-star
CTT,22,P,8,gnomad,1.00000000001127,GPN-star
CTT,22,V,8,roulette,0.959824786486692,GPN-star
CTT,22,V,8,carlson,0.981594294493974,GPN-star
CTT,22,V,8,gnomad,1.00000000001151,GPN-star
CTT,22,M,9,roulette,0.967404265494802,GPN-star
CTT,22,M,9,carlson,1.0010648565715,GPN-star
CTT,22,M,9,gnomad,1.00000000001069,GPN-star
CTT,22,P,9,roulette,0.983406282931295,GPN-star
CTT,22,P,9,carlson,1.00742325577773,GPN-star
CTT,22,P,9,gnomad,1.00000000001126,GPN-star
CTT,22,V,9,roulette,0.957208083745591,GPN-star
CTT,22,V,9,carlson,0.991370672651447,GPN-star
CTT,22,V,9,gnomad,1.0000000000115,GPN-star
CTT,22,M,10,roulette,0.965804795937629,GPN-star
CTT,22,M,10,carlson,1.0016430035092,GPN-star
CTT,22,M,10,gnomad,1.00000000001069,GPN-star
CTT,22,P,10,roulette,0.983202190276414,GPN-star
CTT,22,P,10,carlson,1.00466943547873,GPN-star
CTT,22,P,10,gnomad,1.00000000001126,GPN-star
CTT,22,V,10,roulette,0.95110319237247,GPN-star
CTT,22,V,10,carlson,0.988775263567915,GPN-star
CTT,22,V,10,gnomad,1.0000000000115,GPN-star
CTT,22,M,11,roulette,0.966857050894464,GPN-star
CTT,22,M,11,carlson,0.99871619176272,GPN-star
CTT,22,M,11,gnomad,1.00000000001069,GPN-star
CTT,22,P,11,roulette,0.984559936793888,GPN-star
CTT,22,P,11,carlson,1.00804163439829,GPN-star
CTT,22,P,11,gnomad,1.00000000001125,GPN-star
CTT,22,V,11,roulette,0.952297346931116,GPN-star
CTT,22,V,11,carlson,0.994396330342299,GPN-star
CTT,22,V,11,gnomad,1.00000000001151,GPN-star
CTT,22,M,12,roulette,0.964379960516692,GPN-star
CTT,22,M,12,carlson,0.999163758156513,GPN-star
CTT,22,M,12,gnomad,1.00000000001069,GPN-star
CTT,22,P,12,roulette,0.986618956529589,GPN-star
CTT,22,P,12,carlson,1.00333791959729,GPN-star
CTT,22,P,12,gnomad,1.00000000001125,GPN-star
CTT,22,V,12,roulette,0.947936141085481,GPN-star
CTT,22,V,12,carlson,0.985295588325596,GPN-star
CTT,22,V,12,gnomad,1.00000000001153,GPN-star
GAA,22,M,1,roulette,0.956194363583702,GPN-star
GAA,22,M,1,carlson,0.988509775553265,GPN-star
GAA,22,M,1,gnomad,0.999999999993019,GPN-star
GAA,22,P,1,roulette,0.959773894464947,GPN-star
GAA,22,P,1,carlson,0.991091471137381,GPN-star
GAA,22,P,1,gnomad,0.999999999992627,GPN-star
GAA,22,V,1,roulette,0.976332942180498,GPN-star
GAA,22,V,1,carlson,1.00058550201907,GPN-star
GAA,22,V,1,gnomad,0.999999999993365,GPN-star
GAA,22,M,2,roulette,0.988265157056948,GPN-star
GAA,22,M,2,carlson,1.03101134046843,GPN-star
GAA,22,M,2,gnomad,0.999999999992953,GPN-star
GAA,22,P,2,roulette,0.998229917651538,GPN-star
GAA,22,P,2,carlson,1.04300750952753,GPN-star
GAA,22,P,2,gnomad,0.999999999992694,GPN-star
GAA,22,V,2,roulette,1.01514563535119,GPN-star
GAA,22,V,2,carlson,1.05560178139414,GPN-star
GAA,22,V,2,gnomad,0.999999999993365,GPN-star
GAA,22,M,3,roulette,0.998216677835042,GPN-star
GAA,22,M,3,carlson,1.03375454850718,GPN-star
GAA,22,M,3,gnomad,0.999999999992993,GPN-star
GAA,22,P,3,roulette,1.00814274845383,GPN-star
GAA,22,P,3,carlson,1.03445419450126,GPN-star
GAA,22,P,3,gnomad,0.99999999999272,GPN-star
GAA,22,V,3,roulette,1.01891469844847,GPN-star
GAA,22,V,3,carlson,1.05244472236801,GPN-star
GAA,22,V,3,gnomad,0.999999999993458,GPN-star
GAA,22,M,4,roulette,1.00760442977996,GPN-star
GAA,22,M,4,carlson,1.04651599068641,GPN-star
GAA,22,M,4,gnomad,0.999999999993073,GPN-star
GAA,22,P,4,roulette,1.00296291420131,GPN-star
GAA,22,P,4,carlson,1.02995515092907,GPN-star
GAA,22,P,4,gnomad,0.999999999992734,GPN-star
GAA,22,V,4,roulette,1.01519461525738,GPN-star
GAA,22,V,4,carlson,1.04449563155461,GPN-star
GAA,22,V,4,gnomad,0.999999999993484,GPN-star
GAA,22,M,5,roulette,1.01151991411732,GPN-star
GAA,22,M,5,carlson,1.0497102008392,GPN-star
GAA,22,M,5,gnomad,0.999999999993106,GPN-star
GAA,22,P,5,roulette,1.0000968087724,GPN-star
GAA,22,P,5,carlson,1.02613875510884,GPN-star
GAA,22,P,5,gnomad,0.99999999999276,GPN-star
GAA,22,V,5,roulette,1.01695929640533,GPN-star
GAA,22,V,5,carlson,1.03964916830701,GPN-star
GAA,22,V,5,gnomad,0.999999999993464,GPN-star
GAA,22,M,6,roulette,1.0140769188754,GPN-star
GAA,22,M,6,carlson,1.04343696051256,GPN-star
GAA,22,M,6,gnomad,0.999999999993119,GPN-star
GAA,22,P,6,roulette,0.998240417414989,GPN-star
GAA,22,P,6,carlson,1.02038338936106,GPN-star
GAA,22,P,6,gnomad,0.99999999999278,GPN-star
GAA,22,V,6,roulette,1.01365935660691,GPN-star
GAA,22,V,6,carlson,1.03884332980854,GPN-star
GAA,22,V,6,gnomad,0.999999999993458,GPN-star
GAA,22,M,7,roulette,1.01109353042705,GPN-star
GAA,22,M,7,carlson,1.04390375876288,GPN-star
GAA,22,M,7,gnomad,0.999999999993099,GPN-star
GAA,22,P,7,roulette,0.996514806738238,GPN-star
GAA,22,P,7,carlson,1.01751700495012,GPN-star
GAA,22,P,7,gnomad,0.999999999992793,GPN-star
GAA,22,V,7,roulette,1.01021114265501,GPN-star
GAA,22,V,7,carlson,1.03698573000272,GPN-star
GAA,22,V,7,gnomad,0.999999999993458,GPN-star
GAA,22,M,8,roulette,1.00878510544716,GPN-star
GAA,22,M,8,carlson,1.03712706854383,GPN-star
GAA,22,M,8,gnomad,0.999999999993106,GPN-star
GAA,22,P,8,roulette,0.99177073933714,GPN-star
GAA,22,P,8,carlson,1.00937922481625,GPN-star
GAA,22,P,8,gnomad,0.9999999999928,GPN-star
GAA,22,V,8,roulette,0.995549864942115,GPN-star
GAA,22,V,8,carlson,1.02439898663703,GPN-star
GAA,22,V,8,gnomad,0.999999999993431,GPN-star
GAA,22,M,9,roulette,1.0035710944987,GPN-star
GAA,22,M,9,carlson,1.03901349857018,GPN-star
GAA,22,M,9,gnomad,0.999999999993106,GPN-star
GAA,22,P,9,roulette,0.991593059107091,GPN-star
GAA,22,P,9,carlson,1.0166159093276,GPN-star
GAA,22,P,9,gnomad,0.999999999992827,GPN-star
GAA,22,V,9,roulette,0.983069056271705,GPN-star
GAA,22,V,9,carlson,1.00967721046379,GPN-star
GAA,22,V,9,gnomad,0.999999999993338,GPN-star
GAA,22,M,10,roulette,1.00465576252824,GPN-star
GAA,22,M,10,carlson,1.03058300636831,GPN-star
GAA,22,M,10,gnomad,0.999999999993112,GPN-star
GAA,22,P,10,roulette,0.991066920318582,GPN-star
GAA,22,P,10,carlson,1.0115421288144,GPN-star
GAA,22,P,10,gnomad,0.999999999992853,GPN-star
GAA,22,V,10,roulette,0.982774697465259,GPN-star
GAA,22,V,10,carlson,1.01294999867105,GPN-star
GAA,22,V,10,gnomad,0.999999999993305,GPN-star
GAA,22,M,11,roulette,0.999450035899788,GPN-star
GAA,22,M,11,carlson,1.02602843151512,GPN-star
GAA,22,M,11,gnomad,0.999999999993126,GPN-star
GAA,22,P,11,roulette,0.98671346046736,GPN-star
GAA,22,P,11,carlson,1.00758376708715,GPN-star
GAA,22,P,11,gnomad,0.99999999999288,GPN-star
GAA,22,V,11,roulette,0.985526353945869,GPN-star
GAA,22,V,11,carlson,1.01661566086088,GPN-star
GAA,22,V,11,gnomad,0.999999999993358,GPN-star
GAA,22,M,12,roulette,1.00079941432589,GPN-star
GAA,22,M,12,carlson,1.02580767760083,GPN-star
GAA,22,M,12,gnomad,0.999999999993159,GPN-star
GAA,22,P,12,roulette,0.988925405650632,GPN-star
GAA,22,P,12,carlson,1.00857296968446,GPN-star
GAA,22,P,12,gnomad,0.999999999992873,GPN-star
GAA,22,V,12,roulette,0.98326506225952,GPN-star
GAA,22,V,12,carlson,1.01103795201624,GPN-star
GAA,22,V,12,gnomad,0.999999999993438,GPN-star
GAC,22,M,1,roulette,0.938930174035637,GPN-star
GAC,22,M,1,carlson,0.855915044537272,GPN-star
GAC,22,M,1,gnomad,0.999999999994838,GPN-star
GAC,22,P,1,roulette,0.936754737997578,GPN-star
GAC,22,P,1,carlson,0.860666049211356,GPN-star
GAC,22,P,1,gnomad,0.999999999994754,GPN-star
GAC,22,V,1,roulette,0.941596850233555,GPN-star
GAC,22,V,1,carlson,0.849838674117505,GPN-star
GAC,22,V,1,gnomad,0.999999999994675,GPN-star
GAC,22,M,2,roulette,0.972764395685328,GPN-star
GAC,22,M,2,carlson,1.01538806808284,GPN-star
GAC,22,M,2,gnomad,0.999999999994843,GPN-star
GAC,22,P,2,roulette,0.970221194824882,GPN-star
GAC,22,P,2,carlson,1.00991444963374,GPN-star
GAC,22,P,2,gnomad,0.999999999994764,GPN-star
GAC,22,V,2,roulette,0.975959423574686,GPN-star
GAC,22,V,2,carlson,1.01753106871935,GPN-star
GAC,22,V,2,gnomad,0.999999999994685,GPN-star
GAC,22,M,3,roulette,0.997855658017294,GPN-star
GAC,22,M,3,carlson,1.05973571905513,GPN-star
GAC,22,M,3,gnomad,0.999999999994847,GPN-star
GAC,22,P,3,roulette,0.986071027226168,GPN-star
GAC,22,P,3,carlson,1.02096599945634,GPN-star
GAC,22,P,3,gnomad,0.999999999994764,GPN-star
GAC,22,V,3,roulette,0.990305185529583,GPN-star
GAC,22,V,3,carlson,1.03805038243891,GPN-star
GAC,22,V,3,gnomad,0.99999999999469,GPN-star
GAC,22,M,4,roulette,1.00128227019595,GPN-star
GAC,22,M,4,carlson,1.05823050128147,GPN-star
GAC,22,M,4,gnomad,0.999999999994847,GPN-star
GAC,22,P,4,roulette,0.997445529755929,GPN-star
GAC,22,P,4,carlson,1.0371521754725,GPN-star
GAC,22,P,4,gnomad,0.999999999994764,GPN-star
GAC,22,V,4,roulette,0.992151426429774,GPN-star
GAC,22,V,4,carlson,1.02915768788367,GPN-star
GAC,22,V,4,gnomad,0.99999999999469,GPN-star
GAC,22,M,5,roulette,1.00006776765965,GPN-star
GAC,22,M,5,carlson,1.0524635185876,GPN-star
GAC,22,M,5,gnomad,0.999999999994852,GPN-star
GAC,22,P,5,roulette,0.996051248659604,GPN-star
GAC,22,P,5,carlson,1.03507579612637,GPN-star
GAC,22,P,5,gnomad,0.999999999994764,GPN-star
GAC,22,V,5,roulette,0.986788026279517,GPN-star
GAC,22,V,5,carlson,1.0212344215212,GPN-star
GAC,22,V,5,gnomad,0.99999999999469,GPN-star
GAC,22,M,6,roulette,0.999800634457498,GPN-star
GAC,22,M,6,carlson,1.05004048188538,GPN-star
GAC,22,M,6,gnomad,0.999999999994852,GPN-star
GAC,22,P,6,roulette,0.994824801918471,GPN-star
GAC,22,P,6,carlson,1.02948405182085,GPN-star
GAC,22,P,6,gnomad,0.999999999994764,GPN-star
GAC,22,V,6,roulette,0.985263967434199,GPN-star
GAC,22,V,6,carlson,1.02344221692628,GPN-star
GAC,22,V,6,gnomad,0.99999999999469,GPN-star
GAC,22,M,7,roulette,0.99574584581516,GPN-star
GAC,22,M,7,carlson,1.04640413114149,GPN-star
GAC,22,M,7,gnomad,0.999999999994852,GPN-star
GAC,22,P,7,roulette,0.988082811347768,GPN-star
GAC,22,P,7,carlson,1.02314506785888,GPN-star
GAC,22,P,7,gnomad,0.999999999994764,GPN-star
GAC,22,V,7,roulette,0.981427960394307,GPN-star
GAC,22,V,7,carlson,1.020629456746,GPN-star
GAC,22,V,7,gnomad,0.999999999994685,GPN-star
GAC,22,M,8,roulette,0.99493999773349,GPN-star
GAC,22,M,8,carlson,1.03785992875334,GPN-star
GAC,22,M,8,gnomad,0.999999999994852,GPN-star
GAC,22,P,8,roulette,0.984870568974323,GPN-star
GAC,22,P,8,carlson,1.0178053192954,GPN-star
GAC,22,P,8,gnomad,0.999999999994764,GPN-star
GAC,22,V,8,roulette,0.974584307510779,GPN-star
GAC,22,V,8,carlson,1.01658044122581,GPN-star
GAC,22,V,8,gnomad,0.99999999999469,GPN-star
GAC,22,M,9,roulette,0.986606937317544,GPN-star
GAC,22,M,9,carlson,1.0285259418241,GPN-star
GAC,22,M,9,gnomad,0.999999999994847,GPN-star
GAC,22,P,9,roulette,0.986153683567743,GPN-star
GAC,22,P,9,carlson,1.01145941079687,GPN-star
GAC,22,P,9,gnomad,0.999999999994764,GPN-star
GAC,22,V,9,roulette,0.96975381298689,GPN-star
GAC,22,V,9,carlson,1.01775865404081,GPN-star
GAC,22,V,9,gnomad,0.999999999994685,GPN-star
GAC,22,M,10,roulette,0.985115266877716,GPN-star
GAC,22,M,10,carlson,1.02884054090661,GPN-star
GAC,22,M,10,gnomad,0.999999999994847,GPN-star
GAC,22,P,10,roulette,0.988819345251519,GPN-star
GAC,22,P,10,carlson,1.01292333922572,GPN-star
GAC,22,P,10,gnomad,0.999999999994769,GPN-star
GAC,22,V,10,roulette,0.966755281381598,GPN-star
GAC,22,V,10,carlson,1.02666683599831,GPN-star
GAC,22,V,10,gnomad,0.99999999999468,GPN-star
GAC,22,M,11,roulette,0.985384864778622,GPN-star
GAC,22,M,11,carlson,1.02499328717257,GPN-star
GAC,22,M,11,gnomad,0.999999999994847,GPN-star
GAC,22,P,11,roulette,0.981602497258941,GPN-star
GAC,22,P,11,carlson,1.01020659743439,GPN-star
GAC,22,P,11,gnomad,0.999999999994769,GPN-star
GAC,22,V,11,roulette,0.968862380814943,GPN-star
GAC,22,V,11,carlson,1.03109451450655,GPN-star
GAC,22,V,11,gnomad,0.999999999994675,GPN-star
GAC,22,M,12,roulette,0.98022401170637,GPN-star
GAC,22,M,12,carlson,1.01564578356353,GPN-star
GAC,22,M,12,gnomad,0.999999999994847,GPN-star
GAC,22,P,12,roulette,0.983926767519567,GPN-star
GAC,22,P,12,carlson,1.00106022525361,GPN-star
GAC,22,P,12,gnomad,0.999999999994769,GPN-star
GAC,22,V,12,roulette,0.972329040958995,GPN-star
GAC,22,V,12,carlson,1.02894085596428,GPN-star
GAC,22,V,12,gnomad,0.999999999994675,GPN-star
GAG,22,M,1,roulette,0.94413302722937,GPN-star
GAG,22,M,1,carlson,0.92703304375066,GPN-star
GAG,22,M,1,gnomad,1.00000000000344,GPN-star
GAG,22,P,1,roulette,0.939466496467172,GPN-star
GAG,22,P,1,carlson,0.928035365905383,GPN-star
GAG,22,P,1,gnomad,1.00000000000341,GPN-star
GAG,22,V,1,roulette,0.938977149723045,GPN-star
GAG,22,V,1,carlson,0.922944952527188,GPN-star
GAG,22,V,1,gnomad,1.00000000000245,GPN-star
GAG,22,M,2,roulette,0.949888054671402,GPN-star
GAG,22,M,2,carlson,1.0299397784258,GPN-star
GAG,22,M,2,gnomad,1.00000000000353,GPN-star
GAG,22,P,2,roulette,0.965994483699498,GPN-star
GAG,22,P,2,carlson,1.03560325989902,GPN-star
GAG,22,P,2,gnomad,1.00000000000353,GPN-star
GAG,22,V,2,roulette,0.955637381909898,GPN-star
GAG,22,V,2,carlson,1.02196322844823,GPN-star
GAG,22,V,2,gnomad,1.00000000000253,GPN-star
GAG,22,M,3,roulette,0.966182155401215,GPN-star
GAG,22,M,3,carlson,1.0512782687303,GPN-star
GAG,22,M,3,gnomad,1.00000000000375,GPN-star
GAG,22,P,3,roulette,0.963866005114939,GPN-star
GAG,22,P,3,carlson,1.03275772766501,GPN-star
GAG,22,P,3,gnomad,1.00000000000373,GPN-star
GAG,22,V,3,roulette,0.970041782619953,GPN-star
GAG,22,V,3,carlson,1.01613082356812,GPN-star
GAG,22,V,3,gnomad,1.00000000000264,GPN-star
GAG,22,M,4,roulette,0.978656088594812,GPN-star
GAG,22,M,4,carlson,1.05809625711249,GPN-star
GAG,22,M,4,gnomad,1.00000000000375,GPN-star
GAG,22,P,4,roulette,0.96823454200068,GPN-star
GAG,22,P,4,carlson,1.03598098908742,GPN-star
GAG,22,P,4,gnomad,1.00000000000374,GPN-star
GAG,22,V,4,roulette,0.971938430563335,GPN-star
GAG,22,V,4,carlson,1.01287288397726,GPN-star
GAG,22,V,4,gnomad,1.00000000000266,GPN-star
GAG,22,M,5,roulette,0.979512892385827,GPN-star
GAG,22,M,5,carlson,1.05465211343643,GPN-star
GAG,22,M,5,gnomad,1.00000000000374,GPN-star
GAG,22,P,5,roulette,0.968541496075338,GPN-star
GAG,22,P,5,carlson,1.03277108328271,GPN-star
GAG,22,P,5,gnomad,1.00000000000374,GPN-star
GAG,22,V,5,roulette,0.974347296231096,GPN-star
GAG,22,V,5,carlson,1.01206734792047,GPN-star
GAG,22,V,5,gnomad,1.00000000000258,GPN-star
GAG,22,M,6,roulette,0.978672157035451,GPN-star
GAG,22,M,6,carlson,1.05115623023485,GPN-star
GAG,22,M,6,gnomad,1.00000000000374,GPN-star
GAG,22,P,6,roulette,0.967331781720061,GPN-star
GAG,22,P,6,carlson,1.02903373367362,GPN-star
GAG,22,P,6,gnomad,1.00000000000374,GPN-star
GAG,22,V,6,roulette,0.97703935098362,GPN-star
GAG,22,V,6,carlson,1.0160603403539,GPN-star
GAG,22,V,6,gnomad,1.00000000000258,GPN-star
GAG,22,M,7,roulette,0.972480533014116,GPN-star
GAG,22,M,7,carlson,1.0419573931691,GPN-star
GAG,22,M,7,gnomad,1.00000000000377,GPN-star
GAG,22,P,7,roulette,0.966161091975965,GPN-star
GAG,22,P,7,carlson,1.0234126019148,GPN-star
GAG,22,P,7,gnomad,1.00000000000374,GPN-star
GAG,22,V,7,roulette,0.969237617622204,GPN-star
GAG,22,V,7,carlson,1.01410162600085,GPN-star
GAG,22,V,7,gnomad,1.0000000000026,GPN-star
GAG,22,M,8,roulette,0.973174418641186,GPN-star
GAG,22,M,8,carlson,1.03588552163906,GPN-star
GAG,22,M,8,gnomad,1.00000000000379,GPN-star
GAG,22,P,8,roulette,0.963029487669086,GPN-star
GAG,22,P,8,carlson,1.01468044753558,GPN-star
GAG,22,P,8,gnomad,1.00000000000375,GPN-star
GAG,22,V,8,roulette,0.957940187444647,GPN-star
GAG,22,V,8,carlson,1.01157342735487,GPN-star
GAG,22,V,8,gnomad,1.00000000000252,GPN-star
GAG,22,M,9,roulette,0.970871829254851,GPN-star
GAG,22,M,9,carlson,1.02861380489273,GPN-star
GAG,22,M,9,gnomad,1.0000000000038,GPN-star
GAG,22,P,9,roulette,0.963178854036937,GPN-star
GAG,22,P,9,carlson,1.01096660304758,GPN-star
GAG,22,P,9,gnomad,1.00000000000374,GPN-star
GAG,22,V,9,roulette,0.936173981563571,GPN-star
GAG,22,V,9,carlson,0.999299094769673,GPN-star
GAG,22,V,9,gnomad,1.00000000000236,GPN-star
GAG,22,M,10,roulette,0.971679107755165,GPN-star
GAG,22,M,10,carlson,1.03116957065267,GPN-star
GAG,22,M,10,gnomad,1.00000000000376,GPN-star
GAG,22,P,10,roulette,0.964868606312673,GPN-star
GAG,22,P,10,carlson,1.01055061689396,GPN-star
GAG,22,P,10,gnomad,1.00000000000375,GPN-star
GAG,22,V,10,roulette,0.935783847211151,GPN-star
GAG,22,V,10,carlson,1.00552293812036,GPN-star
GAG,22,V,10,gnomad,1.00000000000211,GPN-star
GAG,22,M,11,roulette,0.972483049057023,GPN-star
GAG,22,M,11,carlson,1.02627282531665,GPN-star
GAG,22,M,11,gnomad,1.0000000000037,GPN-star
GAG,22,P,11,roulette,0.96504595086762,GPN-star
GAG,22,P,11,carlson,1.00832559590806,GPN-star
GAG,22,P,11,gnomad,1.00000000000374,GPN-star
GAG,22,V,11,roulette,0.950783901772654,GPN-star
GAG,22,V,11,carlson,1.02378351473543,GPN-star
GAG,22,V,11,gnomad,1.00000000000205,GPN-star
GAG,22,M,12,roulette,0.973864514490673,GPN-star
GAG,22,M,12,carlson,1.0234879110255,GPN-star
GAG,22,M,12,gnomad,1.00000000000367,GPN-star
GAG,22,P,12,roulette,0.962663988529769,GPN-star
GAG,22,P,12,carlson,1.00108691461286,GPN-star
GAG,22,P,12,gnomad,1.00000000000374,GPN-star
GAG,22,V,12,roulette,0.970661598201361,GPN-star
GAG,22,V,12,carlson,1.04028881407133,GPN-star
GAG,22,V,12,gnomad,1.00000000000213,GPN-star
GAT,22,M,1,roulette,0.941842760951654,GPN-star
GAT,22,M,1,carlson,0.970381763784508,GPN-star
GAT,22,M,1,gnomad,0.999999999997198,GPN-star
GAT,22,P,1,roulette,0.932339719166786,GPN-star
GAT,22,P,1,carlson,0.958451051497646,GPN-star
GAT,22,P,1,gnomad,0.999999999997148,GPN-star
GAT,22,V,1,roulette,0.95253092425295,GPN-star
GAT,22,V,1,carlson,0.967361109055279,GPN-star
GAT,22,V,1,gnomad,0.999999999997059,GPN-star
GAT,22,M,2,roulette,0.977659106637707,GPN-star
GAT,22,M,2,carlson,1.02557533799079,GPN-star
GAT,22,M,2,gnomad,0.999999999997191,GPN-star
GAT,22,P,2,roulette,0.984465891767529,GPN-star
GAT,22,P,2,carlson,1.03254372909999,GPN-star
GAT,22,P,2,gnomad,0.999999999997145,GPN-star
GAT,22,V,2,roulette,0.992700312400907,GPN-star
GAT,22,V,2,carlson,1.02755142196235,GPN-star
GAT,22,V,2,gnomad,0.999999999997048,GPN-star
GAT,22,M,3,roulette,1.00326517480217,GPN-star
GAT,22,M,3,carlson,1.05635957863392,GPN-star
GAT,22,M,3,gnomad,0.999999999997199,GPN-star
GAT,22,P,3,roulette,1.00535763109926,GPN-star
GAT,22,P,3,carlson,1.04382423763481,GPN-star
GAT,22,P,3,gnomad,0.999999999997145,GPN-star
GAT,22,V,3,roulette,1.0217497053134,GPN-star
GAT,22,V,3,carlson,1.05047184698352,GPN-star
GAT,22,V,3,gnomad,0.999999999997048,GPN-star
GAT,22,M,4,roulette,1.02105989168854,GPN-star
GAT,22,M,4,carlson,1.07218176951939,GPN-star
GAT,22,M,4,gnomad,0.999999999997198,GPN-star
GAT,22,P,4,roulette,1.02266061165421,GPN-star
GAT,22,P,4,carlson,1.05013123866722,GPN-star
GAT,22,P,4,gnomad,0.999999999997148,GPN-star
GAT,22,V,4,roulette,1.01736653013404,GPN-star
GAT,22,V,4,carlson,1.05334304888865,GPN-star
GAT,22,V,4,gnomad,0.999999999997048,GPN-star
GAT,22,M,5,roulette,1.02601724987928,GPN-star
GAT,22,M,5,carlson,1.07430265930513,GPN-star
GAT,22,M,5,gnomad,0.999999999997195,GPN-star
GAT,22,P,5,roulette,1.01776942045104,GPN-star
GAT,22,P,5,carlson,1.05615811317445,GPN-star
GAT,22,P,5,gnomad,0.999999999997148,GPN-star
GAT,22,V,5,roulette,1.01285139670038,GPN-star
GAT,22,V,5,carlson,1.04654394424906,GPN-star
GAT,22,V,5,gnomad,0.999999999997048,GPN-star
GAT,22,M,6,roulette,1.0286103134913,GPN-star
GAT,22,M,6,carlson,1.06860233994183,GPN-star
GAT,22,M,6,gnomad,0.999999999997195,GPN-star
GAT,22,P,6,roulette,1.01439352785708,GPN-star
GAT,22,P,6,carlson,1.04640769678748,GPN-star
GAT,22,P,6,gnomad,0.999999999997145,GPN-star
GAT,22,V,6,roulette,1.01207411864679,GPN-star
GAT,22,V,6,carlson,1.04186921769061,GPN-star
GAT,22,V,6,gnomad,0.999999999997044,GPN-star
GAT,22,M,7,roulette,1.03233624094192,GPN-star
GAT,22,M,7,carlson,1.06723033144131,GPN-star
GAT,22,M,7,gnomad,0.999999999997195,GPN-star
GAT,22,P,7,roulette,0.999755648258035,GPN-star
GAT,22,P,7,carlson,1.03247218906943,GPN-star
GAT,22,P,7,gnomad,0.999999999997145,GPN-star
GAT,22,V,7,roulette,1.00872997391535,GPN-star
GAT,22,V,7,carlson,1.03555218330911,GPN-star
GAT,22,V,7,gnomad,0.999999999997041,GPN-star
GAT,22,M,8,roulette,1.01962985276746,GPN-star
GAT,22,M,8,carlson,1.06389365474089,GPN-star
GAT,22,M,8,gnomad,0.999999999997195,GPN-star
GAT,22,P,8,roulette,0.994116646046817,GPN-star
GAT,22,P,8,carlson,1.02332730375012,GPN-star
GAT,22,P,8,gnomad,0.999999999997145,GPN-star
GAT,22,V,8,roulette,0.996461234595436,GPN-star
GAT,22,V,8,carlson,1.0282686276418,GPN-star
GAT,22,V,8,gnomad,0.999999999997037,GPN-star
GAT,22,M,9,roulette,1.01409757946575,GPN-star
GAT,22,M,9,carlson,1.05735092400364,GPN-star
GAT,22,M,9,gnomad,0.999999999997191,GPN-star
GAT,22,P,9,roulette,0.995247535116152,GPN-star
GAT,22,P,9,carlson,1.02372558327277,GPN-star
GAT,22,P,9,gnomad,0.999999999997145,GPN-star
GAT,22,V,9,roulette,0.984911168730789,GPN-star
GAT,22,V,9,carlson,1.02900669817953,GPN-star
GAT,22,V,9,gnomad,0.99999999999703,GPN-star
GAT,22,M,10,roulette,1.01127266903053,GPN-star
GAT,22,M,10,carlson,1.05430310343789,GPN-star
GAT,22,M,10,gnomad,0.999999999997191,GPN-star
GAT,22,P,10,roulette,0.99140371277818,GPN-star
GAT,22,P,10,carlson,1.01858558460508,GPN-star
GAT,22,P,10,gnomad,0.999999999997141,GPN-star
GAT,22,V,10,roulette,0.97941677290134,GPN-star
GAT,22,V,10,carlson,1.03296301625471,GPN-star
GAT,22,V,10,gnomad,0.999999999997034,GPN-star
GAT,22,M,11,roulette,1.00676771279999,GPN-star
GAT,22,M,11,carlson,1.04609920376286,GPN-star
GAT,22,M,11,gnomad,0.999999999997191,GPN-star
GAT,22,P,11,roulette,0.986554383284594,GPN-star
GAT,22,P,11,carlson,1.01922547746737,GPN-star
GAT,22,P,11,gnomad,0.999999999997141,GPN-star
GAT,22,V,11,roulette,0.979297186051866,GPN-star
GAT,22,V,11,carlson,1.03071716049999,GPN-star
GAT,22,V,11,gnomad,0.999999999997044,GPN-star
GAT,22,M,12,roulette,1.0078267523446,GPN-star
GAT,22,M,12,carlson,1.04884813960441,GPN-star
GAT,22,M,12,gnomad,0.999999999997191,GPN-star
GAT,22,P,12,roulette,0.991544807405135,GPN-star
GAT,22,P,12,carlson,1.01596248712005,GPN-star
GAT,22,P,12,gnomad,0.999999999997141,GPN-star
GAT,22,V,12,roulette,0.982907451515968,GPN-star
GAT,22,V,12,carlson,1.0371345982914,GPN-star
GAT,22,V,12,gnomad,0.999999999997051,GPN-star
GCA,22,M,1,roulette,0.928300634513847,GPN-star
GCA,22,M,1,carlson,0.898758682198866,GPN-star
GCA,22,M,1,gnomad,1.00000000000681,GPN-star
GCA,22,P,1,roulette,0.927183172047216,GPN-star
GCA,22,P,1,carlson,0.9088383264716,GPN-star
GCA,22,P,1,gnomad,1.00000000000683,GPN-star
GCA,22,V,1,roulette,0.928789016007469,GPN-star
GCA,22,V,1,carlson,0.89973156789202,GPN-star
GCA,22,V,1,gnomad,1.00000000000624,GPN-star
GCA,22,M,2,roulette,0.941616652207123,GPN-star
GCA,22,M,2,carlson,0.973081876721512,GPN-star
GCA,22,M,2,gnomad,1.00000000000681,GPN-star
GCA,22,P,2,roulette,0.937089635358006,GPN-star
GCA,22,P,2,carlson,0.975571512026452,GPN-star
GCA,22,P,2,gnomad,1.00000000000683,GPN-star
GCA,22,V,2,roulette,0.943196070940915,GPN-star
GCA,22,V,2,carlson,0.968246052972902,GPN-star
GCA,22,V,2,gnomad,1.00000000000624,GPN-star
GCA,22,M,3,roulette,0.95416936429531,GPN-star
GCA,22,M,3,carlson,0.998461587765754,GPN-star
GCA,22,M,3,gnomad,1.00000000000681,GPN-star
GCA,22,P,3,roulette,0.956779937798997,GPN-star
GCA,22,P,3,carlson,0.990668666226514,GPN-star
GCA,22,P,3,gnomad,1.00000000000684,GPN-star
GCA,22,V,3,roulette,0.956664310518024,GPN-star
GCA,22,V,3,carlson,0.978848168205488,GPN-star
GCA,22,V,3,gnomad,1.00000000000624,GPN-star
GCA,22,M,4,roulette,0.971609401299946,GPN-star
GCA,22,M,4,carlson,1.01052612483805,GPN-star
GCA,22,M,4,gnomad,1.00000000000681,GPN-star
GCA,22,P,4,roulette,0.967054536929691,GPN-star
GCA,22,P,4,carlson,1.00493767106216,GPN-star
GCA,22,P,4,gnomad,1.00000000000684,GPN-star
GCA,22,V,4,roulette,0.957851006458573,GPN-star
GCA,22,V,4,carlson,0.991427491709374,GPN-star
GCA,22,V,4,gnomad,1.00000000000624,GPN-star
GCA,22,M,5,roulette,0.978806077522774,GPN-star
GCA,22,M,5,carlson,1.01678738101894,GPN-star
GCA,22,M,5,gnomad,1.00000000000681,GPN-star
GCA,22,P,5,roulette,0.976921544870654,GPN-star
GCA,22,P,5,carlson,1.0099178330075,GPN-star
GCA,22,P,5,gnomad,1.00000000000683,GPN-star
GCA,22,V,5,roulette,0.960309231017051,GPN-star
GCA,22,V,5,carlson,0.993239315257474,GPN-star
GCA,22,V,5,gnomad,1.00000000000624,GPN-star
GCA,22,M,6,roulette,0.974870769978538,GPN-star
GCA,22,M,6,carlson,1.01256897521791,GPN-star
GCA,22,M,6,gnomad,1.00000000000681,GPN-star
GCA,22,P,6,roulette,0.98198177800718,GPN-star
GCA,22,P,6,carlson,1.0123984718602,GPN-star
GCA,22,P,6,gnomad,1.00000000000683,GPN-star
GCA,22,V,6,roulette,0.959794228693703,GPN-star
GCA,22,V,6,carlson,0.995640976904964,GPN-star
GCA,22,V,6,gnomad,1.00000000000624,GPN-star
GCA,22,M,7,roulette,0.977977749836743,GPN-star
GCA,22,M,7,carlson,1.01179204546119,GPN-star
GCA,22,M,7,gnomad,1.00000000000681,GPN-star
GCA,22,P,7,roulette,0.985291458760986,GPN-star
GCA,22,P,7,carlson,1.0104184841226,GPN-star
GCA,22,P,7,gnomad,1.00000000000683,GPN-star
GCA,22,V,7,roulette,0.955360398811791,GPN-star
GCA,22,V,7,carlson,0.992975150742147,GPN-star
GCA,22,V,7,gnomad,1.00000000000624,GPN-star
GCA,22,M,8,roulette,0.966924024555479,GPN-star
GCA,22,M,8,carlson,1.00796035346769,GPN-star
GCA,22,M,8,gnomad,1.00000000000681,GPN-star
GCA,22,P,8,roulette,0.977839435593677,GPN-star
GCA,22,P,8,carlson,1.0065339126994,GPN-star
GCA,22,P,8,gnomad,1.00000000000683,GPN-star
GCA,22,V,8,roulette,0.948124450630825,GPN-star
GCA,22,V,8,carlson,0.992421246086789,GPN-star
GCA,22,V,8,gnomad,1.00000000000624,GPN-star
GCA,22,M,9,roulette,0.963501050995435,GPN-star
GCA,22,M,9,carlson,1.00597307544105,GPN-star
GCA,22,M,9,gnomad,1.00000000000681,GPN-star
GCA,22,P,9,roulette,0.979079151987247,GPN-star
GCA,22,P,9,carlson,1.01096293009627,GPN-star
GCA,22,P,9,gnomad,1.00000000000683,GPN-star
GCA,22,V,9,roulette,0.947455686295788,GPN-star
GCA,22,V,9,carlson,0.988440798903927,GPN-star
GCA,22,V,9,gnomad,1.00000000000624,GPN-star
GCA,22,M,10,roulette,0.966697859873192,GPN-star
GCA,22,M,10,carlson,1.00758163415687,GPN-star
GCA,22,M,10,gnomad,1.00000000000681,GPN-star
GCA,22,P,10,roulette,0.983124132073315,GPN-star
GCA,22,P,10,carlson,1.00865153194654,GPN-star
GCA,22,P,10,gnomad,1.00000000000684,GPN-star
GCA,22,V,10,roulette,0.949754515620619,GPN-star
GCA,22,V,10,carlson,0.989904733557894,GPN-star
GCA,22,V,10,gnomad,1.00000000000624,GPN-star
GCA,22,M,11,roulette,0.962236566921202,GPN-star
GCA,22,M,11,carlson,1.0063683686284,GPN-star
GCA,22,M,11,gnomad,1.00000000000681,GPN-star
GCA,22,P,11,roulette,0.980165952610572,GPN-star
GCA,22,P,11,carlson,1.00719176186196,GPN-star
GCA,22,P,11,gnomad,1.00000000000684,GPN-star
GCA,22,V,11,roulette,0.954696327086744,GPN-star
GCA,22,V,11,carlson,0.991887273801937,GPN-star
GCA,22,V,11,gnomad,1.00000000000624,GPN-star
GCA,22,M,12,roulette,0.964240745236806,GPN-star
GCA,22,M,12,carlson,1.00923354515235,GPN-star
GCA,22,M,12,gnomad,1.00000000000681,GPN-star
GCA,22,P,12,roulette,0.978839185491258,GPN-star
GCA,22,P,12,carlson,1.00827497005796,GPN-star
GCA,22,P,12,gnomad,1.00000000000684,GPN-star
GCA,22,V,12,roulette,0.95842508703795,GPN-star
GCA,22,V,12,carlson,0.996229032061737,GPN-star
GCA,22,V,12,gnomad,1.00000000000624,GPN-star
GCC,22,M,1,roulette,0.93980554520931,GPN-star
GCC,22,M,1,carlson,0.919563268612522,GPN-star
GCC,22,M,1,gnomad,1.00000000000569,GPN-star
GCC,22,P,1,roulette,0.934668119376721,GPN-star
GCC,22,P,1,carlson,0.919163130400011,GPN-star
GCC,22,P,1,gnomad,1.00000000000547,GPN-star
GCC,22,V,1,roulette,0.935678957484049,GPN-star
GCC,22,V,1,carlson,0.916462102273332,GPN-star
GCC,22,V,1,gnomad,1.00000000000513,GPN-star
GCC,22,M,2,roulette,0.963122450090923,GPN-star
GCC,22,M,2,carlson,0.982777499267371,GPN-star
GCC,22,M,2,gnomad,1.0000000000055,GPN-star
GCC,22,P,2,roulette,0.953820538126645,GPN-star
GCC,22,P,2,carlson,0.984713221796416,GPN-star
GCC,22,P,2,gnomad,1.00000000000529,GPN-star
GCC,22,V,2,roulette,0.983853395250754,GPN-star
GCC,22,V,2,carlson,0.998407531569128,GPN-star
GCC,22,V,2,gnomad,1.00000000000497,GPN-star
GCC,22,M,3,roulette,0.979824618231297,GPN-star
GCC,22,M,3,carlson,1.02562308656794,GPN-star
GCC,22,M,3,gnomad,1.00000000000539,GPN-star
GCC,22,P,3,roulette,0.989173109149011,GPN-star
GCC,22,P,3,carlson,1.03287319411285,GPN-star
GCC,22,P,3,gnomad,1.00000000000535,GPN-star
GCC,22,V,3,roulette,0.993472216779189,GPN-star
GCC,22,V,3,carlson,1.01690773688686,GPN-star
GCC,22,V,3,gnomad,1.00000000000502,GPN-star
GCC,22,M,4,roulette,0.997027340776273,GPN-star
GCC,22,M,4,carlson,1.04516191405541,GPN-star
GCC,22,M,4,gnomad,1.00000000000536,GPN-star
GCC,22,P,4,roulette,1.00737587228859,GPN-star
GCC,22,P,4,carlson,1.04819739619998,GPN-star
GCC,22,P,4,gnomad,1.00000000000528,GPN-star
GCC,22,V,4,roulette,0.998176813928526,GPN-star
GCC,22,V,4,carlson,1.02315513705388,GPN-star
GCC,22,V,4,gnomad,1.00000000000501,GPN-star
GCC,22,M,5,roulette,1.02172491877835,GPN-star
GCC,22,M,5,carlson,1.06389008724983,GPN-star
GCC,22,M,5,gnomad,1.00000000000546,GPN-star
GCC,22,P,5,roulette,1.00931376637912,GPN-star
GCC,22,P,5,carlson,1.04365475520668,GPN-star
GCC,22,P,5,gnomad,1.00000000000529,GPN-star
GCC,22,V,5,roulette,0.996882975538153,GPN-star
GCC,22,V,5,carlson,1.01910479153743,GPN-star
GCC,22,V,5,gnomad,1.000000000005,GPN-star
GCC,22,M,6,roulette,1.03644766327192,GPN-star
GCC,22,M,6,carlson,1.07252877537597,GPN-star
GCC,22,M,6,gnomad,1.00000000000548,GPN-star
GCC,22,P,6,roulette,1.01149268315124,GPN-star
GCC,22,P,6,carlson,1.04431506704109,GPN-star
GCC,22,P,6,gnomad,1.00000000000535,GPN-star
GCC,22,V,6,roulette,0.995419477938073,GPN-star
GCC,22,V,6,carlson,1.01856036515659,GPN-star
GCC,22,V,6,gnomad,1.000000000005,GPN-star
GCC,22,M,7,roulette,1.03901074164649,GPN-star
GCC,22,M,7,carlson,1.07147631828078,GPN-star
GCC,22,M,7,gnomad,1.00000000000547,GPN-star
GCC,22,P,7,roulette,1.00919107916957,GPN-star
GCC,22,P,7,carlson,1.03692764768584,GPN-star
GCC,22,P,7,gnomad,1.00000000000539,GPN-star
GCC,22,V,7,roulette,0.99211138019641,GPN-star
GCC,22,V,7,carlson,1.01657829431057,GPN-star
GCC,22,V,7,gnomad,1.00000000000499,GPN-star
GCC,22,M,8,roulette,1.02685015480612,GPN-star
GCC,22,M,8,carlson,1.06113459976054,GPN-star
GCC,22,M,8,gnomad,1.00000000000548,GPN-star
GCC,22,P,8,roulette,0.999426665520986,GPN-star
GCC,22,P,8,carlson,1.02830202703381,GPN-star
GCC,22,P,8,gnomad,1.00000000000539,GPN-star
GCC,22,V,8,roulette,0.984369638831375,GPN-star
GCC,22,V,8,carlson,1.00651797912927,GPN-star
GCC,22,V,8,gnomad,1.00000000000504,GPN-star
GCC,22,M,9,roulette,1.01266814945818,GPN-star
GCC,22,M,9,carlson,1.05356280648297,GPN-star
GCC,22,M,9,gnomad,1.00000000000549,GPN-star
GCC,22,P,9,roulette,0.994847640474647,GPN-star
GCC,22,P,9,carlson,1.01891460421953,GPN-star
GCC,22,P,9,gnomad,1.00000000000539,GPN-star
GCC,22,V,9,roulette,0.97970174030689,GPN-star
GCC,22,V,9,carlson,0.999467009865944,GPN-star
GCC,22,V,9,gnomad,1.00000000000511,GPN-star
GCC,22,M,10,roulette,1.0078531885572,GPN-star
GCC,22,M,10,carlson,1.04840405958911,GPN-star
GCC,22,M,10,gnomad,1.00000000000551,GPN-star
GCC,22,P,10,roulette,0.986217135566639,GPN-star
GCC,22,P,10,carlson,1.01376758490874,GPN-star
GCC,22,P,10,gnomad,1.00000000000533,GPN-star
GCC,22,V,10,roulette,0.974973543895183,GPN-star
GCC,22,V,10,carlson,0.996139819972343,GPN-star
GCC,22,V,10,gnomad,1.0000000000052,GPN-star
GCC,22,M,11,roulette,0.99700256009283,GPN-star
GCC,22,M,11,carlson,1.04001311524131,GPN-star
GCC,22,M,11,gnomad,1.00000000000551,GPN-star
GCC,22,P,11,roulette,0.982391213231157,GPN-star
GCC,22,P,11,carlson,1.00805094799682,GPN-star
GCC,22,P,11,gnomad,1.0000000000053,GPN-star
GCC,22,V,11,roulette,0.977924268113747,GPN-star
GCC,22,V,11,carlson,1.00571354589468,GPN-star
GCC,22,V,11,gnomad,1.00000000000524,GPN-star
GCC,22,M,12,roulette,0.998969538315853,GPN-star
GCC,22,M,12,carlson,1.03905425293399,GPN-star
GCC,22,M,12,gnomad,1.00000000000554,GPN-star
GCC,22,P,12,roulette,0.973150100257734,GPN-star
GCC,22,P,12,carlson,1.00007100153173,GPN-star
GCC,22,P,12,gnomad,1.00000000000533,GPN-star
GCC,22,V,12,roulette,0.981217218818267,GPN-star
GCC,22,V,12,carlson,1.01576734460411,GPN-star
GCC,22,V,12,gnomad,1.00000000000527,GPN-star
GCG,22,M,1,roulette,0.66955540030172,GPN-star
GCG,22,M,1,carlson,0.615093927131754,GPN-star
GCG,22,M,1,gnomad,1.00000000000112,GPN-star
GCG,22,P,1,roulette,0.659939624473784,GPN-star
GCG,22,P,1,carlson,0.609647785440137,GPN-star
GCG,22,P,1,gnomad,1.00000000000057,GPN-star
GCG,22,V,1,roulette,0.698886321839573,GPN-star
GCG,22,V,1,carlson,0.627005020919221,GPN-star
GCG,22,V,1,gnomad,1.00000000000127,GPN-star
GCG,22,M,2,roulette,0.540332434567709,GPN-star
GCG,22,M,2,carlson,0.552327133007936,GPN-star
GCG,22,M,2,gnomad,1.00000000000096,GPN-star
GCG,22,P,2,roulette,0.536028295245496,GPN-star
GCG,22,P,2,carlson,0.550181539223023,GPN-star
GCG,22,P,2,gnomad,1.00000000000046,GPN-star
GCG,22,V,2,roulette,0.562164642627656,GPN-star
GCG,22,V,2,carlson,0.536746373785224,GPN-star
GCG,22,V,2,gnomad,1.00000000000124,GPN-star
GCG,22,M,3,roulette,0.664360748769927,GPN-star
GCG,22,M,3,carlson,0.661307343555767,GPN-star
GCG,22,M,3,gnomad,1.00000000000099,GPN-star
GCG,22,P,3,roulette,0.616388087815594,GPN-star
GCG,22,P,3,carlson,0.628043615446099,GPN-star
GCG,22,P,3,gnomad,1.00000000000049,GPN-star
GCG,22,V,3,roulette,0.627176818994411,GPN-star
GCG,22,V,3,carlson,0.595844839436486,GPN-star
GCG,22,V,3,gnomad,1.00000000000126,GPN-star
GCG,22,M,4,roulette,0.720358487707893,GPN-star
GCG,22,M,4,carlson,0.738601600111362,GPN-star
GCG,22,M,4,gnomad,1.00000000000101,GPN-star
GCG,22,P,4,roulette,0.685077099216695,GPN-star
GCG,22,P,4,carlson,0.699415242821618,GPN-star
GCG,22,P,4,gnomad,1.00000000000053,GPN-star
GCG,22,V,4,roulette,0.64783431997874,GPN-star
GCG,22,V,4,carlson,0.649248038803366,GPN-star
GCG,22,V,4,gnomad,1.00000000000125,GPN-star
GCG,22,M,5,roulette,0.750691000616595,GPN-star
GCG,22,M,5,carlson,0.792237162673213,GPN-star
GCG,22,M,5,gnomad,1.00000000000101,GPN-star
GCG,22,P,5,roulette,0.728777973963207,GPN-star
GCG,22,P,5,carlson,0.777316361473917,GPN-star
GCG,22,P,5,gnomad,1.00000000000055,GPN-star
GCG,22,V,5,roulette,0.608581162629213,GPN-star
GCG,22,V,5,carlson,0.634223737483019,GPN-star
GCG,22,V,5,gnomad,1.00000000000123,GPN-star
GCG,22,M,6,roulette,0.767327112920166,GPN-star
GCG,22,M,6,carlson,0.814362819084689,GPN-star
GCG,22,M,6,gnomad,1.00000000000101,GPN-star
GCG,22,P,6,roulette,0.778858656087387,GPN-star
GCG,22,P,6,carlson,0.840384566901189,GPN-star
GCG,22,P,6,gnomad,1.00000000000053,GPN-star
GCG,22,V,6,roulette,0.742030314280604,GPN-star
GCG,22,V,6,carlson,0.767357864495193,GPN-star
GCG,22,V,6,gnomad,1.00000000000121,GPN-star
GCG,22,M,7,roulette,0.785095217481947,GPN-star
GCG,22,M,7,carlson,0.853520927977722,GPN-star
GCG,22,M,7,gnomad,1.000000000001,GPN-star
GCG,22,P,7,roulette,0.807335146730917,GPN-star
GCG,22,P,7,carlson,0.880781711574737,GPN-star
GCG,22,P,7,gnomad,1.00000000000051,GPN-star
GCG,22,V,7,roulette,0.873955244052637,GPN-star
GCG,22,V,7,carlson,0.901789070981831,GPN-star
GCG,22,V,7,gnomad,1.00000000000121,GPN-star
GCG,22,M,8,roulette,0.802502528090453,GPN-star
GCG,22,M,8,carlson,0.872366858331139,GPN-star
GCG,22,M,8,gnomad,1.00000000000099,GPN-star
GCG,22,P,8,roulette,0.765335792330661,GPN-star
GCG,22,P,8,carlson,0.846368217863016,GPN-star
GCG,22,P,8,gnomad,1.00000000000048,GPN-star
GCG,22,V,8,roulette,0.912042789893502,GPN-star
GCG,22,V,8,carlson,0.935192801666713,GPN-star
GCG,22,V,8,gnomad,1.00000000000123,GPN-star
GCG,22,M,9,roulette,0.803043022055214,GPN-star
GCG,22,M,9,carlson,0.880640955357375,GPN-star
GCG,22,M,9,gnomad,1.00000000000097,GPN-star
GCG,22,P,9,roulette,0.815048858437185,GPN-star
GCG,22,P,9,carlson,0.885841913694713,GPN-star
GCG,22,P,9,gnomad,1.00000000000045,GPN-star
GCG,22,V,9,roulette,0.906945969351391,GPN-star
GCG,22,V,9,carlson,0.930431401100769,GPN-star
GCG,22,V,9,gnomad,1.00000000000126,GPN-star
GCG,22,M,10,roulette,0.86486712147776,GPN-star
GCG,22,M,10,carlson,0.925248182927284,GPN-star
GCG,22,M,10,gnomad,1.00000000000096,GPN-star
GCG,22,P,10,roulette,0.970035729101205,GPN-star
GCG,22,P,10,carlson,0.997504264489779,GPN-star
GCG,22,P,10,gnomad,1.00000000000075,GPN-star
GCG,22,V,10,roulette,0.91578255946219,GPN-star
GCG,22,V,10,carlson,0.923234720845381,GPN-star
GCG,22,V,10,gnomad,1.00000000000131,GPN-star
GCG,22,M,11,roulette,0.94071480287673,GPN-star
GCG,22,M,11,carlson,0.978713161995693,GPN-star
GCG,22,M,11,gnomad,1.00000000000096,GPN-star
GCG,22,P,11,roulette,0.974539719500673,GPN-star
GCG,22,P,11,carlson,0.999606151363055,GPN-star
GCG,22,P,11,gnomad,1.00000000000082,GPN-star
GCG,22,V,11,roulette,0.910078964704013,GPN-star
GCG,22,V,11,carlson,0.915183547828521,GPN-star
GCG,22,V,11,gnomad,1.00000000000133,GPN-star
GCG,22,M,12,roulette,0.975645937671428,GPN-star
GCG,22,M,12,carlson,1.00381245907787,GPN-star
GCG,22,M,12,gnomad,1.00000000000108,GPN-star
GCG,22,P,12,roulette,0.951144137024062,GPN-star
GCG,22,P,12,carlson,0.971550556102904,GPN-star
GCG,22,P,12,gnomad,1.00000000000066,GPN-star
GCG,22,V,12,roulette,0.929689485403133,GPN-star
GCG,22,V,12,carlson,0.951616133803004,GPN-star
GCG,22,V,12,gnomad,1.00000000000132,GPN-star
GCT,22,M,1,roulette,0.939772919590396,GPN-star
GCT,22,M,1,carlson,0.91478585454414,GPN-star
GCT,22,M,1,gnomad,0.999999999995747,GPN-star
GCT,22,P,1,roulette,0.938783640730599,GPN-star
GCT,22,P,1,carlson,0.919352783238985,GPN-star
GCT,22,P,1,gnomad,0.999999999995755,GPN-star
GCT,22,V,1,roulette,0.941851438449815,GPN-star
GCT,22,V,1,carlson,0.914773815739491,GPN-star
GCT,22,V,1,gnomad,0.999999999995792,GPN-star
GCT,22,M,2,roulette,0.952037390737453,GPN-star
GCT,22,M,2,carlson,0.986047873541481,GPN-star
GCT,22,M,2,gnomad,0.999999999995572,GPN-star
GCT,22,P,2,roulette,0.954971918310071,GPN-star
GCT,22,P,2,carlson,0.995542697391522,GPN-star
GCT,22,P,2,gnomad,0.99999999999558,GPN-star
GCT,22,V,2,roulette,0.968006225125174,GPN-star
GCT,22,V,2,carlson,0.986694772057859,GPN-star
GCT,22,V,2,gnomad,0.999999999995607,GPN-star
GCT,22,M,3,roulette,0.967501466458241,GPN-star
GCT,22,M,3,carlson,1.02620326286015,GPN-star
GCT,22,M,3,gnomad,0.999999999995569,GPN-star
GCT,22,P,3,roulette,0.969756427182957,GPN-star
GCT,22,P,3,carlson,1.02377112473481,GPN-star
GCT,22,P,3,gnomad,0.999999999995572,GPN-star
GCT,22,V,3,roulette,0.975840466430178,GPN-star
GCT,22,V,3,carlson,1.01431548147906,GPN-star
GCT,22,V,3,gnomad,0.999999999995607,GPN-star
GCT,22,M,4,roulette,0.990623309465406,GPN-star
GCT,22,M,4,carlson,1.04315959462692,GPN-star
GCT,22,M,4,gnomad,0.999999999995561,GPN-star
GCT,22,P,4,roulette,0.982777762942149,GPN-star
GCT,22,P,4,carlson,1.0266054416773,GPN-star
GCT,22,P,4,gnomad,0.999999999995575,GPN-star
GCT,22,V,4,roulette,0.97614420906533,GPN-star
GCT,22,V,4,carlson,1.01246819019228,GPN-star
GCT,22,V,4,gnomad,0.999999999995604,GPN-star
GCT,22,M,5,roulette,1.01021636172828,GPN-star
GCT,22,M,5,carlson,1.05306876766433,GPN-star
GCT,22,M,5,gnomad,0.999999999995561,GPN-star
GCT,22,P,5,roulette,0.991573482854914,GPN-star
GCT,22,P,5,carlson,1.02696234986169,GPN-star
GCT,22,P,5,gnomad,0.999999999995567,GPN-star
GCT,22,V,5,roulette,0.97385635605565,GPN-star
GCT,22,V,5,carlson,1.00834765961658,GPN-star
GCT,22,V,5,gnomad,0.999999999995607,GPN-star
GCT,22,M,6,roulette,1.01188470391578,GPN-star
GCT,22,M,6,carlson,1.05642295879556,GPN-star
GCT,22,M,6,gnomad,0.999999999995561,GPN-star
GCT,22,P,6,roulette,0.998593747622695,GPN-star
GCT,22,P,6,carlson,1.02608002262383,GPN-star
GCT,22,P,6,gnomad,0.999999999995575,GPN-star
GCT,22,V,6,roulette,0.972016686701044,GPN-star
GCT,22,V,6,carlson,1.00495467230915,GPN-star
GCT,22,V,6,gnomad,0.999999999995607,GPN-star
GCT,22,M,7,roulette,1.00798856710962,GPN-star
GCT,22,M,7,carlson,1.05019860218597,GPN-star
GCT,22,M,7,gnomad,0.999999999995564,GPN-star
GCT,22,P,7,roulette,0.993052625253007,GPN-star
GCT,22,P,7,carlson,1.01917792168426,GPN-star
GCT,22,P,7,gnomad,0.999999999995575,GPN-star
GCT,22,V,7,roulette,0.973106042084464,GPN-star
GCT,22,V,7,carlson,1.00562683463173,GPN-star
GCT,22,V,7,gnomad,0.999999999995607,GPN-star
GCT,22,M,8,roulette,0.999902438726478,GPN-star
GCT,22,M,8,carlson,1.04389782556474,GPN-star
GCT,22,M,8,gnomad,0.999999999995564,GPN-star
GCT,22,P,8,roulette,0.992934726952641,GPN-star
GCT,22,P,8,carlson,1.01709309684442,GPN-star
GCT,22,P,8,gnomad,0.999999999995591,GPN-star
GCT,22,V,8,roulette,0.964120169157668,GPN-star
GCT,22,V,8,carlson,0.995596221434495,GPN-star
GCT,22,V,8,gnomad,0.999999999995604,GPN-star
GCT,22,M,9,roulette,0.994545848561703,GPN-star
GCT,22,M,9,carlson,1.03706511810723,GPN-star
GCT,22,M,9,gnomad,0.999999999995561,GPN-star
GCT,22,P,9,roulette,0.986440931296631,GPN-star
GCT,22,P,9,carlson,1.01086360163122,GPN-star
GCT,22,P,9,gnomad,0.999999999995567,GPN-star
GCT,22,V,9,roulette,0.959952328329173,GPN-star
GCT,22,V,9,carlson,0.991060183392609,GPN-star
GCT,22,V,9,gnomad,0.999999999995602,GPN-star
GCT,22,M,10,roulette,0.987029057268737,GPN-star
GCT,22,M,10,carlson,1.0325282828015,GPN-star
GCT,22,M,10,gnomad,0.999999999995564,GPN-star
GCT,22,P,10,roulette,0.978615896094459,GPN-star
GCT,22,P,10,carlson,1.00640925157321,GPN-star
GCT,22,P,10,gnomad,0.999999999995575,GPN-star
GCT,22,V,10,roulette,0.958017279532402,GPN-star
GCT,22,V,10,carlson,0.985591123243186,GPN-star
GCT,22,V,10,gnomad,0.99999999999583,GPN-star
GCT,22,M,11,roulette,0.979727273235062,GPN-star
GCT,22,M,11,carlson,1.02750332580592,GPN-star
GCT,22,M,11,gnomad,0.999999999995561,GPN-star
GCT,22,P,11,roulette,0.97747066383988,GPN-star
GCT,22,P,11,carlson,1.00489553727004,GPN-star
GCT,22,P,11,gnomad,0.99999999999558,GPN-star
GCT,22,V,11,roulette,0.958246399127759,GPN-star
GCT,22,V,11,carlson,0.988913765336045,GPN-star
GCT,22,V,11,gnomad,0.999999999995986,GPN-star
GCT,22,M,12,roulette,0.976739796511116,GPN-star
GCT,22,M,12,carlson,1.02293452967415,GPN-star
GCT,22,M,12,gnomad,0.999999999995561,GPN-star
GCT,22,P,12,roulette,0.97849739613548,GPN-star
GCT,22,P,12,carlson,1.00388555598465,GPN-star
GCT,22,P,12,gnomad,0.999999999995577,GPN-star
GCT,22,V,12,roulette,0.96220418659491,GPN-star
GCT,22,V,12,carlson,0.997448326820209,GPN-star
GCT,22,V,12,gnomad,0.999999999996091,GPN-star
GGA,22,M,1,roulette,0.937899222187328,GPN-star
GGA,22,M,1,carlson,0.882159411708792,GPN-star
GGA,22,M,1,gnomad,0.999999999991651,GPN-star
GGA,22,P,1,roulette,0.93365670841541,GPN-star
GGA,22,P,1,carlson,0.889245682012581,GPN-star
GGA,22,P,1,gnomad,0.999999999991661,GPN-star
GGA,22,V,1,roulette,0.941756516150791,GPN-star
GGA,22,V,1,carlson,0.888149527169601,GPN-star
GGA,22,V,1,gnomad,0.999999999992075,GPN-star
GGA,22,M,2,roulette,0.943289037188118,GPN-star
GGA,22,M,2,carlson,0.979475201733973,GPN-star
GGA,22,M,2,gnomad,0.999999999991455,GPN-star
GGA,22,P,2,roulette,0.948780721804635,GPN-star
GGA,22,P,2,carlson,0.988584570034113,GPN-star
GGA,22,P,2,gnomad,0.999999999991512,GPN-star
GGA,22,V,2,roulette,0.957184361701684,GPN-star
GGA,22,V,2,carlson,0.980062552607649,GPN-star
GGA,22,V,2,gnomad,0.999999999991863,GPN-star
GGA,22,M,3,roulette,0.94377440502312,GPN-star
GGA,22,M,3,carlson,0.985762133131018,GPN-star
GGA,22,M,3,gnomad,0.999999999991486,GPN-star
GGA,22,P,3,roulette,0.962833234002312,GPN-star
GGA,22,P,3,carlson,1.00350951283968,GPN-star
GGA,22,P,3,gnomad,0.999999999991591,GPN-star
GGA,22,V,3,roulette,0.962910875331777,GPN-star
GGA,22,V,3,carlson,0.985406827083668,GPN-star
GGA,22,V,3,gnomad,0.999999999992075,GPN-star
GGA,22,M,4,roulette,0.955540634480481,GPN-star
GGA,22,M,4,carlson,0.999165135645414,GPN-star
GGA,22,M,4,gnomad,0.999999999991719,GPN-star
GGA,22,P,4,roulette,0.968872610577417,GPN-star
GGA,22,P,4,carlson,1.00703281950987,GPN-star
GGA,22,P,4,gnomad,0.999999999991575,GPN-star
GGA,22,V,4,roulette,0.974131980085499,GPN-star
GGA,22,V,4,carlson,0.99844458733571,GPN-star
GGA,22,V,4,gnomad,0.999999999992114,GPN-star
GGA,22,M,5,roulette,0.971982293010065,GPN-star
GGA,22,M,5,carlson,1.01246713150898,GPN-star
GGA,22,M,5,gnomad,0.999999999991714,GPN-star
GGA,22,P,5,roulette,0.97164388848862,GPN-star
GGA,22,P,5,carlson,1.00724559479988,GPN-star
GGA,22,P,5,gnomad,0.999999999991643,GPN-star
GGA,22,V,5,roulette,0.975326004514773,GPN-star
GGA,22,V,5,carlson,0.999306912018369,GPN-star
GGA,22,V,5,gnomad,0.999999999992093,GPN-star
GGA,22,M,6,roulette,0.973469735909673,GPN-star
GGA,22,M,6,carlson,1.01441814711261,GPN-star
GGA,22,M,6,gnomad,0.999999999991677,GPN-star
GGA,22,P,6,roulette,0.978404605357853,GPN-star
GGA,22,P,6,carlson,1.01100811007948,GPN-star
GGA,22,P,6,gnomad,0.999999999991706,GPN-star
GGA,22,V,6,roulette,0.974034312320028,GPN-star
GGA,22,V,6,carlson,0.997566688092125,GPN-star
GGA,22,V,6,gnomad,0.999999999992117,GPN-star
GGA,22,M,7,roulette,0.973192135937211,GPN-star
GGA,22,M,7,carlson,1.01290616806824,GPN-star
GGA,22,M,7,gnomad,0.999999999991687,GPN-star
GGA,22,P,7,roulette,0.976146946931558,GPN-star
GGA,22,P,7,carlson,1.00857317393736,GPN-star
GGA,22,P,7,gnomad,0.999999999991716,GPN-star
GGA,22,V,7,roulette,0.974788191321986,GPN-star
GGA,22,V,7,carlson,0.997067648743286,GPN-star
GGA,22,V,7,gnomad,0.999999999992161,GPN-star
GGA,22,M,8,roulette,0.969928790759031,GPN-star
GGA,22,M,8,carlson,1.00902269378173,GPN-star
GGA,22,M,8,gnomad,0.999999999991674,GPN-star
GGA,22,P,8,roulette,0.981748229078915,GPN-star
GGA,22,P,8,carlson,1.0085948180977,GPN-star
GGA,22,P,8,gnomad,0.999999999991706,GPN-star
GGA,22,V,8,roulette,0.981453965512458,GPN-star
GGA,22,V,8,carlson,1.00110468511492,GPN-star
GGA,22,V,8,gnomad,0.99999999999236,GPN-star
GGA,22,M,9,roulette,0.96930097592953,GPN-star
GGA,22,M,9,carlson,1.01084963803941,GPN-star
GGA,22,M,9,gnomad,0.999999999991693,GPN-star
GGA,22,P,9,roulette,0.979777640775372,GPN-star
GGA,22,P,9,carlson,1.01149812560233,GPN-star
GGA,22,P,9,gnomad,0.999999999991643,GPN-star
GGA,22,V,9,roulette,0.980945222546384,GPN-star
GGA,22,V,9,carlson,1.00131765579252,GPN-star
GGA,22,V,9,gnomad,0.99999999999254,GPN-star
GGA,22,M,10,roulette,0.966342754629943,GPN-star
GGA,22,M,10,carlson,1.00788564035712,GPN-star
GGA,22,M,10,gnomad,0.999999999991729,GPN-star
GGA,22,P,10,roulette,0.979123008016203,GPN-star
GGA,22,P,10,carlson,1.00494614336449,GPN-star
GGA,22,P,10,gnomad,0.999999999991607,GPN-star
GGA,22,V,10,roulette,0.975345269034628,GPN-star
GGA,22,V,10,carlson,1.0011591514863,GPN-star
GGA,22,V,10,gnomad,0.999999999992569,GPN-star
GGA,22,M,11,roulette,0.969443914646,GPN-star
GGA,22,M,11,carlson,1.00980150762138,GPN-star
GGA,22,M,11,gnomad,0.99999999999174,GPN-star
GGA,22,P,11,roulette,0.979832657003875,GPN-star
GGA,22,P,11,carlson,1.00513236522362,GPN-star
GGA,22,P,11,gnomad,0.999999999991567,GPN-star
GGA,22,V,11,roulette,0.973967815451488,GPN-star
GGA,22,V,11,carlson,1.00388871212198,GPN-star
GGA,22,V,11,gnomad,0.999999999992517,GPN-star
GGA,22,M,12,roulette,0.970736240998984,GPN-star
GGA,22,M,12,carlson,1.01076103064853,GPN-star
GGA,22,M,12,gnomad,0.999999999991755,GPN-star
GGA,22,P,12,roulette,0.979128229875362,GPN-star
GGA,22,P,12,carlson,1.00411233994046,GPN-star
GGA,22,P,12,gnomad,0.999999999991633,GPN-star
GGA,22,V,12,roulette,0.973066355427705,GPN-star
GGA,22,V,12,carlson,1.00442846860148,GPN-star
GGA,22,V,12,gnomad,0.99999999999248,GPN-star
GGC,22,M,1,roulette,0.939635528127248,GPN-star
GGC,22,M,1,carlson,0.914507711948644,GPN-star
GGC,22,M,1,gnomad,1.00000000000554,GPN-star
GGC,22,P,1,roulette,0.929422700641033,GPN-star
GGC,22,P,1,carlson,0.912814942010026,GPN-star
GGC,22,P,1,gnomad,1.00000000000539,GPN-star
GGC,22,V,1,roulette,0.936493527888392,GPN-star
GGC,22,V,1,carlson,0.920238543527072,GPN-star
GGC,22,V,1,gnomad,1.00000000000448,GPN-star
GGC,22,M,2,roulette,0.958571042338873,GPN-star
GGC,22,M,2,carlson,0.983446801185501,GPN-star
GGC,22,M,2,gnomad,1.0000000000054,GPN-star
GGC,22,P,2,roulette,0.954063209819709,GPN-star
GGC,22,P,2,carlson,0.989164916900353,GPN-star
GGC,22,P,2,gnomad,1.00000000000521,GPN-star
GGC,22,V,2,roulette,0.984202008047282,GPN-star
GGC,22,V,2,carlson,0.999769083453197,GPN-star
GGC,22,V,2,gnomad,1.00000000000433,GPN-star
GGC,22,M,3,roulette,0.984807601088424,GPN-star
GGC,22,M,3,carlson,1.02941583936849,GPN-star
GGC,22,M,3,gnomad,1.0000000000052,GPN-star
GGC,22,P,3,roulette,0.994503875179939,GPN-star
GGC,22,P,3,carlson,1.03565691165451,GPN-star
GGC,22,P,3,gnomad,1.00000000000527,GPN-star
GGC,22,V,3,roulette,0.99230387869,GPN-star
GGC,22,V,3,carlson,1.01661483958006,GPN-star
GGC,22,V,3,gnomad,1.00000000000436,GPN-star
GGC,22,M,4,roulette,1.0076226460648,GPN-star
GGC,22,M,4,carlson,1.04922520978895,GPN-star
GGC,22,M,4,gnomad,1.00000000000526,GPN-star
GGC,22,P,4,roulette,1.01023987054492,GPN-star
GGC,22,P,4,carlson,1.03956659929443,GPN-star
GGC,22,P,4,gnomad,1.00000000000519,GPN-star
GGC,22,V,4,roulette,1.00191829291212,GPN-star
GGC,22,V,4,carlson,1.02961473705207,GPN-star
GGC,22,V,4,gnomad,1.00000000000435,GPN-star
GGC,22,M,5,roulette,1.0297523726807,GPN-star
GGC,22,M,5,carlson,1.06821466025368,GPN-star
GGC,22,M,5,gnomad,1.00000000000532,GPN-star
GGC,22,P,5,roulette,1.00914087124111,GPN-star
GGC,22,P,5,carlson,1.04297770546299,GPN-star
GGC,22,P,5,gnomad,1.00000000000522,GPN-star
GGC,22,V,5,roulette,0.999228145453034,GPN-star
GGC,22,V,5,carlson,1.02503337359145,GPN-star
GGC,22,V,5,gnomad,1.00000000000435,GPN-star
GGC,22,M,6,roulette,1.04395252135298,GPN-star
GGC,22,M,6,carlson,1.07666478114303,GPN-star
GGC,22,M,6,gnomad,1.00000000000532,GPN-star
GGC,22,P,6,roulette,1.00954636133695,GPN-star
GGC,22,P,6,carlson,1.04364634582791,GPN-star
GGC,22,P,6,gnomad,1.00000000000528,GPN-star
GGC,22,V,6,roulette,0.99472760549386,GPN-star
GGC,22,V,6,carlson,1.02263074628418,GPN-star
GGC,22,V,6,gnomad,1.00000000000438,GPN-star
GGC,22,M,7,roulette,1.03607369419966,GPN-star
GGC,22,M,7,carlson,1.07114334878518,GPN-star
GGC,22,M,7,gnomad,1.00000000000534,GPN-star
GGC,22,P,7,roulette,1.00313415445001,GPN-star
GGC,22,P,7,carlson,1.03278609571065,GPN-star
GGC,22,P,7,gnomad,1.00000000000529,GPN-star
GGC,22,V,7,roulette,0.988358494863301,GPN-star
GGC,22,V,7,carlson,1.01789253620086,GPN-star
GGC,22,V,7,gnomad,1.00000000000442,GPN-star
GGC,22,M,8,roulette,1.02941742126846,GPN-star
GGC,22,M,8,carlson,1.06659999681825,GPN-star
GGC,22,M,8,gnomad,1.00000000000534,GPN-star
GGC,22,P,8,roulette,0.995593589444213,GPN-star
GGC,22,P,8,carlson,1.02473466316442,GPN-star
GGC,22,P,8,gnomad,1.0000000000053,GPN-star
GGC,22,V,8,roulette,0.979428048310129,GPN-star
GGC,22,V,8,carlson,1.00468690209867,GPN-star
GGC,22,V,8,gnomad,1.00000000000455,GPN-star
GGC,22,M,9,roulette,1.01430504244479,GPN-star
GGC,22,M,9,carlson,1.05288152225683,GPN-star
GGC,22,M,9,gnomad,1.00000000000536,GPN-star
GGC,22,P,9,roulette,0.98722818223185,GPN-star
GGC,22,P,9,carlson,1.01881170781138,GPN-star
GGC,22,P,9,gnomad,1.00000000000528,GPN-star
GGC,22,V,9,roulette,0.972229525957323,GPN-star
GGC,22,V,9,carlson,0.997640094112443,GPN-star
GGC,22,V,9,gnomad,1.00000000000468,GPN-star
GGC,22,M,10,roulette,1.00537477183213,GPN-star
GGC,22,M,10,carlson,1.04596229750994,GPN-star
GGC,22,M,10,gnomad,1.00000000000539,GPN-star
GGC,22,P,10,roulette,0.983315722447198,GPN-star
GGC,22,P,10,carlson,1.01457602704855,GPN-star
GGC,22,P,10,gnomad,1.00000000000527,GPN-star
GGC,22,V,10,roulette,0.978336265901061,GPN-star
GGC,22,V,10,carlson,1.00825501479551,GPN-star
GGC,22,V,10,gnomad,1.0000000000047,GPN-star
GGC,22,M,11,roulette,1.002779540492,GPN-star
GGC,22,M,11,carlson,1.04420648672966,GPN-star
GGC,22,M,11,gnomad,1.00000000000541,GPN-star
GGC,22,P,11,roulette,0.972954410700104,GPN-star
GGC,22,P,11,carlson,1.00150018704047,GPN-star
GGC,22,P,11,gnomad,1.00000000000525,GPN-star
GGC,22,V,11,roulette,0.98199963607796,GPN-star
GGC,22,V,11,carlson,1.02073082437764,GPN-star
GGC,22,V,11,gnomad,1.00000000000468,GPN-star
GGC,22,M,12,roulette,0.998024685157223,GPN-star
GGC,22,M,12,carlson,1.03772022389071,GPN-star
GGC,22,M,12,gnomad,1.00000000000544,GPN-star
GGC,22,P,12,roulette,0.967647003673287,GPN-star
GGC,22,P,12,carlson,0.997783128363206,GPN-star
GGC,22,P,12,gnomad,1.00000000000528,GPN-star
GGC,22,V,12,roulette,0.988257116693054,GPN-star
GGC,22,V,12,carlson,1.02976743859451,GPN-star
GGC,22,V,12,gnomad,1.00000000000466,GPN-star
GGG,22,M,1,roulette,0.973418694805105,GPN-star
GGG,22,M,1,carlson,0.976101366748663,GPN-star
GGG,22,M,1,gnomad,1.00000000000217,GPN-star
GGG,22,P,1,roulette,0.962709961541817,GPN-star
GGG,22,P,1,carlson,0.969628615866593,GPN-star
GGG,22,P,1,gnomad,1.00000000000223,GPN-star
GGG,22,V,1,roulette,0.954283478237678,GPN-star
GGG,22,V,1,carlson,0.970231109441271,GPN-star
GGG,22,V,1,gnomad,1.00000000000551,GPN-star
GGG,22,M,2,roulette,0.945112503660729,GPN-star
GGG,22,M,2,carlson,0.990415544567056,GPN-star
GGG,22,M,2,gnomad,1.00000000000216,GPN-star
GGG,22,P,2,roulette,0.927876740012194,GPN-star
GGG,22,P,2,carlson,0.98437565522538,GPN-star
GGG,22,P,2,gnomad,1.00000000000223,GPN-star
GGG,22,V,2,roulette,0.951527924828992,GPN-star
GGG,22,V,2,carlson,0.988992231215736,GPN-star
GGG,22,V,2,gnomad,1.00000000000551,GPN-star
GGG,22,M,3,roulette,0.945120509880584,GPN-star
GGG,22,M,3,carlson,0.99711970224857,GPN-star
GGG,22,M,3,gnomad,1.00000000000216,GPN-star
GGG,22,P,3,roulette,0.952503241178251,GPN-star
GGG,22,P,3,carlson,0.997632445726896,GPN-star
GGG,22,P,3,gnomad,1.00000000000223,GPN-star
GGG,22,V,3,roulette,0.945699130247466,GPN-star
GGG,22,V,3,carlson,0.974885784795831,GPN-star
GGG,22,V,3,gnomad,1.00000000000552,GPN-star
GGG,22,M,4,roulette,0.958467711819561,GPN-star
GGG,22,M,4,carlson,1.02198318828593,GPN-star
GGG,22,M,4,gnomad,1.00000000000216,GPN-star
GGG,22,P,4,roulette,0.953060942874393,GPN-star
GGG,22,P,4,carlson,0.99961371832791,GPN-star
GGG,22,P,4,gnomad,1.00000000000222,GPN-star
GGG,22,V,4,roulette,0.957219047151597,GPN-star
GGG,22,V,4,carlson,0.989307067741351,GPN-star
GGG,22,V,4,gnomad,1.00000000000552,GPN-star
GGG,22,M,5,roulette,0.975417858423425,GPN-star
GGG,22,M,5,carlson,1.03294584580288,GPN-star
GGG,22,M,5,gnomad,1.00000000000216,GPN-star
GGG,22,P,5,roulette,0.956406073723757,GPN-star
GGG,22,P,5,carlson,1.00250920901289,GPN-star
GGG,22,P,5,gnomad,1.00000000000222,GPN-star
GGG,22,V,5,roulette,0.956825032537255,GPN-star
GGG,22,V,5,carlson,0.987179513365137,GPN-star
GGG,22,V,5,gnomad,1.00000000000552,GPN-star
GGG,22,M,6,roulette,0.980575606291816,GPN-star
GGG,22,M,6,carlson,1.03853297433948,GPN-star
GGG,22,M,6,gnomad,1.00000000000217,GPN-star
GGG,22,P,6,roulette,0.958234039670304,GPN-star
GGG,22,P,6,carlson,0.999595507109919,GPN-star
GGG,22,P,6,gnomad,1.00000000000222,GPN-star
GGG,22,V,6,roulette,0.957766231030312,GPN-star
GGG,22,V,6,carlson,0.987214117958161,GPN-star
GGG,22,V,6,gnomad,1.00000000000552,GPN-star
GGG,22,M,7,roulette,0.975385386838777,GPN-star
GGG,22,M,7,carlson,1.03100704109505,GPN-star
GGG,22,M,7,gnomad,1.00000000000217,GPN-star
GGG,22,P,7,roulette,0.960150482848068,GPN-star
GGG,22,P,7,carlson,1.00608418096894,GPN-star
GGG,22,P,7,gnomad,1.00000000000223,GPN-star
GGG,22,V,7,roulette,0.961940171314072,GPN-star
GGG,22,V,7,carlson,0.990816612298076,GPN-star
GGG,22,V,7,gnomad,1.00000000000552,GPN-star
GGG,22,M,8,roulette,0.980829997126828,GPN-star
GGG,22,M,8,carlson,1.0346438373662,GPN-star
GGG,22,M,8,gnomad,1.00000000000217,GPN-star
GGG,22,P,8,roulette,0.958692746957749,GPN-star
GGG,22,P,8,carlson,0.99830518704261,GPN-star
GGG,22,P,8,gnomad,1.00000000000223,GPN-star
GGG,22,V,8,roulette,0.967873557114461,GPN-star
GGG,22,V,8,carlson,0.994227545343218,GPN-star
GGG,22,V,8,gnomad,1.00000000000553,GPN-star
GGG,22,M,9,roulette,0.969642470327359,GPN-star
GGG,22,M,9,carlson,1.01875354024583,GPN-star
GGG,22,M,9,gnomad,1.00000000000217,GPN-star
GGG,22,P,9,roulette,0.957937408660992,GPN-star
GGG,22,P,9,carlson,0.995383578412126,GPN-star
GGG,22,P,9,gnomad,1.00000000000223,GPN-star
GGG,22,V,9,roulette,0.947500351184037,GPN-star
GGG,22,V,9,carlson,0.981756916706419,GPN-star
GGG,22,V,9,gnomad,1.00000000000554,GPN-star
GGG,22,M,10,roulette,0.960922982234619,GPN-star
GGG,22,M,10,carlson,1.00942830925771,GPN-star
GGG,22,M,10,gnomad,1.00000000000217,GPN-star
GGG,22,P,10,roulette,0.961277029021133,GPN-star
GGG,22,P,10,carlson,0.994878488774975,GPN-star
GGG,22,P,10,gnomad,1.00000000000223,GPN-star
GGG,22,V,10,roulette,0.933543375944781,GPN-star
GGG,22,V,10,carlson,0.974948869881549,GPN-star
GGG,22,V,10,gnomad,1.00000000000554,GPN-star
GGG,22,M,11,roulette,0.95959475271141,GPN-star
GGG,22,M,11,carlson,1.01198864303171,GPN-star
GGG,22,M,11,gnomad,1.00000000000217,GPN-star
GGG,22,P,11,roulette,0.958879186773982,GPN-star
GGG,22,P,11,carlson,0.99298444081174,GPN-star
GGG,22,P,11,gnomad,1.00000000000223,GPN-star
GGG,22,V,11,roulette,0.925663552363945,GPN-star
GGG,22,V,11,carlson,0.974145284922402,GPN-star
GGG,22,V,11,gnomad,1.00000000000554,GPN-star
GGG,22,M,12,roulette,0.959854788621757,GPN-star
GGG,22,M,12,carlson,1.01326013332246,GPN-star
GGG,22,M,12,gnomad,1.00000000000218,GPN-star
GGG,22,P,12,roulette,0.966205169191175,GPN-star
GGG,22,P,12,carlson,1.00172641393101,GPN-star
GGG,22,P,12,gnomad,1.00000000000223,GPN-star
GGG,22,V,12,roulette,0.923142716291639,GPN-star
GGG,22,V,12,carlson,0.976977987456433,GPN-star
GGG,22,V,12,gnomad,1.00000000000554,GPN-star
GGT,22,M,1,roulette,0.917803533351451,GPN-star
GGT,22,M,1,carlson,0.858624351676433,GPN-star
GGT,22,M,1,gnomad,0.999999999998264,GPN-star
GGT,22,P,1,roulette,0.916836252905995,GPN-star
GGT,22,P,1,carlson,0.861056657368926,GPN-star
GGT,22,P,1,gnomad,0.999999999997892,GPN-star
GGT,22,V,1,roulette,0.920677071209812,GPN-star
GGT,22,V,1,carlson,0.858151527137855,GPN-star
GGT,22,V,1,gnomad,0.999999999997829,GPN-star
GGT,22,M,2,roulette,0.935575929690151,GPN-star
GGT,22,M,2,carlson,0.954645656715225,GPN-star
GGT,22,M,2,gnomad,0.999999999998158,GPN-star
GGT,22,P,2,roulette,0.930257984064373,GPN-star
GGT,22,P,2,carlson,0.955259841525565,GPN-star
GGT,22,P,2,gnomad,0.999999999997811,GPN-star
GGT,22,V,2,roulette,0.960756225173285,GPN-star
GGT,22,V,2,carlson,0.958859605267164,GPN-star
GGT,22,V,2,gnomad,0.999999999997755,GPN-star
GGT,22,M,3,roulette,0.940410372524831,GPN-star
GGT,22,M,3,carlson,0.979539377025003,GPN-star
GGT,22,M,3,gnomad,0.999999999998151,GPN-star
GGT,22,P,3,roulette,0.950855784098835,GPN-star
GGT,22,P,3,carlson,0.993061609158444,GPN-star
GGT,22,P,3,gnomad,0.999999999997868,GPN-star
GGT,22,V,3,roulette,0.967002777717976,GPN-star
GGT,22,V,3,carlson,0.979405766776117,GPN-star
GGT,22,V,3,gnomad,0.99999999999779,GPN-star
GGT,22,M,4,roulette,0.949260307886036,GPN-star
GGT,22,M,4,carlson,0.999199579298194,GPN-star
GGT,22,M,4,gnomad,0.999999999998225,GPN-star
GGT,22,P,4,roulette,0.966475729119838,GPN-star
GGT,22,P,4,carlson,1.00575751369394,GPN-star
GGT,22,P,4,gnomad,0.999999999997876,GPN-star
GGT,22,V,4,roulette,0.971995188178758,GPN-star
GGT,22,V,4,carlson,0.995835271173219,GPN-star
GGT,22,V,4,gnomad,0.999999999997813,GPN-star
GGT,22,M,5,roulette,0.967325738237122,GPN-star
GGT,22,M,5,carlson,1.01860299018229,GPN-star
GGT,22,M,5,gnomad,0.999999999998264,GPN-star
GGT,22,P,5,roulette,0.974464695730928,GPN-star
GGT,22,P,5,carlson,1.0155449554128,GPN-star
GGT,22,P,5,gnomad,0.999999999997894,GPN-star
GGT,22,V,5,roulette,0.979150684161836,GPN-star
GGT,22,V,5,carlson,0.999905138094775,GPN-star
GGT,22,V,5,gnomad,0.999999999997818,GPN-star
GGT,22,M,6,roulette,0.982132477147875,GPN-star
GGT,22,M,6,carlson,1.03015182130292,GPN-star
GGT,22,M,6,gnomad,0.999999999998269,GPN-star
GGT,22,P,6,roulette,0.981396552246336,GPN-star
GGT,22,P,6,carlson,1.01641998281501,GPN-star
GGT,22,P,6,gnomad,0.999999999997899,GPN-star
GGT,22,V,6,roulette,0.978804965820473,GPN-star
GGT,22,V,6,carlson,0.995466231471846,GPN-star
GGT,22,V,6,gnomad,0.999999999997818,GPN-star
GGT,22,M,7,roulette,0.993753688572293,GPN-star
GGT,22,M,7,carlson,1.02944550029302,GPN-star
GGT,22,M,7,gnomad,0.999999999998269,GPN-star
GGT,22,P,7,roulette,0.982555578243412,GPN-star
GGT,22,P,7,carlson,1.01392864648176,GPN-star
GGT,22,P,7,gnomad,0.999999999997903,GPN-star
GGT,22,V,7,roulette,0.972880944140754,GPN-star
GGT,22,V,7,carlson,0.992870441339122,GPN-star
GGT,22,V,7,gnomad,0.999999999997832,GPN-star
GGT,22,M,8,roulette,0.991234013067714,GPN-star
GGT,22,M,8,carlson,1.02770075756556,GPN-star
GGT,22,M,8,gnomad,0.999999999998262,GPN-star
GGT,22,P,8,roulette,0.984223785710453,GPN-star
GGT,22,P,8,carlson,1.00908033085668,GPN-star
GGT,22,P,8,gnomad,0.999999999997908,GPN-star
GGT,22,V,8,roulette,0.968133687961527,GPN-star
GGT,22,V,8,carlson,0.980135753422967,GPN-star
GGT,22,V,8,gnomad,0.999999999997873,GPN-star
GGT,22,M,9,roulette,0.983824135563085,GPN-star
GGT,22,M,9,carlson,1.02329649110753,GPN-star
GGT,22,M,9,gnomad,0.999999999998256,GPN-star
GGT,22,P,9,roulette,0.979273278717418,GPN-star
GGT,22,P,9,carlson,1.00309060458944,GPN-star
GGT,22,P,9,gnomad,0.999999999997905,GPN-star
GGT,22,V,9,roulette,0.963229814923933,GPN-star
GGT,22,V,9,carlson,0.976449906019684,GPN-star
GGT,22,V,9,gnomad,0.999999999997892,GPN-star
GGT,22,M,10,roulette,0.98047291224623,GPN-star
GGT,22,M,10,carlson,1.01511798606964,GPN-star
GGT,22,M,10,gnomad,0.999999999998256,GPN-star
GGT,22,P,10,roulette,0.979243830554623,GPN-star
GGT,22,P,10,carlson,1.00545736462941,GPN-star
GGT,22,P,10,gnomad,0.999999999997896,GPN-star
GGT,22,V,10,roulette,0.959102779484637,GPN-star
GGT,22,V,10,carlson,0.978033478871857,GPN-star
GGT,22,V,10,gnomad,0.999999999997894,GPN-star
GGT,22,M,11,roulette,0.976914416661672,GPN-star
GGT,22,M,11,carlson,1.01585297954158,GPN-star
GGT,22,M,11,gnomad,0.99999999999826,GPN-star
GGT,22,P,11,roulette,0.977826732754413,GPN-star
GGT,22,P,11,carlson,1.00261649284236,GPN-star
GGT,22,P,11,gnomad,0.999999999997898,GPN-star
GGT,22,V,11,roulette,0.95994021301909,GPN-star
GGT,22,V,11,carlson,0.987851962727663,GPN-star
GGT,22,V,11,gnomad,0.999999999997889,GPN-star
GGT,22,M,12,roulette,0.977757740624563,GPN-star
GGT,22,M,12,carlson,1.0143226307066,GPN-star
GGT,22,M,12,gnomad,0.999999999998267,GPN-star
GGT,22,P,12,roulette,0.97772413590765,GPN-star
GGT,22,P,12,carlson,1.00297318020745,GPN-star
GGT,22,P,12,gnomad,0.999999999997905,GPN-star
GGT,22,V,12,roulette,0.965303515226861,GPN-star
GGT,22,V,12,carlson,0.99681433879374,GPN-star
GGT,22,V,12,gnomad,0.999999999997877,GPN-star
GTA,22,M,1,roulette,0.974530046809672,GPN-star
GTA,22,M,1,carlson,1.14659561666833,GPN-star
GTA,22,M,1,gnomad,1.00000000000007,GPN-star
GTA,22,P,1,roulette,0.965860453911706,GPN-star
GTA,22,P,1,carlson,1.11385152608556,GPN-star
GTA,22,P,1,gnomad,0.999999999999969,GPN-star
GTA,22,V,1,roulette,0.984715335288383,GPN-star
GTA,22,V,1,carlson,1.14809044771568,GPN-star
GTA,22,V,1,gnomad,0.999999999998626,GPN-star
GTA,22,M,2,roulette,0.910096693094598,GPN-star
GTA,22,M,2,carlson,1.02276404787331,GPN-star
GTA,22,M,2,gnomad,1.00000000000001,GPN-star
GTA,22,P,2,roulette,0.928894311140775,GPN-star
GTA,22,P,2,carlson,1.03789139713237,GPN-star
GTA,22,P,2,gnomad,0.999999999999904,GPN-star
GTA,22,V,2,roulette,0.921612870570755,GPN-star
GTA,22,V,2,carlson,1.00935797802504,GPN-star
GTA,22,V,2,gnomad,0.999999999998537,GPN-star
GTA,22,M,3,roulette,0.927049639996705,GPN-star
GTA,22,M,3,carlson,1.01814907534555,GPN-star
GTA,22,M,3,gnomad,1.00000000000009,GPN-star
GTA,22,P,3,roulette,0.972562859534971,GPN-star
GTA,22,P,3,carlson,1.05229039515435,GPN-star
GTA,22,P,3,gnomad,0.999999999999923,GPN-star
GTA,22,V,3,roulette,0.943839234585529,GPN-star
GTA,22,V,3,carlson,1.03091965461787,GPN-star
GTA,22,V,3,gnomad,0.999999999998595,GPN-star
GTA,22,M,4,roulette,0.952024544511028,GPN-star
GTA,22,M,4,carlson,1.0188740134965,GPN-star
GTA,22,M,4,gnomad,1.0000000000001,GPN-star
GTA,22,P,4,roulette,0.970465880817128,GPN-star
GTA,22,P,4,carlson,1.02641094444269,GPN-star
GTA,22,P,4,gnomad,0.999999999999981,GPN-star
GTA,22,V,4,roulette,0.959228342778329,GPN-star
GTA,22,V,4,carlson,1.02377390045931,GPN-star
GTA,22,V,4,gnomad,0.999999999998633,GPN-star
GTA,22,M,5,roulette,0.961955316670638,GPN-star
GTA,22,M,5,carlson,1.03238162381611,GPN-star
GTA,22,M,5,gnomad,1.00000000000009,GPN-star
GTA,22,P,5,roulette,0.982106242382943,GPN-star
GTA,22,P,5,carlson,1.02825032338484,GPN-star
GTA,22,P,5,gnomad,1,GPN-star
GTA,22,V,5,roulette,0.959191115160253,GPN-star
GTA,22,V,5,carlson,1.01548415046381,GPN-star
GTA,22,V,5,gnomad,0.999999999998618,GPN-star
GTA,22,M,6,roulette,0.969080502673162,GPN-star
GTA,22,M,6,carlson,1.03584628222585,GPN-star
GTA,22,M,6,gnomad,1.0000000000001,GPN-star
GTA,22,P,6,roulette,0.97807573515466,GPN-star
GTA,22,P,6,carlson,1.024380633363,GPN-star
GTA,22,P,6,gnomad,0.999999999999993,GPN-star
GTA,22,V,6,roulette,0.967648551336817,GPN-star
GTA,22,V,6,carlson,1.03011371587394,GPN-star
GTA,22,V,6,gnomad,0.999999999998591,GPN-star
GTA,22,M,7,roulette,0.971058046042599,GPN-star
GTA,22,M,7,carlson,1.03895167120309,GPN-star
GTA,22,M,7,gnomad,1.00000000000008,GPN-star
GTA,22,P,7,roulette,0.985104500272428,GPN-star
GTA,22,P,7,carlson,1.02664911548131,GPN-star
GTA,22,P,7,gnomad,0.999999999999996,GPN-star
GTA,22,V,7,roulette,0.9633627311008,GPN-star
GTA,22,V,7,carlson,1.02583404301783,GPN-star
GTA,22,V,7,gnomad,0.999999999998557,GPN-star
GTA,22,M,8,roulette,0.968610650784544,GPN-star
GTA,22,M,8,carlson,1.036957485277,GPN-star
GTA,22,M,8,gnomad,1.00000000000009,GPN-star
GTA,22,P,8,roulette,0.977726405922818,GPN-star
GTA,22,P,8,carlson,1.00862268969575,GPN-star
GTA,22,P,8,gnomad,1,GPN-star
GTA,22,V,8,roulette,0.961720350818277,GPN-star
GTA,22,V,8,carlson,1.03859995634082,GPN-star
GTA,22,V,8,gnomad,0.99999999999853,GPN-star
GTA,22,M,9,roulette,0.974017621636804,GPN-star
GTA,22,M,9,carlson,1.04316146146295,GPN-star
GTA,22,M,9,gnomad,1.00000000000008,GPN-star
GTA,22,P,9,roulette,0.979024231072264,GPN-star
GTA,22,P,9,carlson,1.01505782975801,GPN-star
GTA,22,P,9,gnomad,0.999999999999996,GPN-star
GTA,22,V,9,roulette,0.974313026334013,GPN-star
GTA,22,V,9,carlson,1.06818287543745,GPN-star
GTA,22,V,9,gnomad,0.999999999998537,GPN-star
GTA,22,M,10,roulette,0.972677085122437,GPN-star
GTA,22,M,10,carlson,1.03720966544999,GPN-star
GTA,22,M,10,gnomad,1.00000000000007,GPN-star
GTA,22,P,10,roulette,0.98447630097249,GPN-star
GTA,22,P,10,carlson,1.01355019536006,GPN-star
GTA,22,P,10,gnomad,0.999999999999989,GPN-star
GTA,22,V,10,roulette,0.9812420040975,GPN-star
GTA,22,V,10,carlson,1.06672057999032,GPN-star
GTA,22,V,10,gnomad,0.999999999998541,GPN-star
GTA,22,M,11,roulette,0.978969796824944,GPN-star
GTA,22,M,11,carlson,1.03745973516993,GPN-star
GTA,22,M,11,gnomad,1.00000000000007,GPN-star
GTA,22,P,11,roulette,0.974327654369086,GPN-star
GTA,22,P,11,carlson,1.00157899173684,GPN-star
GTA,22,P,11,gnomad,0.999999999999981,GPN-star
GTA,22,V,11,roulette,0.969029137259895,GPN-star
GTA,22,V,11,carlson,1.0524264748809,GPN-star
GTA,22,V,11,gnomad,0.99999999999853,GPN-star
GTA,22,M,12,roulette,0.981426374628245,GPN-star
GTA,22,M,12,carlson,1.03180633139587,GPN-star
GTA,22,M,12,gnomad,1.00000000000005,GPN-star
GTA,22,P,12,roulette,0.98181153211668,GPN-star
GTA,22,P,12,carlson,1.00672643659479,GPN-star
GTA,22,P,12,gnomad,0.999999999999996,GPN-star
GTA,22,V,12,roulette,0.96024357405871,GPN-star
GTA,22,V,12,carlson,1.03047597413987,GPN-star
GTA,22,V,12,gnomad,0.999999999998526,GPN-star
GTC,22,M,1,roulette,0.939134973947257,GPN-star
GTC,22,M,1,carlson,0.857177466423752,GPN-star
GTC,22,M,1,gnomad,0.999999999994778,GPN-star
GTC,22,P,1,roulette,0.937161409868906,GPN-star
GTC,22,P,1,carlson,0.860338327646689,GPN-star
GTC,22,P,1,gnomad,0.9999999999947,GPN-star
GTC,22,V,1,roulette,0.943105942261576,GPN-star
GTC,22,V,1,carlson,0.847873458981073,GPN-star
GTC,22,V,1,gnomad,0.999999999994443,GPN-star
GTC,22,M,2,roulette,0.964997931456415,GPN-star
GTC,22,M,2,carlson,1.01471824848075,GPN-star
GTC,22,M,2,gnomad,0.999999999994783,GPN-star
GTC,22,P,2,roulette,0.961455245449942,GPN-star
GTC,22,P,2,carlson,1.00600287679676,GPN-star
GTC,22,P,2,gnomad,0.999999999994709,GPN-star
GTC,22,V,2,roulette,0.972135379973684,GPN-star
GTC,22,V,2,carlson,1.0177911980597,GPN-star
GTC,22,V,2,gnomad,0.999999999994453,GPN-star
GTC,22,M,3,roulette,0.981548730184577,GPN-star
GTC,22,M,3,carlson,1.05474624902346,GPN-star
GTC,22,M,3,gnomad,0.999999999994788,GPN-star
GTC,22,P,3,roulette,0.983635894163549,GPN-star
GTC,22,P,3,carlson,1.02892985880183,GPN-star
GTC,22,P,3,gnomad,0.999999999994714,GPN-star
GTC,22,V,3,roulette,0.982755790927273,GPN-star
GTC,22,V,3,carlson,1.03418972952319,GPN-star
GTC,22,V,3,gnomad,0.999999999994458,GPN-star
GTC,22,M,4,roulette,0.996397786821979,GPN-star
GTC,22,M,4,carlson,1.06040865852419,GPN-star
GTC,22,M,4,gnomad,0.999999999994793,GPN-star
GTC,22,P,4,roulette,0.993676778631447,GPN-star
GTC,22,P,4,carlson,1.03836011958142,GPN-star
GTC,22,P,4,gnomad,0.999999999994714,GPN-star
GTC,22,V,4,roulette,0.984975569078739,GPN-star
GTC,22,V,4,carlson,1.02874612701619,GPN-star
GTC,22,V,4,gnomad,0.999999999994458,GPN-star
GTC,22,M,5,roulette,0.997027231526408,GPN-star
GTC,22,M,5,carlson,1.05704930484235,GPN-star
GTC,22,M,5,gnomad,0.999999999994793,GPN-star
GTC,22,P,5,roulette,0.995832520521649,GPN-star
GTC,22,P,5,carlson,1.03826492820407,GPN-star
GTC,22,P,5,gnomad,0.999999999994709,GPN-star
GTC,22,V,5,roulette,0.992451205855552,GPN-star
GTC,22,V,5,carlson,1.02216440936929,GPN-star
GTC,22,V,5,gnomad,0.999999999994458,GPN-star
GTC,22,M,6,roulette,0.995232664956912,GPN-star
GTC,22,M,6,carlson,1.05341113717437,GPN-star
GTC,22,M,6,gnomad,0.999999999994793,GPN-star
GTC,22,P,6,roulette,0.993171036001949,GPN-star
GTC,22,P,6,carlson,1.03338110414798,GPN-star
GTC,22,P,6,gnomad,0.999999999994714,GPN-star
GTC,22,V,6,roulette,0.988608871154008,GPN-star
GTC,22,V,6,carlson,1.0282187840593,GPN-star
GTC,22,V,6,gnomad,0.999999999994458,GPN-star
GTC,22,M,7,roulette,0.995075561149742,GPN-star
GTC,22,M,7,carlson,1.04219092926914,GPN-star
GTC,22,M,7,gnomad,0.999999999994793,GPN-star
GTC,22,P,7,roulette,0.989921036572581,GPN-star
GTC,22,P,7,carlson,1.02579265422727,GPN-star
GTC,22,P,7,gnomad,0.999999999994709,GPN-star
GTC,22,V,7,roulette,0.985126666256581,GPN-star
GTC,22,V,7,carlson,1.02627864621102,GPN-star
GTC,22,V,7,gnomad,0.999999999994458,GPN-star
GTC,22,M,8,roulette,0.990859736671367,GPN-star
GTC,22,M,8,carlson,1.04080939040347,GPN-star
GTC,22,M,8,gnomad,0.999999999994793,GPN-star
GTC,22,P,8,roulette,0.985922417838978,GPN-star
GTC,22,P,8,carlson,1.02141296048408,GPN-star
GTC,22,P,8,gnomad,0.999999999994709,GPN-star
GTC,22,V,8,roulette,0.979120920092522,GPN-star
GTC,22,V,8,carlson,1.01768210257698,GPN-star
GTC,22,V,8,gnomad,0.999999999994458,GPN-star
GTC,22,M,9,roulette,0.988585456783654,GPN-star
GTC,22,M,9,carlson,1.03739093134295,GPN-star
GTC,22,M,9,gnomad,0.999999999994788,GPN-star
GTC,22,P,9,roulette,0.983529176370044,GPN-star
GTC,22,P,9,carlson,1.01372407265818,GPN-star
GTC,22,P,9,gnomad,0.999999999994714,GPN-star
GTC,22,V,9,roulette,0.971309494546175,GPN-star
GTC,22,V,9,carlson,1.01466212456672,GPN-star
GTC,22,V,9,gnomad,0.999999999994468,GPN-star
GTC,22,M,10,roulette,0.985661450363041,GPN-star
GTC,22,M,10,carlson,1.02401496230507,GPN-star
GTC,22,M,10,gnomad,0.999999999994788,GPN-star
GTC,22,P,10,roulette,0.98317114808628,GPN-star
GTC,22,P,10,carlson,1.01643065287005,GPN-star
GTC,22,P,10,gnomad,0.999999999994714,GPN-star
GTC,22,V,10,roulette,0.965356950214375,GPN-star
GTC,22,V,10,carlson,1.01695311140595,GPN-star
GTC,22,V,10,gnomad,0.999999999994463,GPN-star
GTC,22,M,11,roulette,0.985431797780601,GPN-star
GTC,22,M,11,carlson,1.02047345836473,GPN-star
GTC,22,M,11,gnomad,0.999999999994788,GPN-star
GTC,22,P,11,roulette,0.984055837996256,GPN-star
GTC,22,P,11,carlson,1.01036134523809,GPN-star
GTC,22,P,11,gnomad,0.999999999994714,GPN-star
GTC,22,V,11,roulette,0.965874535607453,GPN-star
GTC,22,V,11,carlson,1.02344450448492,GPN-star
GTC,22,V,11,gnomad,0.999999999994453,GPN-star
GTC,22,M,12,roulette,0.981947103449817,GPN-star
GTC,22,M,12,carlson,1.01943413884637,GPN-star
GTC,22,M,12,gnomad,0.999999999994788,GPN-star
GTC,22,P,12,roulette,0.980278384270949,GPN-star
GTC,22,P,12,carlson,1.00702483109077,GPN-star
GTC,22,P,12,gnomad,0.999999999994714,GPN-star
GTC,22,V,12,roulette,0.971562597524405,GPN-star
GTC,22,V,12,carlson,1.02478174151941,GPN-star
GTC,22,V,12,gnomad,0.999999999994448,GPN-star
GTG,22,M,1,roulette,0.91725277994919,GPN-star
GTG,22,M,1,carlson,0.907324315316045,GPN-star
GTG,22,M,1,gnomad,1.00000000000601,GPN-star
GTG,22,P,1,roulette,0.916197183985304,GPN-star
GTG,22,P,1,carlson,0.901052849373325,GPN-star
GTG,22,P,1,gnomad,1.00000000000593,GPN-star
GTG,22,V,1,roulette,0.921216350681705,GPN-star
GTG,22,V,1,carlson,0.891373407923499,GPN-star
GTG,22,V,1,gnomad,1.00000000000654,GPN-star
GTG,22,M,2,roulette,0.927913019136779,GPN-star
GTG,22,M,2,carlson,0.999224480301211,GPN-star
GTG,22,M,2,gnomad,1.00000000000578,GPN-star
GTG,22,P,2,roulette,0.945783756247521,GPN-star
GTG,22,P,2,carlson,1.00849146937115,GPN-star
GTG,22,P,2,gnomad,1.00000000000583,GPN-star
GTG,22,V,2,roulette,0.936221707951847,GPN-star
GTG,22,V,2,carlson,0.988623602790349,GPN-star
GTG,22,V,2,gnomad,1.00000000000651,GPN-star
GTG,22,M,3,roulette,0.942203098400945,GPN-star
GTG,22,M,3,carlson,1.03221002564392,GPN-star
GTG,22,M,3,gnomad,1.0000000000059,GPN-star
GTG,22,P,3,roulette,0.975094234209088,GPN-star
GTG,22,P,3,carlson,1.03016793535891,GPN-star
GTG,22,P,3,gnomad,1.00000000000581,GPN-star
GTG,22,V,3,roulette,0.960979291086769,GPN-star
GTG,22,V,3,carlson,1.00257902072021,GPN-star
GTG,22,V,3,gnomad,1.0000000000065,GPN-star
GTG,22,M,4,roulette,0.970612643065783,GPN-star
GTG,22,M,4,carlson,1.05679009595808,GPN-star
GTG,22,M,4,gnomad,1.00000000000587,GPN-star
GTG,22,P,4,roulette,0.977160615497582,GPN-star
GTG,22,P,4,carlson,1.03146022742552,GPN-star
GTG,22,P,4,gnomad,1.00000000000584,GPN-star
GTG,22,V,4,roulette,0.964432468510909,GPN-star
GTG,22,V,4,carlson,0.977109316621286,GPN-star
GTG,22,V,4,gnomad,1.00000000000657,GPN-star
GTG,22,M,5,roulette,0.980213015058775,GPN-star
GTG,22,M,5,carlson,1.05189833576404,GPN-star
GTG,22,M,5,gnomad,1.00000000000583,GPN-star
GTG,22,P,5,roulette,0.982414639042316,GPN-star
GTG,22,P,5,carlson,1.03019887553652,GPN-star
GTG,22,P,5,gnomad,1.00000000000582,GPN-star
GTG,22,V,5,roulette,0.958030890911507,GPN-star
GTG,22,V,5,carlson,0.975502837038533,GPN-star
GTG,22,V,5,gnomad,1.00000000000658,GPN-star
GTG,22,M,6,roulette,0.985856480017962,GPN-star
GTG,22,M,6,carlson,1.04997791574654,GPN-star
GTG,22,M,6,gnomad,1.00000000000579,GPN-star
GTG,22,P,6,roulette,0.985246836516037,GPN-star
GTG,22,P,6,carlson,1.02413546869158,GPN-star
GTG,22,P,6,gnomad,1.00000000000583,GPN-star
GTG,22,V,6,roulette,0.969564731178317,GPN-star
GTG,22,V,6,carlson,0.983450268228098,GPN-star
GTG,22,V,6,gnomad,1.0000000000065,GPN-star
GTG,22,M,7,roulette,0.981497279372499,GPN-star
GTG,22,M,7,carlson,1.03561799035877,GPN-star
GTG,22,M,7,gnomad,1.0000000000058,GPN-star
GTG,22,P,7,roulette,0.979798994251694,GPN-star
GTG,22,P,7,carlson,1.02190587173465,GPN-star
GTG,22,P,7,gnomad,1.00000000000585,GPN-star
GTG,22,V,7,roulette,0.965234578957952,GPN-star
GTG,22,V,7,carlson,0.979880901215612,GPN-star
GTG,22,V,7,gnomad,1.00000000000651,GPN-star
GTG,22,M,8,roulette,0.973354812774755,GPN-star
GTG,22,M,8,carlson,1.02624752380801,GPN-star
GTG,22,M,8,gnomad,1.00000000000581,GPN-star
GTG,22,P,8,roulette,0.977294710467652,GPN-star
GTG,22,P,8,carlson,1.01403018591372,GPN-star
GTG,22,P,8,gnomad,1.00000000000587,GPN-star
GTG,22,V,8,roulette,0.973562919103669,GPN-star
GTG,22,V,8,carlson,0.997656521328543,GPN-star
GTG,22,V,8,gnomad,1.00000000000659,GPN-star
GTG,22,M,9,roulette,0.969977673484285,GPN-star
GTG,22,M,9,carlson,1.02415824117666,GPN-star
GTG,22,M,9,gnomad,1.00000000000585,GPN-star
GTG,22,P,9,roulette,0.979365743770027,GPN-star
GTG,22,P,9,carlson,1.01496791464434,GPN-star
GTG,22,P,9,gnomad,1.00000000000587,GPN-star
GTG,22,V,9,roulette,0.972891752163055,GPN-star
GTG,22,V,9,carlson,0.99017516393754,GPN-star
GTG,22,V,9,gnomad,1.00000000000679,GPN-star
GTG,22,M,10,roulette,0.964207124586214,GPN-star
GTG,22,M,10,carlson,1.0186293938613,GPN-star
GTG,22,M,10,gnomad,1.00000000000587,GPN-star
GTG,22,P,10,roulette,0.978073156530044,GPN-star
GTG,22,P,10,carlson,1.010186427885,GPN-star
GTG,22,P,10,gnomad,1.00000000000584,GPN-star
GTG,22,V,10,roulette,0.967560119358056,GPN-star
GTG,22,V,10,carlson,0.991499379069808,GPN-star
GTG,22,V,10,gnomad,1.00000000000685,GPN-star
GTG,22,M,11,roulette,0.962082055142416,GPN-star
GTG,22,M,11,carlson,1.00687913319862,GPN-star
GTG,22,M,11,gnomad,1.00000000000587,GPN-star
GTG,22,P,11,roulette,0.975429903110049,GPN-star
GTG,22,P,11,carlson,1.00295680327061,GPN-star
GTG,22,P,11,gnomad,1.00000000000584,GPN-star
GTG,22,V,11,roulette,0.973070450911473,GPN-star
GTG,22,V,11,carlson,0.993874321653599,GPN-star
GTG,22,V,11,gnomad,1.00000000000685,GPN-star
GTG,22,M,12,roulette,0.961539515480035,GPN-star
GTG,22,M,12,carlson,1.00950328063681,GPN-star
GTG,22,M,12,gnomad,1.00000000000589,GPN-star
GTG,22,P,12,roulette,0.977938524575782,GPN-star
GTG,22,P,12,carlson,1.00324768918821,GPN-star
GTG,22,P,12,gnomad,1.00000000000588,GPN-star
GTG,22,V,12,roulette,0.968025433676663,GPN-star
GTG,22,V,12,carlson,0.985165347317233,GPN-star
GTG,22,V,12,gnomad,1.00000000000685,GPN-star
GTT,22,M,1,roulette,0.943285805014052,GPN-star
GTT,22,M,1,carlson,1.12841167700533,GPN-star
GTT,22,M,1,gnomad,1.00000000000566,GPN-star
GTT,22,P,1,roulette,0.91971748099421,GPN-star
GTT,22,P,1,carlson,1.0786232757601,GPN-star
GTT,22,P,1,gnomad,1.00000000000611,GPN-star
GTT,22,V,1,roulette,0.956032381841221,GPN-star
GTT,22,V,1,carlson,1.13284807579294,GPN-star
GTT,22,V,1,gnomad,1.00000000000711,GPN-star
GTT,22,M,2,roulette,0.872562120956255,GPN-star
GTT,22,M,2,carlson,1.00599463583759,GPN-star
GTT,22,M,2,gnomad,1.00000000000561,GPN-star
GTT,22,P,2,roulette,0.900457080410394,GPN-star
GTT,22,P,2,carlson,1.03065366531278,GPN-star
GTT,22,P,2,gnomad,1.00000000000613,GPN-star
GTT,22,V,2,roulette,0.881464389493741,GPN-star
GTT,22,V,2,carlson,0.999949186081189,GPN-star
GTT,22,V,2,gnomad,1.00000000000713,GPN-star
GTT,22,M,3,roulette,0.894781289941082,GPN-star
GTT,22,M,3,carlson,1.01264747976325,GPN-star
GTT,22,M,3,gnomad,1.00000000000554,GPN-star
GTT,22,P,3,roulette,0.917659457015421,GPN-star
GTT,22,P,3,carlson,1.00528040528919,GPN-star
GTT,22,P,3,gnomad,1.00000000000612,GPN-star
GTT,22,V,3,roulette,0.901689010920518,GPN-star
GTT,22,V,3,carlson,1.00730463943438,GPN-star
GTT,22,V,3,gnomad,1.00000000000712,GPN-star
GTT,22,M,4,roulette,0.915443653276907,GPN-star
GTT,22,M,4,carlson,1.01329693194616,GPN-star
GTT,22,M,4,gnomad,1.00000000000565,GPN-star
GTT,22,P,4,roulette,0.940840144432507,GPN-star
GTT,22,P,4,carlson,1.01593053970573,GPN-star
GTT,22,P,4,gnomad,1.00000000000614,GPN-star
GTT,22,V,4,roulette,0.915736981449112,GPN-star
GTT,22,V,4,carlson,1.00977254591125,GPN-star
GTT,22,V,4,gnomad,1.0000000000071,GPN-star
GTT,22,M,5,roulette,0.92986522519771,GPN-star
GTT,22,M,5,carlson,1.0205117976008,GPN-star
GTT,22,M,5,gnomad,1.00000000000566,GPN-star
GTT,22,P,5,roulette,0.947742196575095,GPN-star
GTT,22,P,5,carlson,1.01103193539338,GPN-star
GTT,22,P,5,gnomad,1.00000000000613,GPN-star
GTT,22,V,5,roulette,0.93317033640829,GPN-star
GTT,22,V,5,carlson,1.00404915314561,GPN-star
GTT,22,V,5,gnomad,1.00000000000709,GPN-star
GTT,22,M,6,roulette,0.937711835510575,GPN-star
GTT,22,M,6,carlson,1.02856993914918,GPN-star
GTT,22,M,6,gnomad,1.00000000000566,GPN-star
GTT,22,P,6,roulette,0.955098236617007,GPN-star
GTT,22,P,6,carlson,1.01215183187787,GPN-star
GTT,22,P,6,gnomad,1.00000000000612,GPN-star
GTT,22,V,6,roulette,0.9297541064446,GPN-star
GTT,22,V,6,carlson,1.0108157362423,GPN-star
GTT,22,V,6,gnomad,1.00000000000707,GPN-star
GTT,22,M,7,roulette,0.93853907051985,GPN-star
GTT,22,M,7,carlson,1.02885598329275,GPN-star
GTT,22,M,7,gnomad,1.00000000000566,GPN-star
GTT,22,P,7,roulette,0.957150614834,GPN-star
GTT,22,P,7,carlson,1.01260421394446,GPN-star
GTT,22,P,7,gnomad,1.00000000000612,GPN-star
GTT,22,V,7,roulette,0.928163756972958,GPN-star
GTT,22,V,7,carlson,1.01415572813774,GPN-star
GTT,22,V,7,gnomad,1.00000000000706,GPN-star
GTT,22,M,8,roulette,0.945060478443474,GPN-star
GTT,22,M,8,carlson,1.02618576027008,GPN-star
GTT,22,M,8,gnomad,1.00000000000565,GPN-star
GTT,22,P,8,roulette,0.957907633673545,GPN-star
GTT,22,P,8,carlson,1.00957194743583,GPN-star
GTT,22,P,8,gnomad,1.00000000000611,GPN-star
GTT,22,V,8,roulette,0.94473007385849,GPN-star
GTT,22,V,8,carlson,1.02355678161231,GPN-star
GTT,22,V,8,gnomad,1.00000000000702,GPN-star
GTT,22,M,9,roulette,0.950753985873031,GPN-star
GTT,22,M,9,carlson,1.03226034942372,GPN-star
GTT,22,M,9,gnomad,1.00000000000565,GPN-star
GTT,22,P,9,roulette,0.963255233092699,GPN-star
GTT,22,P,9,carlson,1.01666274235214,GPN-star
GTT,22,P,9,gnomad,1.00000000000611,GPN-star
GTT,22,V,9,roulette,0.954591976416045,GPN-star
GTT,22,V,9,carlson,1.05785577500462,GPN-star
GTT,22,V,9,gnomad,1.00000000000694,GPN-star
GTT,22,M,10,roulette,0.95317876335606,GPN-star
GTT,22,M,10,carlson,1.03443093602885,GPN-star
GTT,22,M,10,gnomad,1.00000000000564,GPN-star
GTT,22,P,10,roulette,0.958608924354424,GPN-star
GTT,22,P,10,carlson,1.00033888914581,GPN-star
GTT,22,P,10,gnomad,1.00000000000608,GPN-star
GTT,22,V,10,roulette,0.967968533078942,GPN-star
GTT,22,V,10,carlson,1.07186143458167,GPN-star
GTT,22,V,10,gnomad,1.00000000000694,GPN-star
GTT,22,M,11,roulette,0.951569070648931,GPN-star
GTT,22,M,11,carlson,1.03158398477765,GPN-star
GTT,22,M,11,gnomad,1.00000000000562,GPN-star
GTT,22,P,11,roulette,0.959327213963173,GPN-star
GTT,22,P,11,carlson,1.00670566695789,GPN-star
GTT,22,P,11,gnomad,1.00000000000607,GPN-star
GTT,22,V,11,roulette,0.95521777470006,GPN-star
GTT,22,V,11,carlson,1.04904839495117,GPN-star
GTT,22,V,11,gnomad,1.00000000000698,GPN-star
GTT,22,M,12,roulette,0.952591530587614,GPN-star
GTT,22,M,12,carlson,1.02398645497644,GPN-star
GTT,22,M,12,gnomad,1.00000000000562,GPN-star
GTT,22,P,12,roulette,0.962835528180622,GPN-star
GTT,22,P,12,carlson,1.00366076409132,GPN-star
GTT,22,P,12,gnomad,1.00000000000608,GPN-star
GTT,22,V,12,roulette,0.925810233583957,GPN-star
GTT,22,V,12,carlson,1.01473760414599,GPN-star
GTT,22,V,12,gnomad,1.00000000000704,GPN-star
TAA,22,M,1,roulette,0.878350699657903,GPN-star
TAA,22,M,1,carlson,0.99052065570451,GPN-star
TAA,22,M,1,gnomad,1.00000000000521,GPN-star
TAA,22,P,1,roulette,0.875308397223414,GPN-star
TAA,22,P,1,carlson,0.969964662984619,GPN-star
TAA,22,P,1,gnomad,1.00000000000571,GPN-star
TAA,22,V,1,roulette,0.89107989207813,GPN-star
TAA,22,V,1,carlson,0.989829811604639,GPN-star
TAA,22,V,1,gnomad,1.00000000000586,GPN-star
TAA,22,M,2,roulette,0.887974890450875,GPN-star
TAA,22,M,2,carlson,0.977193806728358,GPN-star
TAA,22,M,2,gnomad,1.0000000000053,GPN-star
TAA,22,P,2,roulette,0.91564023175755,GPN-star
TAA,22,P,2,carlson,1.00750132639962,GPN-star
TAA,22,P,2,gnomad,1.00000000000581,GPN-star
TAA,22,V,2,roulette,0.921471909583809,GPN-star
TAA,22,V,2,carlson,0.9873173426367,GPN-star
TAA,22,V,2,gnomad,1.00000000000595,GPN-star
TAA,22,M,3,roulette,0.902260276008591,GPN-star
TAA,22,M,3,carlson,0.985340894486455,GPN-star
TAA,22,M,3,gnomad,1.00000000000532,GPN-star
TAA,22,P,3,roulette,0.93167362344634,GPN-star
TAA,22,P,3,carlson,1.0151930273658,GPN-star
TAA,22,P,3,gnomad,1.00000000000579,GPN-star
TAA,22,V,3,roulette,0.939091172151176,GPN-star
TAA,22,V,3,carlson,1.02634557774493,GPN-star
TAA,22,V,3,gnomad,1.00000000000594,GPN-star
TAA,22,M,4,roulette,0.91285527155812,GPN-star
TAA,22,M,4,carlson,0.993970270886614,GPN-star
TAA,22,M,4,gnomad,1.00000000000532,GPN-star
TAA,22,P,4,roulette,0.924156659697283,GPN-star
TAA,22,P,4,carlson,0.999108769342527,GPN-star
TAA,22,P,4,gnomad,1.0000000000058,GPN-star
TAA,22,V,4,roulette,0.957957024666493,GPN-star
TAA,22,V,4,carlson,1.02355305327543,GPN-star
TAA,22,V,4,gnomad,1.00000000000593,GPN-star
TAA,22,M,5,roulette,0.919323098586481,GPN-star
TAA,22,M,5,carlson,1.01066911885966,GPN-star
TAA,22,M,5,gnomad,1.00000000000532,GPN-star
TAA,22,P,5,roulette,0.931628983004613,GPN-star
TAA,22,P,5,carlson,0.99829171524346,GPN-star
TAA,22,P,5,gnomad,1.00000000000579,GPN-star
TAA,22,V,5,roulette,0.969196618404548,GPN-star
TAA,22,V,5,carlson,1.01793425771562,GPN-star
TAA,22,V,5,gnomad,1.00000000000592,GPN-star
TAA,22,M,6,roulette,0.927932331423506,GPN-star
TAA,22,M,6,carlson,1.02265143828227,GPN-star
TAA,22,M,6,gnomad,1.00000000000532,GPN-star
TAA,22,P,6,roulette,0.938293860868899,GPN-star
TAA,22,P,6,carlson,1.00539690949804,GPN-star
TAA,22,P,6,gnomad,1.00000000000578,GPN-star
TAA,22,V,6,roulette,0.969905637631657,GPN-star
TAA,22,V,6,carlson,1.01322306417934,GPN-star
TAA,22,V,6,gnomad,1.00000000000591,GPN-star
TAA,22,M,7,roulette,0.93621411434816,GPN-star
TAA,22,M,7,carlson,1.0271124565967,GPN-star
TAA,22,M,7,gnomad,1.00000000000533,GPN-star
TAA,22,P,7,roulette,0.938008386632812,GPN-star
TAA,22,P,7,carlson,0.998016214777151,GPN-star
TAA,22,P,7,gnomad,1.00000000000576,GPN-star
TAA,22,V,7,roulette,0.964964523630925,GPN-star
TAA,22,V,7,carlson,1.00825119010696,GPN-star
TAA,22,V,7,gnomad,1.0000000000059,GPN-star
TAA,22,M,8,roulette,0.9448725830024,GPN-star
TAA,22,M,8,carlson,1.03116550744679,GPN-star
TAA,22,M,8,gnomad,1.00000000000532,GPN-star
TAA,22,P,8,roulette,0.949474763870776,GPN-star
TAA,22,P,8,carlson,0.993926366317851,GPN-star
TAA,22,P,8,gnomad,1.00000000000576,GPN-star
TAA,22,V,8,roulette,0.956123085973548,GPN-star
TAA,22,V,8,carlson,1.0012752994653,GPN-star
TAA,22,V,8,gnomad,1.00000000000588,GPN-star
TAA,22,M,9,roulette,0.951136608953153,GPN-star
TAA,22,M,9,carlson,1.03043134809427,GPN-star
TAA,22,M,9,gnomad,1.00000000000531,GPN-star
TAA,22,P,9,roulette,0.952754190013379,GPN-star
TAA,22,P,9,carlson,0.999307291271731,GPN-star
TAA,22,P,9,gnomad,1.00000000000575,GPN-star
TAA,22,V,9,roulette,0.940094074797126,GPN-star
TAA,22,V,9,carlson,0.983842048653093,GPN-star
TAA,22,V,9,gnomad,1.00000000000587,GPN-star
TAA,22,M,10,roulette,0.94532493692517,GPN-star
TAA,22,M,10,carlson,1.02404622866326,GPN-star
TAA,22,M,10,gnomad,1.0000000000053,GPN-star
TAA,22,P,10,roulette,0.954126655442062,GPN-star
TAA,22,P,10,carlson,0.997350166808573,GPN-star
TAA,22,P,10,gnomad,1.00000000000573,GPN-star
TAA,22,V,10,roulette,0.924737159442555,GPN-star
TAA,22,V,10,carlson,0.971234589853488,GPN-star
TAA,22,V,10,gnomad,1.00000000000588,GPN-star
TAA,22,M,11,roulette,0.946482700738393,GPN-star
TAA,22,M,11,carlson,1.0147532126191,GPN-star
TAA,22,M,11,gnomad,1.00000000000528,GPN-star
TAA,22,P,11,roulette,0.953683334770735,GPN-star
TAA,22,P,11,carlson,0.996358438564076,GPN-star
TAA,22,P,11,gnomad,1.00000000000572,GPN-star
TAA,22,V,11,roulette,0.914340181837046,GPN-star
TAA,22,V,11,carlson,0.965817226550292,GPN-star
TAA,22,V,11,gnomad,1.00000000000587,GPN-star
TAA,22,M,12,roulette,0.948273726812219,GPN-star
TAA,22,M,12,carlson,1.01165351461206,GPN-star
TAA,22,M,12,gnomad,1.00000000000526,GPN-star
TAA,22,P,12,roulette,0.947601088936922,GPN-star
TAA,22,P,12,carlson,0.988912633801375,GPN-star
TAA,22,P,12,gnomad,1.00000000000572,GPN-star
TAA,22,V,12,roulette,0.91328806962723,GPN-star
TAA,22,V,12,carlson,0.965215498294124,GPN-star
TAA,22,V,12,gnomad,1.00000000000586,GPN-star
TAC,22,M,1,roulette,0.961016863852171,GPN-star
TAC,22,M,1,carlson,0.934073250566642,GPN-star
TAC,22,M,1,gnomad,1.00000000000001,GPN-star
TAC,22,P,1,roulette,0.955188364600475,GPN-star
TAC,22,P,1,carlson,0.93653314596888,GPN-star
TAC,22,P,1,gnomad,0.99999999999995,GPN-star
TAC,22,V,1,roulette,0.96651354752947,GPN-star
TAC,22,V,1,carlson,0.928829768171356,GPN-star
TAC,22,V,1,gnomad,0.999999999998622,GPN-star
TAC,22,M,2,roulette,0.935076939459683,GPN-star
TAC,22,M,2,carlson,0.989360842084502,GPN-star
TAC,22,M,2,gnomad,0.999999999999977,GPN-star
TAC,22,P,2,roulette,0.952667627617364,GPN-star
TAC,22,P,2,carlson,1.00851261690009,GPN-star
TAC,22,P,2,gnomad,0.999999999999896,GPN-star
TAC,22,V,2,roulette,0.953512971938514,GPN-star
TAC,22,V,2,carlson,0.985007145273794,GPN-star
TAC,22,V,2,gnomad,0.999999999998538,GPN-star
TAC,22,M,3,roulette,0.958462797824121,GPN-star
TAC,22,M,3,carlson,1.01383106213368,GPN-star
TAC,22,M,3,gnomad,1.00000000000004,GPN-star
TAC,22,P,3,roulette,0.985652641362839,GPN-star
TAC,22,P,3,carlson,1.02941464823461,GPN-star
TAC,22,P,3,gnomad,0.999999999999908,GPN-star
TAC,22,V,3,roulette,0.96500172380159,GPN-star
TAC,22,V,3,carlson,0.997261535171648,GPN-star
TAC,22,V,3,gnomad,0.999999999998607,GPN-star
TAC,22,M,4,roulette,0.973293893050274,GPN-star
TAC,22,M,4,carlson,1.01996756386873,GPN-star
TAC,22,M,4,gnomad,1.00000000000005,GPN-star
TAC,22,P,4,roulette,0.986354621501583,GPN-star
TAC,22,P,4,carlson,1.02426699612434,GPN-star
TAC,22,P,4,gnomad,0.999999999999965,GPN-star
TAC,22,V,4,roulette,0.989134130424417,GPN-star
TAC,22,V,4,carlson,1.01699267976772,GPN-star
TAC,22,V,4,gnomad,0.99999999999863,GPN-star
TAC,22,M,5,roulette,0.981113512256435,GPN-star
TAC,22,M,5,carlson,1.03204176873549,GPN-star
TAC,22,M,5,gnomad,1.00000000000004,GPN-star
TAC,22,P,5,roulette,0.994409519743948,GPN-star
TAC,22,P,5,carlson,1.03419469769031,GPN-star
TAC,22,P,5,gnomad,0.999999999999973,GPN-star
TAC,22,V,5,roulette,0.985763819567065,GPN-star
TAC,22,V,5,carlson,1.01753495432674,GPN-star
TAC,22,V,5,gnomad,0.999999999998611,GPN-star
TAC,22,M,6,roulette,0.990283340670071,GPN-star
TAC,22,M,6,carlson,1.03679086963233,GPN-star
TAC,22,M,6,gnomad,1.00000000000004,GPN-star
TAC,22,P,6,roulette,0.99565715931568,GPN-star
TAC,22,P,6,carlson,1.03299364716923,GPN-star
TAC,22,P,6,gnomad,0.999999999999973,GPN-star
TAC,22,V,6,roulette,0.984380097718024,GPN-star
TAC,22,V,6,carlson,1.01661725742875,GPN-star
TAC,22,V,6,gnomad,0.999999999998588,GPN-star
TAC,22,M,7,roulette,0.990577130367513,GPN-star
TAC,22,M,7,carlson,1.0309052889982,GPN-star
TAC,22,M,7,gnomad,1.00000000000004,GPN-star
TAC,22,P,7,roulette,0.989777366764136,GPN-star
TAC,22,P,7,carlson,1.02582717844895,GPN-star
TAC,22,P,7,gnomad,0.999999999999984,GPN-star
TAC,22,V,7,roulette,0.988337346702295,GPN-star
TAC,22,V,7,carlson,1.02854434025894,GPN-star
TAC,22,V,7,gnomad,0.999999999998557,GPN-star
TAC,22,M,8,roulette,0.986916663187939,GPN-star
TAC,22,M,8,carlson,1.03202370464392,GPN-star
TAC,22,M,8,gnomad,1.00000000000003,GPN-star
TAC,22,P,8,roulette,0.988800090488709,GPN-star
TAC,22,P,8,carlson,1.02001224475248,GPN-star
TAC,22,P,8,gnomad,0.999999999999984,GPN-star
TAC,22,V,8,roulette,0.988717053567408,GPN-star
TAC,22,V,8,carlson,1.03443438656406,GPN-star
TAC,22,V,8,gnomad,0.99999999999853,GPN-star
TAC,22,M,9,roulette,0.982964735166698,GPN-star
TAC,22,M,9,carlson,1.03377890105465,GPN-star
TAC,22,M,9,gnomad,1.00000000000003,GPN-star
TAC,22,P,9,roulette,0.981619952952578,GPN-star
TAC,22,P,9,carlson,1.00663258731937,GPN-star
TAC,22,P,9,gnomad,0.999999999999981,GPN-star
TAC,22,V,9,roulette,0.987462177927326,GPN-star
TAC,22,V,9,carlson,1.04774812678716,GPN-star
TAC,22,V,9,gnomad,0.999999999998545,GPN-star
TAC,22,M,10,roulette,0.990573213440586,GPN-star
TAC,22,M,10,carlson,1.04200625672225,GPN-star
TAC,22,M,10,gnomad,1.00000000000002,GPN-star
TAC,22,P,10,roulette,0.981686296482172,GPN-star
TAC,22,P,10,carlson,1.01161806253744,GPN-star
TAC,22,P,10,gnomad,0.999999999999965,GPN-star
TAC,22,V,10,roulette,0.983401743889856,GPN-star
TAC,22,V,10,carlson,1.05577788838272,GPN-star
TAC,22,V,10,gnomad,0.999999999998541,GPN-star
TAC,22,M,11,roulette,0.985903395144869,GPN-star
TAC,22,M,11,carlson,1.03429545887783,GPN-star
TAC,22,M,11,gnomad,1.00000000000002,GPN-star
TAC,22,P,11,roulette,0.983328327696853,GPN-star
TAC,22,P,11,carlson,1.00575379794235,GPN-star
TAC,22,P,11,gnomad,0.999999999999958,GPN-star
TAC,22,V,11,roulette,0.984473260022142,GPN-star
TAC,22,V,11,carlson,1.05882041009558,GPN-star
TAC,22,V,11,gnomad,0.999999999998541,GPN-star
TAC,22,M,12,roulette,0.984724973112405,GPN-star
TAC,22,M,12,carlson,1.03433510679398,GPN-star
TAC,22,M,12,gnomad,1.00000000000001,GPN-star
TAC,22,P,12,roulette,0.981058983350151,GPN-star
TAC,22,P,12,carlson,1.00668872108709,GPN-star
TAC,22,P,12,gnomad,0.999999999999981,GPN-star
TAC,22,V,12,roulette,0.959982944013528,GPN-star
TAC,22,V,12,carlson,1.0273301224876,GPN-star
TAC,22,V,12,gnomad,0.999999999998526,GPN-star
TAG,22,M,1,roulette,0.957092659066349,GPN-star
TAG,22,M,1,carlson,0.951143546057774,GPN-star
TAG,22,M,1,gnomad,0.999999999998912,GPN-star
TAG,22,P,1,roulette,0.951016325881632,GPN-star
TAG,22,P,1,carlson,0.947469994898947,GPN-star
TAG,22,P,1,gnomad,0.99999999999901,GPN-star
TAG,22,V,1,roulette,0.957677106144519,GPN-star
TAG,22,V,1,carlson,0.941004754392912,GPN-star
TAG,22,V,1,gnomad,0.999999999999852,GPN-star
TAG,22,M,2,roulette,0.979529955605122,GPN-star
TAG,22,M,2,carlson,1.00852995224011,GPN-star
TAG,22,M,2,gnomad,0.999999999998759,GPN-star
TAG,22,P,2,roulette,0.985192039590256,GPN-star
TAG,22,P,2,carlson,1.01403842772689,GPN-star
TAG,22,P,2,gnomad,0.999999999998795,GPN-star
TAG,22,V,2,roulette,0.979906780136863,GPN-star
TAG,22,V,2,carlson,1.00385108129613,GPN-star
TAG,22,V,2,gnomad,0.999999999999727,GPN-star
TAG,22,M,3,roulette,0.993542783548367,GPN-star
TAG,22,M,3,carlson,1.01453328155407,GPN-star
TAG,22,M,3,gnomad,0.999999999998728,GPN-star
TAG,22,P,3,roulette,0.991951856704581,GPN-star
TAG,22,P,3,carlson,1.00896211054966,GPN-star
TAG,22,P,3,gnomad,0.999999999998814,GPN-star
TAG,22,V,3,roulette,0.993335368227965,GPN-star
TAG,22,V,3,carlson,1.0109365951911,GPN-star
TAG,22,V,3,gnomad,0.999999999999682,GPN-star
TAG,22,M,4,roulette,1.00432384233962,GPN-star
TAG,22,M,4,carlson,1.02534722767153,GPN-star
TAG,22,M,4,gnomad,0.999999999998751,GPN-star
TAG,22,P,4,roulette,1.00037423882529,GPN-star
TAG,22,P,4,carlson,1.0182619338127,GPN-star
TAG,22,P,4,gnomad,0.999999999998778,GPN-star
TAG,22,V,4,roulette,0.992511395046478,GPN-star
TAG,22,V,4,carlson,1.00785133865292,GPN-star
TAG,22,V,4,gnomad,0.999999999999705,GPN-star
TAG,22,M,5,roulette,1.00611102564047,GPN-star
TAG,22,M,5,carlson,1.0287811214854,GPN-star
TAG,22,M,5,gnomad,0.999999999998764,GPN-star
TAG,22,P,5,roulette,1.00069489694384,GPN-star
TAG,22,P,5,carlson,1.01754616472757,GPN-star
TAG,22,P,5,gnomad,0.999999999998795,GPN-star
TAG,22,V,5,roulette,0.992497190189218,GPN-star
TAG,22,V,5,carlson,1.00677276180285,GPN-star
TAG,22,V,5,gnomad,0.999999999999696,GPN-star
TAG,22,M,6,roulette,1.00747109124857,GPN-star
TAG,22,M,6,carlson,1.02764050910129,GPN-star
TAG,22,M,6,gnomad,0.999999999998746,GPN-star
TAG,22,P,6,roulette,0.996794044100269,GPN-star
TAG,22,P,6,carlson,1.01202141762845,GPN-star
TAG,22,P,6,gnomad,0.999999999998804,GPN-star
TAG,22,V,6,roulette,0.991793075256354,GPN-star
TAG,22,V,6,carlson,1.00822760908878,GPN-star
TAG,22,V,6,gnomad,0.999999999999713,GPN-star
TAG,22,M,7,roulette,1.0062735846891,GPN-star
TAG,22,M,7,carlson,1.02491211441479,GPN-star
TAG,22,M,7,gnomad,0.999999999998737,GPN-star
TAG,22,P,7,roulette,0.997610663711273,GPN-star
TAG,22,P,7,carlson,1.00530578933908,GPN-star
TAG,22,P,7,gnomad,0.999999999998809,GPN-star
TAG,22,V,7,roulette,0.994911356005242,GPN-star
TAG,22,V,7,carlson,1.01147339008068,GPN-star
TAG,22,V,7,gnomad,0.999999999999727,GPN-star
TAG,22,M,8,roulette,1.00469963323925,GPN-star
TAG,22,M,8,carlson,1.02734642584322,GPN-star
TAG,22,M,8,gnomad,0.999999999998724,GPN-star
TAG,22,P,8,roulette,0.99657343118686,GPN-star
TAG,22,P,8,carlson,1.0027788848623,GPN-star
TAG,22,P,8,gnomad,0.999999999998814,GPN-star
TAG,22,V,8,roulette,0.999990482267575,GPN-star
TAG,22,V,8,carlson,1.02205951667907,GPN-star
TAG,22,V,8,gnomad,0.9999999999997,GPN-star
TAG,22,M,9,roulette,1.00155707377991,GPN-star
TAG,22,M,9,carlson,1.02232462077317,GPN-star
TAG,22,M,9,gnomad,0.999999999998724,GPN-star
TAG,22,P,9,roulette,0.992917028905735,GPN-star
TAG,22,P,9,carlson,1.00346673491275,GPN-star
TAG,22,P,9,gnomad,0.999999999998795,GPN-star
TAG,22,V,9,roulette,0.987916649209372,GPN-star
TAG,22,V,9,carlson,1.0196345179966,GPN-star
TAG,22,V,9,gnomad,0.999999999999642,GPN-star
TAG,22,M,10,roulette,1.00198646685721,GPN-star
TAG,22,M,10,carlson,1.02302901883259,GPN-star
TAG,22,M,10,gnomad,0.999999999998719,GPN-star
TAG,22,P,10,roulette,0.993882200555738,GPN-star
TAG,22,P,10,carlson,1.00058369374933,GPN-star
TAG,22,P,10,gnomad,0.999999999998822,GPN-star
TAG,22,V,10,roulette,0.987875433546432,GPN-star
TAG,22,V,10,carlson,1.01385038482437,GPN-star
TAG,22,V,10,gnomad,0.999999999999628,GPN-star
TAG,22,M,11,roulette,1.00073463282306,GPN-star
TAG,22,M,11,carlson,1.02422097099572,GPN-star
TAG,22,M,11,gnomad,0.999999999998737,GPN-star
TAG,22,P,11,roulette,0.989497430118059,GPN-star
TAG,22,P,11,carlson,0.998406059989486,GPN-star
TAG,22,P,11,gnomad,0.999999999998849,GPN-star
TAG,22,V,11,roulette,0.982776758909176,GPN-star
TAG,22,V,11,carlson,1.0099452386046,GPN-star
TAG,22,V,11,gnomad,0.999999999999669,GPN-star
TAG,22,M,12,roulette,1.00061584468933,GPN-star
TAG,22,M,12,carlson,1.01873570000881,GPN-star
TAG,22,M,12,gnomad,0.999999999998746,GPN-star
TAG,22,P,12,roulette,0.995243153628505,GPN-star
TAG,22,P,12,carlson,1.00354525021262,GPN-star
TAG,22,P,12,gnomad,0.999999999998845,GPN-star
TAG,22,V,12,roulette,0.97711524491319,GPN-star
TAG,22,V,12,carlson,1.01176390248521,GPN-star
TAG,22,V,12,gnomad,0.9999999999997,GPN-star
TAT,22,M,1,roulette,0.927774846891846,GPN-star
TAT,22,M,1,carlson,1.04783182979082,GPN-star
TAT,22,M,1,gnomad,1.00000000000436,GPN-star
TAT,22,P,1,roulette,0.904928059389412,GPN-star
TAT,22,P,1,carlson,1.01252366609978,GPN-star
TAT,22,P,1,gnomad,1.00000000000443,GPN-star
TAT,22,V,1,roulette,0.924340088584988,GPN-star
TAT,22,V,1,carlson,1.02245849486108,GPN-star
TAT,22,V,1,gnomad,1.00000000000457,GPN-star
TAT,22,M,2,roulette,0.861101267999782,GPN-star
TAT,22,M,2,carlson,0.910805982817713,GPN-star
TAT,22,M,2,gnomad,1.00000000000438,GPN-star
TAT,22,P,2,roulette,0.88217429141869,GPN-star
TAT,22,P,2,carlson,0.93222744516019,GPN-star
TAT,22,P,2,gnomad,1.00000000000445,GPN-star
TAT,22,V,2,roulette,0.861876797503841,GPN-star
TAT,22,V,2,carlson,0.855284201472938,GPN-star
TAT,22,V,2,gnomad,1.0000000000046,GPN-star
TAT,22,M,3,roulette,0.885849998544115,GPN-star
TAT,22,M,3,carlson,0.931406787564988,GPN-star
TAT,22,M,3,gnomad,1.00000000000439,GPN-star
TAT,22,P,3,roulette,0.925068064426611,GPN-star
TAT,22,P,3,carlson,0.983036891840915,GPN-star
TAT,22,P,3,gnomad,1.00000000000446,GPN-star
TAT,22,V,3,roulette,0.954067775603528,GPN-star
TAT,22,V,3,carlson,0.893221425162347,GPN-star
TAT,22,V,3,gnomad,1.00000000000441,GPN-star
TAT,22,M,4,roulette,0.923093476137894,GPN-star
TAT,22,M,4,carlson,0.974536487035065,GPN-star
TAT,22,M,4,gnomad,1.0000000000044,GPN-star
TAT,22,P,4,roulette,0.926767539089265,GPN-star
TAT,22,P,4,carlson,0.973309109802459,GPN-star
TAT,22,P,4,gnomad,1.00000000000445,GPN-star
TAT,22,V,4,roulette,0.976978676042693,GPN-star
TAT,22,V,4,carlson,0.940985391877692,GPN-star
TAT,22,V,4,gnomad,1.00000000000444,GPN-star
TAT,22,M,5,roulette,0.955809486450998,GPN-star
TAT,22,M,5,carlson,1.00151668551495,GPN-star
TAT,22,M,5,gnomad,1.00000000000435,GPN-star
TAT,22,P,5,roulette,0.944961135948741,GPN-star
TAT,22,P,5,carlson,0.996407704114938,GPN-star
TAT,22,P,5,gnomad,1.00000000000443,GPN-star
TAT,22,V,5,roulette,0.97965843321151,GPN-star
TAT,22,V,5,carlson,0.969914105164807,GPN-star
TAT,22,V,5,gnomad,1.00000000000461,GPN-star
TAT,22,M,6,roulette,0.970156640414885,GPN-star
TAT,22,M,6,carlson,1.02103735215178,GPN-star
TAT,22,M,6,gnomad,1.00000000000432,GPN-star
TAT,22,P,6,roulette,0.965659822394441,GPN-star
TAT,22,P,6,carlson,1.01612637092532,GPN-star
TAT,22,P,6,gnomad,1.00000000000447,GPN-star
TAT,22,V,6,roulette,0.965583637849997,GPN-star
TAT,22,V,6,carlson,0.95717440786817,GPN-star
TAT,22,V,6,gnomad,1.00000000000461,GPN-star
TAT,22,M,7,roulette,0.978623405164085,GPN-star
TAT,22,M,7,carlson,1.02306020452358,GPN-star
TAT,22,M,7,gnomad,1.00000000000429,GPN-star
TAT,22,P,7,roulette,0.973045738615953,GPN-star
TAT,22,P,7,carlson,1.01290622871337,GPN-star
TAT,22,P,7,gnomad,1.00000000000447,GPN-star
TAT,22,V,7,roulette,0.961086359516744,GPN-star
TAT,22,V,7,carlson,0.959482712212266,GPN-star
TAT,22,V,7,gnomad,1.0000000000046,GPN-star
TAT,22,M,8,roulette,0.984200030825484,GPN-star
TAT,22,M,8,carlson,1.03150570148479,GPN-star
TAT,22,M,8,gnomad,1.00000000000431,GPN-star
TAT,22,P,8,roulette,0.981339321857185,GPN-star
TAT,22,P,8,carlson,1.01206236789627,GPN-star
TAT,22,P,8,gnomad,1.00000000000447,GPN-star
TAT,22,V,8,roulette,0.984791337854378,GPN-star
TAT,22,V,8,carlson,0.990974566170984,GPN-star
TAT,22,V,8,gnomad,1.00000000000459,GPN-star
TAT,22,M,9,roulette,0.997517184592006,GPN-star
TAT,22,M,9,carlson,1.03357801285911,GPN-star
TAT,22,M,9,gnomad,1.00000000000433,GPN-star
TAT,22,P,9,roulette,0.978838844551346,GPN-star
TAT,22,P,9,carlson,1.00396217667987,GPN-star
TAT,22,P,9,gnomad,1.00000000000447,GPN-star
TAT,22,V,9,roulette,0.985107464804152,GPN-star
TAT,22,V,9,carlson,1.03210068448157,GPN-star
TAT,22,V,9,gnomad,1.00000000000458,GPN-star
TAT,22,M,10,roulette,0.985183830632652,GPN-star
TAT,22,M,10,carlson,1.0249056745091,GPN-star
TAT,22,M,10,gnomad,1.00000000000441,GPN-star
TAT,22,P,10,roulette,0.994813302496268,GPN-star
TAT,22,P,10,carlson,1.01560866242985,GPN-star
TAT,22,P,10,gnomad,1.00000000000446,GPN-star
TAT,22,V,10,roulette,0.974044730012314,GPN-star
TAT,22,V,10,carlson,1.01552178002876,GPN-star
TAT,22,V,10,gnomad,1.00000000000457,GPN-star
TAT,22,M,11,roulette,0.997301834788448,GPN-star
TAT,22,M,11,carlson,1.04164151053562,GPN-star
TAT,22,M,11,gnomad,1.0000000000044,GPN-star
TAT,22,P,11,roulette,0.987258207098442,GPN-star
TAT,22,P,11,carlson,1.01612108983304,GPN-star
TAT,22,P,11,gnomad,1.00000000000446,GPN-star
TAT,22,V,11,roulette,0.958000343854389,GPN-star
TAT,22,V,11,carlson,0.994593905953599,GPN-star
TAT,22,V,11,gnomad,1.00000000000457,GPN-star
TAT,22,M,12,roulette,1.00598047391028,GPN-star
TAT,22,M,12,carlson,1.05063609844078,GPN-star
TAT,22,M,12,gnomad,1.0000000000044,GPN-star
TAT,22,P,12,roulette,0.989985025030861,GPN-star
TAT,22,P,12,carlson,1.01696136936328,GPN-star
TAT,22,P,12,gnomad,1.00000000000447,GPN-star
TAT,22,V,12,roulette,0.93375056348035,GPN-star
TAT,22,V,12,carlson,0.975003255691421,GPN-star
TAT,22,V,12,gnomad,1.00000000000458,GPN-star
TCA,22,M,1,roulette,0.928857564292959,GPN-star
TCA,22,M,1,carlson,0.903503342044571,GPN-star
TCA,22,M,1,gnomad,0.999999999991288,GPN-star
TCA,22,P,1,roulette,0.922131435704148,GPN-star
TCA,22,P,1,carlson,0.914521336806868,GPN-star
TCA,22,P,1,gnomad,0.999999999991152,GPN-star
TCA,22,V,1,roulette,0.929421793261358,GPN-star
TCA,22,V,1,carlson,0.906494340717317,GPN-star
TCA,22,V,1,gnomad,0.999999999991818,GPN-star
TCA,22,M,2,roulette,0.917273029604045,GPN-star
TCA,22,M,2,carlson,0.949053724617306,GPN-star
TCA,22,M,2,gnomad,0.999999999991253,GPN-star
TCA,22,P,2,roulette,0.923774079514277,GPN-star
TCA,22,P,2,carlson,0.967601940616866,GPN-star
TCA,22,P,2,gnomad,0.999999999991143,GPN-star
TCA,22,V,2,roulette,0.929719758593906,GPN-star
TCA,22,V,2,carlson,0.952130515474117,GPN-star
TCA,22,V,2,gnomad,0.999999999991782,GPN-star
TCA,22,M,3,roulette,0.927549524449903,GPN-star
TCA,22,M,3,carlson,0.971042891642507,GPN-star
TCA,22,M,3,gnomad,0.999999999991198,GPN-star
TCA,22,P,3,roulette,0.940693341693297,GPN-star
TCA,22,P,3,carlson,0.989422351484238,GPN-star
TCA,22,P,3,gnomad,0.99999999999111,GPN-star
TCA,22,V,3,roulette,0.943820598400097,GPN-star
TCA,22,V,3,carlson,0.976543830327948,GPN-star
TCA,22,V,3,gnomad,0.999999999991773,GPN-star
TCA,22,M,4,roulette,0.940099210832206,GPN-star
TCA,22,M,4,carlson,0.981572882560394,GPN-star
TCA,22,M,4,gnomad,0.999999999991146,GPN-star
TCA,22,P,4,roulette,0.949524971960859,GPN-star
TCA,22,P,4,carlson,0.993596511410965,GPN-star
TCA,22,P,4,gnomad,0.999999999991091,GPN-star
TCA,22,V,4,roulette,0.955790082665276,GPN-star
TCA,22,V,4,carlson,0.986520024838334,GPN-star
TCA,22,V,4,gnomad,0.999999999991782,GPN-star
TCA,22,M,5,roulette,0.950891647559163,GPN-star
TCA,22,M,5,carlson,0.992511265923803,GPN-star
TCA,22,M,5,gnomad,0.999999999991156,GPN-star
TCA,22,P,5,roulette,0.953665785063854,GPN-star
TCA,22,P,5,carlson,0.99668481306757,GPN-star
TCA,22,P,5,gnomad,0.999999999991072,GPN-star
TCA,22,V,5,roulette,0.953767264513158,GPN-star
TCA,22,V,5,carlson,0.983409467599373,GPN-star
TCA,22,V,5,gnomad,0.999999999991808,GPN-star
TCA,22,M,6,roulette,0.954121021580534,GPN-star
TCA,22,M,6,carlson,0.994917914121858,GPN-star
TCA,22,M,6,gnomad,0.999999999991165,GPN-star
TCA,22,P,6,roulette,0.957352421258064,GPN-star
TCA,22,P,6,carlson,1.00055609718694,GPN-star
TCA,22,P,6,gnomad,0.999999999991062,GPN-star
TCA,22,V,6,roulette,0.958145348419567,GPN-star
TCA,22,V,6,carlson,0.989346893835969,GPN-star
TCA,22,V,6,gnomad,0.999999999991808,GPN-star
TCA,22,M,7,roulette,0.955623765260908,GPN-star
TCA,22,M,7,carlson,0.992256794045862,GPN-star
TCA,22,M,7,gnomad,0.999999999991181,GPN-star
TCA,22,P,7,roulette,0.960234407567356,GPN-star
TCA,22,P,7,carlson,0.999356408498578,GPN-star
TCA,22,P,7,gnomad,0.999999999991072,GPN-star
TCA,22,V,7,roulette,0.952406518658949,GPN-star
TCA,22,V,7,carlson,0.985455101694409,GPN-star
TCA,22,V,7,gnomad,0.999999999991827,GPN-star
TCA,22,M,8,roulette,0.956150241935221,GPN-star
TCA,22,M,8,carlson,0.995584518083416,GPN-star
TCA,22,M,8,gnomad,0.999999999991191,GPN-star
TCA,22,P,8,roulette,0.964859839808103,GPN-star
TCA,22,P,8,carlson,1.00055110221724,GPN-star
TCA,22,P,8,gnomad,0.999999999991094,GPN-star
TCA,22,V,8,roulette,0.948458939210701,GPN-star
TCA,22,V,8,carlson,0.983125995113317,GPN-star
TCA,22,V,8,gnomad,0.999999999991824,GPN-star
TCA,22,M,9,roulette,0.95186111388345,GPN-star
TCA,22,M,9,carlson,0.993949454832355,GPN-star
TCA,22,M,9,gnomad,0.999999999991214,GPN-star
TCA,22,P,9,roulette,0.962420211531245,GPN-star
TCA,22,P,9,carlson,1.00068653450759,GPN-star
TCA,22,P,9,gnomad,0.99999999999112,GPN-star
TCA,22,V,9,roulette,0.928718159396732,GPN-star
TCA,22,V,9,carlson,0.969994248273361,GPN-star
TCA,22,V,9,gnomad,0.999999999991773,GPN-star
TCA,22,M,10,roulette,0.953158560511548,GPN-star
TCA,22,M,10,carlson,0.995973623262531,GPN-star
TCA,22,M,10,gnomad,0.999999999991227,GPN-star
TCA,22,P,10,roulette,0.965868172997844,GPN-star
TCA,22,P,10,carlson,0.999155374120087,GPN-star
TCA,22,P,10,gnomad,0.999999999991149,GPN-star
TCA,22,V,10,roulette,0.925636728156069,GPN-star
TCA,22,V,10,carlson,0.968701808996832,GPN-star
TCA,22,V,10,gnomad,0.999999999991821,GPN-star
TCA,22,M,11,roulette,0.954291927229115,GPN-star
TCA,22,M,11,carlson,0.993746674918152,GPN-star
TCA,22,M,11,gnomad,0.999999999991253,GPN-star
TCA,22,P,11,roulette,0.967676077834409,GPN-star
TCA,22,P,11,carlson,1.00275428581768,GPN-star
TCA,22,P,11,gnomad,0.999999999991185,GPN-star
TCA,22,V,11,roulette,0.928827611262239,GPN-star
TCA,22,V,11,carlson,0.971078447757436,GPN-star
TCA,22,V,11,gnomad,0.999999999991915,GPN-star
TCA,22,M,12,roulette,0.956281964122312,GPN-star
TCA,22,M,12,carlson,0.998175975424819,GPN-star
TCA,22,M,12,gnomad,0.999999999991269,GPN-star
TCA,22,P,12,roulette,0.968049941806007,GPN-star
TCA,22,P,12,carlson,1.00176305422528,GPN-star
TCA,22,P,12,gnomad,0.999999999991188,GPN-star
TCA,22,V,12,roulette,0.936061134394694,GPN-star
TCA,22,V,12,carlson,0.98220139426554,GPN-star
TCA,22,V,12,gnomad,0.99999999999196,GPN-star
TCC,22,M,1,roulette,0.941671679709757,GPN-star
TCC,22,M,1,carlson,0.90096886466604,GPN-star
TCC,22,M,1,gnomad,0.999999999991413,GPN-star
TCC,22,P,1,roulette,0.935388857003264,GPN-star
TCC,22,P,1,carlson,0.904943410437406,GPN-star
TCC,22,P,1,gnomad,0.999999999991468,GPN-star
TCC,22,V,1,roulette,0.947199626745093,GPN-star
TCC,22,V,1,carlson,0.900833981585387,GPN-star
TCC,22,V,1,gnomad,0.999999999991499,GPN-star
TCC,22,M,2,roulette,0.942480901680494,GPN-star
TCC,22,M,2,carlson,0.983229889381132,GPN-star
TCC,22,M,2,gnomad,0.999999999991306,GPN-star
TCC,22,P,2,roulette,0.941534207409516,GPN-star
TCC,22,P,2,carlson,0.982601432347346,GPN-star
TCC,22,P,2,gnomad,0.999999999991324,GPN-star
TCC,22,V,2,roulette,0.966468875297868,GPN-star
TCC,22,V,2,carlson,0.981164895699789,GPN-star
TCC,22,V,2,gnomad,0.999999999991334,GPN-star
TCC,22,M,3,roulette,0.93659309900988,GPN-star
TCC,22,M,3,carlson,0.982986982498293,GPN-star
TCC,22,M,3,gnomad,0.999999999991306,GPN-star
TCC,22,P,3,roulette,0.962190712774319,GPN-star
TCC,22,P,3,carlson,1.00359787878612,GPN-star
TCC,22,P,3,gnomad,0.99999999999141,GPN-star
TCC,22,V,3,roulette,0.967811163703102,GPN-star
TCC,22,V,3,carlson,0.981402725298438,GPN-star
TCC,22,V,3,gnomad,0.999999999991499,GPN-star
TCC,22,M,4,roulette,0.947726562541325,GPN-star
TCC,22,M,4,carlson,0.996063460289556,GPN-star
TCC,22,M,4,gnomad,0.999999999991413,GPN-star
TCC,22,P,4,roulette,0.967931511504168,GPN-star
TCC,22,P,4,carlson,1.00787189293494,GPN-star
TCC,22,P,4,gnomad,0.999999999991353,GPN-star
TCC,22,V,4,roulette,0.972939725334342,GPN-star
TCC,22,V,4,carlson,0.991422543404098,GPN-star
TCC,22,V,4,gnomad,0.999999999991586,GPN-star
TCC,22,M,5,roulette,0.962352383838208,GPN-star
TCC,22,M,5,carlson,1.00931534241582,GPN-star
TCC,22,M,5,gnomad,0.999999999991538,GPN-star
TCC,22,P,5,roulette,0.969978421330115,GPN-star
TCC,22,P,5,carlson,1.00859462998562,GPN-star
TCC,22,P,5,gnomad,0.999999999991452,GPN-star
TCC,22,V,5,roulette,0.97770207139224,GPN-star
TCC,22,V,5,carlson,0.994590801704094,GPN-star
TCC,22,V,5,gnomad,0.999999999991541,GPN-star
TCC,22,M,6,roulette,0.972707831629004,GPN-star
TCC,22,M,6,carlson,1.01657310723341,GPN-star
TCC,22,M,6,gnomad,0.999999999991494,GPN-star
TCC,22,P,6,roulette,0.972342761415456,GPN-star
TCC,22,P,6,carlson,1.00631047460563,GPN-star
TCC,22,P,6,gnomad,0.999999999991518,GPN-star
TCC,22,V,6,roulette,0.977289265808903,GPN-star
TCC,22,V,6,carlson,0.993241018275713,GPN-star
TCC,22,V,6,gnomad,0.999999999991491,GPN-star
TCC,22,M,7,roulette,0.97051158473357,GPN-star
TCC,22,M,7,carlson,1.01061625175265,GPN-star
TCC,22,M,7,gnomad,0.999999999991473,GPN-star
TCC,22,P,7,roulette,0.971657210093613,GPN-star
TCC,22,P,7,carlson,1.00690173552479,GPN-star
TCC,22,P,7,gnomad,0.999999999991536,GPN-star
TCC,22,V,7,roulette,0.976351604802599,GPN-star
TCC,22,V,7,carlson,0.993681680902182,GPN-star
TCC,22,V,7,gnomad,0.999999999991449,GPN-star
TCC,22,M,8,roulette,0.970115157838284,GPN-star
TCC,22,M,8,carlson,1.00966599884517,GPN-star
TCC,22,M,8,gnomad,0.999999999991463,GPN-star
TCC,22,P,8,roulette,0.974849731643366,GPN-star
TCC,22,P,8,carlson,1.00850050078755,GPN-star
TCC,22,P,8,gnomad,0.999999999991554,GPN-star
TCC,22,V,8,roulette,0.975960972630478,GPN-star
TCC,22,V,8,carlson,0.995283378607781,GPN-star
TCC,22,V,8,gnomad,0.99999999999134,GPN-star
TCC,22,M,9,roulette,0.966102732263179,GPN-star
TCC,22,M,9,carlson,1.00489250801176,GPN-star
TCC,22,M,9,gnomad,0.999999999991449,GPN-star
TCC,22,P,9,roulette,0.973797680181844,GPN-star
TCC,22,P,9,carlson,1.00420074756295,GPN-star
TCC,22,P,9,gnomad,0.999999999991486,GPN-star
TCC,22,V,9,roulette,0.973356095412022,GPN-star
TCC,22,V,9,carlson,0.991403099979357,GPN-star
TCC,22,V,9,gnomad,0.999999999991334,GPN-star
TCC,22,M,10,roulette,0.963189648845992,GPN-star
TCC,22,M,10,carlson,1.00389292515831,GPN-star
TCC,22,M,10,gnomad,0.99999999999141,GPN-star
TCC,22,P,10,roulette,0.971525323647404,GPN-star
TCC,22,P,10,carlson,1.00083235951928,GPN-star
TCC,22,P,10,gnomad,0.999999999991389,GPN-star
TCC,22,V,10,roulette,0.970767183217384,GPN-star
TCC,22,V,10,carlson,0.989052692809237,GPN-star
TCC,22,V,10,gnomad,0.999999999991348,GPN-star
TCC,22,M,11,roulette,0.964316952821612,GPN-star
TCC,22,M,11,carlson,1.00555956704276,GPN-star
TCC,22,M,11,gnomad,0.999999999991389,GPN-star
TCC,22,P,11,roulette,0.977602379506093,GPN-star
TCC,22,P,11,carlson,1.00204843664644,GPN-star
TCC,22,P,11,gnomad,0.999999999991332,GPN-star
TCC,22,V,11,roulette,0.96927581832046,GPN-star
TCC,22,V,11,carlson,0.98734027118158,GPN-star
TCC,22,V,11,gnomad,0.999999999991476,GPN-star
TCC,22,M,12,roulette,0.963612508472148,GPN-star
TCC,22,M,12,carlson,1.00681803225811,GPN-star
TCC,22,M,12,gnomad,0.999999999991418,GPN-star
TCC,22,P,12,roulette,0.976203160821346,GPN-star
TCC,22,P,12,carlson,1.00210171274029,GPN-star
TCC,22,P,12,gnomad,0.999999999991337,GPN-star
TCC,22,V,12,roulette,0.968202579212985,GPN-star
TCC,22,V,12,carlson,0.991556199121791,GPN-star
TCC,22,V,12,gnomad,0.999999999991627,GPN-star
TCG,22,M,1,roulette,0.835515870402777,GPN-star
TCG,22,M,1,carlson,0.804677782310998,GPN-star
TCG,22,M,1,gnomad,1.00000000000008,GPN-star
TCG,22,P,1,roulette,0.824324500682688,GPN-star
TCG,22,P,1,carlson,0.799511587233519,GPN-star
TCG,22,P,1,gnomad,1.00000000000008,GPN-star
TCG,22,V,1,roulette,0.857873161539292,GPN-star
TCG,22,V,1,carlson,0.807658289628798,GPN-star
TCG,22,V,1,gnomad,1.00000000000008,GPN-star
TCG,22,M,2,roulette,0.749247974987521,GPN-star
TCG,22,M,2,carlson,0.788206967990184,GPN-star
TCG,22,M,2,gnomad,1.00000000000019,GPN-star
TCG,22,P,2,roulette,0.720260726086291,GPN-star
TCG,22,P,2,carlson,0.776676175252677,GPN-star
TCG,22,P,2,gnomad,1.00000000000019,GPN-star
TCG,22,V,2,roulette,0.800658100141218,GPN-star
TCG,22,V,2,carlson,0.775875046598593,GPN-star
TCG,22,V,2,gnomad,1.00000000000021,GPN-star
TCG,22,M,3,roulette,0.771186091685502,GPN-star
TCG,22,M,3,carlson,0.816320998676291,GPN-star
TCG,22,M,3,gnomad,1.00000000000021,GPN-star
TCG,22,P,3,roulette,0.786325996650438,GPN-star
TCG,22,P,3,carlson,0.814561515560086,GPN-star
TCG,22,P,3,gnomad,1.00000000000021,GPN-star
TCG,22,V,3,roulette,0.829878109070153,GPN-star
TCG,22,V,3,carlson,0.815012107453952,GPN-star
TCG,22,V,3,gnomad,1.00000000000021,GPN-star
TCG,22,M,4,roulette,0.824538011399108,GPN-star
TCG,22,M,4,carlson,0.878758279504782,GPN-star
TCG,22,M,4,gnomad,1.00000000000021,GPN-star
TCG,22,P,4,roulette,0.829218400841025,GPN-star
TCG,22,P,4,carlson,0.873883927974084,GPN-star
TCG,22,P,4,gnomad,1.00000000000021,GPN-star
TCG,22,V,4,roulette,0.836520929697381,GPN-star
TCG,22,V,4,carlson,0.849357756149805,GPN-star
TCG,22,V,4,gnomad,1.00000000000021,GPN-star
TCG,22,M,5,roulette,0.888252574317549,GPN-star
TCG,22,M,5,carlson,0.940615293512052,GPN-star
TCG,22,M,5,gnomad,1.0000000000002,GPN-star
TCG,22,P,5,roulette,0.86721016543056,GPN-star
TCG,22,P,5,carlson,0.924030283533475,GPN-star
TCG,22,P,5,gnomad,1.00000000000021,GPN-star
TCG,22,V,5,roulette,0.757495914070286,GPN-star
TCG,22,V,5,carlson,0.774563101394671,GPN-star
TCG,22,V,5,gnomad,1.00000000000013,GPN-star
TCG,22,M,6,roulette,0.906480170476054,GPN-star
TCG,22,M,6,carlson,0.963065503969317,GPN-star
TCG,22,M,6,gnomad,1.00000000000017,GPN-star
TCG,22,P,6,roulette,0.907207502557198,GPN-star
TCG,22,P,6,carlson,0.945067979966687,GPN-star
TCG,22,P,6,gnomad,1.00000000000021,GPN-star
TCG,22,V,6,roulette,0.834681940704588,GPN-star
TCG,22,V,6,carlson,0.848563735545119,GPN-star
TCG,22,V,6,gnomad,1.00000000000008,GPN-star
TCG,22,M,7,roulette,0.910121041607197,GPN-star
TCG,22,M,7,carlson,0.969648964726297,GPN-star
TCG,22,M,7,gnomad,1.00000000000015,GPN-star
TCG,22,P,7,roulette,0.902981957637275,GPN-star
TCG,22,P,7,carlson,0.953830842903558,GPN-star
TCG,22,P,7,gnomad,1.00000000000017,GPN-star
TCG,22,V,7,roulette,0.933568030635421,GPN-star
TCG,22,V,7,carlson,0.956622046054601,GPN-star
TCG,22,V,7,gnomad,1.00000000000006,GPN-star
TCG,22,M,8,roulette,0.90996050783335,GPN-star
TCG,22,M,8,carlson,0.965323313211627,GPN-star
TCG,22,M,8,gnomad,1.00000000000014,GPN-star
TCG,22,P,8,roulette,0.906575020185763,GPN-star
TCG,22,P,8,carlson,0.963495936933966,GPN-star
TCG,22,P,8,gnomad,1.00000000000014,GPN-star
TCG,22,V,8,roulette,0.964887568949722,GPN-star
TCG,22,V,8,carlson,0.983832009494625,GPN-star
TCG,22,V,8,gnomad,1.00000000000007,GPN-star
TCG,22,M,9,roulette,0.901548663816027,GPN-star
TCG,22,M,9,carlson,0.963905782784237,GPN-star
TCG,22,M,9,gnomad,1.00000000000013,GPN-star
TCG,22,P,9,roulette,0.868736329796206,GPN-star
TCG,22,P,9,carlson,0.92638637234349,GPN-star
TCG,22,P,9,gnomad,1.00000000000009,GPN-star
TCG,22,V,9,roulette,0.97026836224774,GPN-star
TCG,22,V,9,carlson,0.987464669046017,GPN-star
TCG,22,V,9,gnomad,1.00000000000014,GPN-star
TCG,22,M,10,roulette,0.884714513125967,GPN-star
TCG,22,M,10,carlson,0.948002366175934,GPN-star
TCG,22,M,10,gnomad,1.00000000000011,GPN-star
TCG,22,P,10,roulette,0.895100391128556,GPN-star
TCG,22,P,10,carlson,0.93699842804619,GPN-star
TCG,22,P,10,gnomad,1.00000000000005,GPN-star
TCG,22,V,10,roulette,0.968115855412902,GPN-star
TCG,22,V,10,carlson,0.986734072049081,GPN-star
TCG,22,V,10,gnomad,1.0000000000002,GPN-star
TCG,22,M,11,roulette,0.893301108406656,GPN-star
TCG,22,M,11,carlson,0.947547832873298,GPN-star
TCG,22,M,11,gnomad,1.00000000000009,GPN-star
TCG,22,P,11,roulette,0.948643927474522,GPN-star
TCG,22,P,11,carlson,0.97205100598701,GPN-star
TCG,22,P,11,gnomad,1.00000000000003,GPN-star
TCG,22,V,11,roulette,0.984525324351471,GPN-star
TCG,22,V,11,carlson,0.988791897890664,GPN-star
TCG,22,V,11,gnomad,1.00000000000021,GPN-star
TCG,22,M,12,roulette,0.930995258462424,GPN-star
TCG,22,M,12,carlson,0.972369404176547,GPN-star
TCG,22,M,12,gnomad,1.00000000000007,GPN-star
TCG,22,P,12,roulette,0.979070945805626,GPN-star
TCG,22,P,12,carlson,0.991049301110135,GPN-star
TCG,22,P,12,gnomad,1.00000000000003,GPN-star
TCG,22,V,12,roulette,0.983243549025127,GPN-star
TCG,22,V,12,carlson,0.995737430082891,GPN-star
TCG,22,V,12,gnomad,1.00000000000021,GPN-star
TCT,22,M,1,roulette,0.90970128034686,GPN-star
TCT,22,M,1,carlson,0.859970252968564,GPN-star
TCT,22,M,1,gnomad,1.00000000000184,GPN-star
TCT,22,P,1,roulette,0.902703787687835,GPN-star
TCT,22,P,1,carlson,0.876594794103475,GPN-star
TCT,22,P,1,gnomad,1.00000000000184,GPN-star
TCT,22,V,1,roulette,0.917145510041012,GPN-star
TCT,22,V,1,carlson,0.868950963251002,GPN-star
TCT,22,V,1,gnomad,1.00000000000184,GPN-star
TCT,22,M,2,roulette,0.902300173066389,GPN-star
TCT,22,M,2,carlson,0.96068816761731,GPN-star
TCT,22,M,2,gnomad,1.00000000000184,GPN-star
TCT,22,P,2,roulette,0.916181073751186,GPN-star
TCT,22,P,2,carlson,0.974238962798279,GPN-star
TCT,22,P,2,gnomad,1.00000000000178,GPN-star
TCT,22,V,2,roulette,0.932906371620239,GPN-star
TCT,22,V,2,carlson,0.959293536923399,GPN-star
TCT,22,V,2,gnomad,1.00000000000168,GPN-star
TCT,22,M,3,roulette,0.915933913080773,GPN-star
TCT,22,M,3,carlson,0.97449875160137,GPN-star
TCT,22,M,3,gnomad,1.00000000000184,GPN-star
TCT,22,P,3,roulette,0.952327345602928,GPN-star
TCT,22,P,3,carlson,1.01173000031907,GPN-star
TCT,22,P,3,gnomad,1.00000000000149,GPN-star
TCT,22,V,3,roulette,0.965329523446781,GPN-star
TCT,22,V,3,carlson,0.988367911294945,GPN-star
TCT,22,V,3,gnomad,1.00000000000144,GPN-star
TCT,22,M,4,roulette,0.928618899270983,GPN-star
TCT,22,M,4,carlson,0.98810106315369,GPN-star
TCT,22,M,4,gnomad,1.00000000000156,GPN-star
TCT,22,P,4,roulette,0.959612585784395,GPN-star
TCT,22,P,4,carlson,1.01439102327181,GPN-star
TCT,22,P,4,gnomad,1.00000000000149,GPN-star
TCT,22,V,4,roulette,0.975996384598398,GPN-star
TCT,22,V,4,carlson,1.00572947519419,GPN-star
TCT,22,V,4,gnomad,1.00000000000143,GPN-star
TCT,22,M,5,roulette,0.955224254502903,GPN-star
TCT,22,M,5,carlson,1.01229977629561,GPN-star
TCT,22,M,5,gnomad,1.00000000000138,GPN-star
TCT,22,P,5,roulette,0.969224968898534,GPN-star
TCT,22,P,5,carlson,1.01870080615578,GPN-star
TCT,22,P,5,gnomad,1.00000000000143,GPN-star
TCT,22,V,5,roulette,0.974480569967833,GPN-star
TCT,22,V,5,carlson,1.00008497070653,GPN-star
TCT,22,V,5,gnomad,1.00000000000148,GPN-star
TCT,22,M,6,roulette,0.971659684683632,GPN-star
TCT,22,M,6,carlson,1.02073160498976,GPN-star
TCT,22,M,6,gnomad,1.00000000000132,GPN-star
TCT,22,P,6,roulette,0.968837279744026,GPN-star
TCT,22,P,6,carlson,1.01693679080754,GPN-star
TCT,22,P,6,gnomad,1.00000000000143,GPN-star
TCT,22,V,6,roulette,0.979100706483293,GPN-star
TCT,22,V,6,carlson,0.996443031211731,GPN-star
TCT,22,V,6,gnomad,1.00000000000153,GPN-star
TCT,22,M,7,roulette,0.977119015664796,GPN-star
TCT,22,M,7,carlson,1.02068983170224,GPN-star
TCT,22,M,7,gnomad,1.00000000000136,GPN-star
TCT,22,P,7,roulette,0.973416963951816,GPN-star
TCT,22,P,7,carlson,1.0169499287651,GPN-star
TCT,22,P,7,gnomad,1.00000000000147,GPN-star
TCT,22,V,7,roulette,0.971864025583505,GPN-star
TCT,22,V,7,carlson,0.99272443397244,GPN-star
TCT,22,V,7,gnomad,1.0000000000016,GPN-star
TCT,22,M,8,roulette,0.970408881176712,GPN-star
TCT,22,M,8,carlson,1.01765506051756,GPN-star
TCT,22,M,8,gnomad,1.00000000000139,GPN-star
TCT,22,P,8,roulette,0.972023270308276,GPN-star
TCT,22,P,8,carlson,1.01734905665872,GPN-star
TCT,22,P,8,gnomad,1.0000000000015,GPN-star
TCT,22,V,8,roulette,0.962441615378009,GPN-star
TCT,22,V,8,carlson,0.988670269952043,GPN-star
TCT,22,V,8,gnomad,1.00000000000173,GPN-star
TCT,22,M,9,roulette,0.969917703362533,GPN-star
TCT,22,M,9,carlson,1.01775370287717,GPN-star
TCT,22,M,9,gnomad,1.00000000000142,GPN-star
TCT,22,P,9,roulette,0.970006485731232,GPN-star
TCT,22,P,9,carlson,1.01761102072488,GPN-star
TCT,22,P,9,gnomad,1.00000000000158,GPN-star
TCT,22,V,9,roulette,0.945456760424849,GPN-star
TCT,22,V,9,carlson,0.978939785585339,GPN-star
TCT,22,V,9,gnomad,1.00000000000184,GPN-star
TCT,22,M,10,roulette,0.965629731207426,GPN-star
TCT,22,M,10,carlson,1.01717349783516,GPN-star
TCT,22,M,10,gnomad,1.00000000000149,GPN-star
TCT,22,P,10,roulette,0.974253846463519,GPN-star
TCT,22,P,10,carlson,1.01445897849856,GPN-star
TCT,22,P,10,gnomad,1.00000000000172,GPN-star
TCT,22,V,10,roulette,0.935116745465437,GPN-star
TCT,22,V,10,carlson,0.977317864213376,GPN-star
TCT,22,V,10,gnomad,1.00000000000184,GPN-star
TCT,22,M,11,roulette,0.969167398016539,GPN-star
TCT,22,M,11,carlson,1.01515610933081,GPN-star
TCT,22,M,11,gnomad,1.00000000000152,GPN-star
TCT,22,P,11,roulette,0.974941572510711,GPN-star
TCT,22,P,11,carlson,1.01066925167662,GPN-star
TCT,22,P,11,gnomad,1.00000000000178,GPN-star
TCT,22,V,11,roulette,0.934842828485425,GPN-star
TCT,22,V,11,carlson,0.977025464688966,GPN-star
TCT,22,V,11,gnomad,1.00000000000167,GPN-star
TCT,22,M,12,roulette,0.967837758935521,GPN-star
TCT,22,M,12,carlson,1.01588657229129,GPN-star
TCT,22,M,12,gnomad,1.00000000000158,GPN-star
TCT,22,P,12,roulette,0.977974503314923,GPN-star
TCT,22,P,12,carlson,1.01775957039877,GPN-star
TCT,22,P,12,gnomad,1.00000000000181,GPN-star
TCT,22,V,12,roulette,0.928809444716809,GPN-star
TCT,22,V,12,carlson,0.974832047300995,GPN-star
TCT,22,V,12,gnomad,1.0000000000015,GPN-star
TGA,22,M,1,roulette,0.925394382987995,GPN-star
TGA,22,M,1,carlson,0.907765270703979,GPN-star
TGA,22,M,1,gnomad,0.999999999991663,GPN-star
TGA,22,P,1,roulette,0.92164020886303,GPN-star
TGA,22,P,1,carlson,0.914719986042968,GPN-star
TGA,22,P,1,gnomad,0.999999999991401,GPN-star
TGA,22,V,1,roulette,0.93531006672794,GPN-star
TGA,22,V,1,carlson,0.914581372767214,GPN-star
TGA,22,V,1,gnomad,0.999999999993637,GPN-star
TGA,22,M,2,roulette,0.919065369362653,GPN-star
TGA,22,M,2,carlson,0.955051152695885,GPN-star
TGA,22,M,2,gnomad,0.999999999991598,GPN-star
TGA,22,P,2,roulette,0.923582155973314,GPN-star
TGA,22,P,2,carlson,0.969438921893109,GPN-star
TGA,22,P,2,gnomad,0.999999999991395,GPN-star
TGA,22,V,2,roulette,0.934031069228533,GPN-star
TGA,22,V,2,carlson,0.954035596165423,GPN-star
TGA,22,V,2,gnomad,0.999999999993611,GPN-star
TGA,22,M,3,roulette,0.926713169216894,GPN-star
TGA,22,M,3,carlson,0.97287546796353,GPN-star
TGA,22,M,3,gnomad,0.999999999991553,GPN-star
TGA,22,P,3,roulette,0.939662343154338,GPN-star
TGA,22,P,3,carlson,0.994613435924439,GPN-star
TGA,22,P,3,gnomad,0.999999999991359,GPN-star
TGA,22,V,3,roulette,0.943371192178397,GPN-star
TGA,22,V,3,carlson,0.978224075373292,GPN-star
TGA,22,V,3,gnomad,0.999999999993608,GPN-star
TGA,22,M,4,roulette,0.939316184311916,GPN-star
TGA,22,M,4,carlson,0.98843218766902,GPN-star
TGA,22,M,4,gnomad,0.999999999991627,GPN-star
TGA,22,P,4,roulette,0.945056631202265,GPN-star
TGA,22,P,4,carlson,0.994167006318543,GPN-star
TGA,22,P,4,gnomad,0.999999999991333,GPN-star
TGA,22,V,4,roulette,0.950538886067578,GPN-star
TGA,22,V,4,carlson,0.985603544935204,GPN-star
TGA,22,V,4,gnomad,0.999999999993611,GPN-star
TGA,22,M,5,roulette,0.947688592427113,GPN-star
TGA,22,M,5,carlson,0.991664387887521,GPN-star
TGA,22,M,5,gnomad,0.999999999991543,GPN-star
TGA,22,P,5,roulette,0.95423763256915,GPN-star
TGA,22,P,5,carlson,0.996710239291657,GPN-star
TGA,22,P,5,gnomad,0.999999999991324,GPN-star
TGA,22,V,5,roulette,0.959452512894467,GPN-star
TGA,22,V,5,carlson,0.987837137691169,GPN-star
TGA,22,V,5,gnomad,0.999999999993624,GPN-star
TGA,22,M,6,roulette,0.950150483257643,GPN-star
TGA,22,M,6,carlson,0.992707716453101,GPN-star
TGA,22,M,6,gnomad,0.999999999991572,GPN-star
TGA,22,P,6,roulette,0.95498348334518,GPN-star
TGA,22,P,6,carlson,0.998030289123423,GPN-star
TGA,22,P,6,gnomad,0.99999999999132,GPN-star
TGA,22,V,6,roulette,0.9592760748303,GPN-star
TGA,22,V,6,carlson,0.990612985651961,GPN-star
TGA,22,V,6,gnomad,0.999999999993624,GPN-star
TGA,22,M,7,roulette,0.951464192218285,GPN-star
TGA,22,M,7,carlson,0.995109400553291,GPN-star
TGA,22,M,7,gnomad,0.999999999991579,GPN-star
TGA,22,P,7,roulette,0.958618910211177,GPN-star
TGA,22,P,7,carlson,0.999867057212873,GPN-star
TGA,22,P,7,gnomad,0.999999999991337,GPN-star
TGA,22,V,7,roulette,0.960507720323882,GPN-star
TGA,22,V,7,carlson,0.989640089609809,GPN-star
TGA,22,V,7,gnomad,0.999999999993608,GPN-star
TGA,22,M,8,roulette,0.948261167444646,GPN-star
TGA,22,M,8,carlson,0.991496561955007,GPN-star
TGA,22,M,8,gnomad,0.999999999991582,GPN-star
TGA,22,P,8,roulette,0.956976104765489,GPN-star
TGA,22,P,8,carlson,0.996564420138024,GPN-star
TGA,22,P,8,gnomad,0.999999999991353,GPN-star
TGA,22,V,8,roulette,0.949774575464807,GPN-star
TGA,22,V,8,carlson,0.986554218419609,GPN-star
TGA,22,V,8,gnomad,0.999999999993701,GPN-star
TGA,22,M,9,roulette,0.950254991885333,GPN-star
TGA,22,M,9,carlson,0.988947242261687,GPN-star
TGA,22,M,9,gnomad,0.999999999991595,GPN-star
TGA,22,P,9,roulette,0.96423085970993,GPN-star
TGA,22,P,9,carlson,0.9995815789206,GPN-star
TGA,22,P,9,gnomad,0.999999999991369,GPN-star
TGA,22,V,9,roulette,0.938254712112597,GPN-star
TGA,22,V,9,carlson,0.978397407035837,GPN-star
TGA,22,V,9,gnomad,0.999999999993992,GPN-star
TGA,22,M,10,roulette,0.955302363237993,GPN-star
TGA,22,M,10,carlson,0.995383497854754,GPN-star
TGA,22,M,10,gnomad,0.999999999991601,GPN-star
TGA,22,P,10,roulette,0.968287670338411,GPN-star
TGA,22,P,10,carlson,1.00042244228162,GPN-star
TGA,22,P,10,gnomad,0.999999999991408,GPN-star
TGA,22,V,10,roulette,0.941825779736767,GPN-star
TGA,22,V,10,carlson,0.984014153639489,GPN-star
TGA,22,V,10,gnomad,0.999999999994095,GPN-star
TGA,22,M,11,roulette,0.955814055007613,GPN-star
TGA,22,M,11,carlson,0.995620432027135,GPN-star
TGA,22,M,11,gnomad,0.999999999991614,GPN-star
TGA,22,P,11,roulette,0.968833966614645,GPN-star
TGA,22,P,11,carlson,1.00155324292904,GPN-star
TGA,22,P,11,gnomad,0.999999999991427,GPN-star
TGA,22,V,11,roulette,0.94713984528909,GPN-star
TGA,22,V,11,carlson,0.990313512903697,GPN-star
TGA,22,V,11,gnomad,0.999999999994021,GPN-star
TGA,22,M,12,roulette,0.961407491742705,GPN-star
TGA,22,M,12,carlson,0.99827350485301,GPN-star
TGA,22,M,12,gnomad,0.999999999991624,GPN-star
TGA,22,P,12,roulette,0.971240393050113,GPN-star
TGA,22,P,12,carlson,1.00180814661328,GPN-star
TGA,22,P,12,gnomad,0.999999999991421,GPN-star
TGA,22,V,12,roulette,0.953240383547155,GPN-star
TGA,22,V,12,carlson,0.998448853817676,GPN-star
TGA,22,V,12,gnomad,0.999999999993921,GPN-star
TGC,22,M,1,roulette,0.929705548558621,GPN-star
TGC,22,M,1,carlson,0.92727784527047,GPN-star
TGC,22,M,1,gnomad,1.00000000000681,GPN-star
TGC,22,P,1,roulette,0.929935301949373,GPN-star
TGC,22,P,1,carlson,0.931672086394118,GPN-star
TGC,22,P,1,gnomad,1.00000000000681,GPN-star
TGC,22,V,1,roulette,0.929696213981042,GPN-star
TGC,22,V,1,carlson,0.924895097899217,GPN-star
TGC,22,V,1,gnomad,1.00000000000624,GPN-star
TGC,22,M,2,roulette,0.939129461176424,GPN-star
TGC,22,M,2,carlson,0.979452174821795,GPN-star
TGC,22,M,2,gnomad,1.00000000000681,GPN-star
TGC,22,P,2,roulette,0.937370727798971,GPN-star
TGC,22,P,2,carlson,0.980686940027019,GPN-star
TGC,22,P,2,gnomad,1.00000000000681,GPN-star
TGC,22,V,2,roulette,0.943251757037912,GPN-star
TGC,22,V,2,carlson,0.974663905000829,GPN-star
TGC,22,V,2,gnomad,1.00000000000624,GPN-star
TGC,22,M,3,roulette,0.952123194149655,GPN-star
TGC,22,M,3,carlson,1.00265719560748,GPN-star
TGC,22,M,3,gnomad,1.00000000000681,GPN-star
TGC,22,P,3,roulette,0.956828237422233,GPN-star
TGC,22,P,3,carlson,0.994845246075365,GPN-star
TGC,22,P,3,gnomad,1.00000000000681,GPN-star
TGC,22,V,3,roulette,0.954787252826938,GPN-star
TGC,22,V,3,carlson,0.984723452688845,GPN-star
TGC,22,V,3,gnomad,1.00000000000624,GPN-star
TGC,22,M,4,roulette,0.969565449471046,GPN-star
TGC,22,M,4,carlson,1.0131384158154,GPN-star
TGC,22,M,4,gnomad,1.00000000000681,GPN-star
TGC,22,P,4,roulette,0.965731741167983,GPN-star
TGC,22,P,4,carlson,1.00848907674472,GPN-star
TGC,22,P,4,gnomad,1.00000000000681,GPN-star
TGC,22,V,4,roulette,0.958323144732096,GPN-star
TGC,22,V,4,carlson,0.993928190980238,GPN-star
TGC,22,V,4,gnomad,1.00000000000624,GPN-star
TGC,22,M,5,roulette,0.978727003125427,GPN-star
TGC,22,M,5,carlson,1.01838003394725,GPN-star
TGC,22,M,5,gnomad,1.00000000000681,GPN-star
TGC,22,P,5,roulette,0.975733373478026,GPN-star
TGC,22,P,5,carlson,1.01186838874682,GPN-star
TGC,22,P,5,gnomad,1.00000000000681,GPN-star
TGC,22,V,5,roulette,0.96060384840867,GPN-star
TGC,22,V,5,carlson,0.995143945412113,GPN-star
TGC,22,V,5,gnomad,1.00000000000624,GPN-star
TGC,22,M,6,roulette,0.976893091752948,GPN-star
TGC,22,M,6,carlson,1.01452650790787,GPN-star
TGC,22,M,6,gnomad,1.00000000000681,GPN-star
TGC,22,P,6,roulette,0.980763315043771,GPN-star
TGC,22,P,6,carlson,1.01093377465414,GPN-star
TGC,22,P,6,gnomad,1.00000000000681,GPN-star
TGC,22,V,6,roulette,0.961732822628999,GPN-star
TGC,22,V,6,carlson,0.993809787673371,GPN-star
TGC,22,V,6,gnomad,1.00000000000624,GPN-star
TGC,22,M,7,roulette,0.975487886775273,GPN-star
TGC,22,M,7,carlson,1.01073359621429,GPN-star
TGC,22,M,7,gnomad,1.00000000000681,GPN-star
TGC,22,P,7,roulette,0.986241674152953,GPN-star
TGC,22,P,7,carlson,1.01271699225857,GPN-star
TGC,22,P,7,gnomad,1.00000000000681,GPN-star
TGC,22,V,7,roulette,0.956359937575136,GPN-star
TGC,22,V,7,carlson,0.993822774818484,GPN-star
TGC,22,V,7,gnomad,1.00000000000624,GPN-star
TGC,22,M,8,roulette,0.970426014687148,GPN-star
TGC,22,M,8,carlson,1.00795893819677,GPN-star
TGC,22,M,8,gnomad,1.00000000000681,GPN-star
TGC,22,P,8,roulette,0.982213538694434,GPN-star
TGC,22,P,8,carlson,1.0131705746344,GPN-star
TGC,22,P,8,gnomad,1.00000000000681,GPN-star
TGC,22,V,8,roulette,0.947011419371569,GPN-star
TGC,22,V,8,carlson,0.990925656257918,GPN-star
TGC,22,V,8,gnomad,1.00000000000624,GPN-star
TGC,22,M,9,roulette,0.961924259300609,GPN-star
TGC,22,M,9,carlson,1.00690582652476,GPN-star
TGC,22,M,9,gnomad,1.00000000000681,GPN-star
TGC,22,P,9,roulette,0.978434025115077,GPN-star
TGC,22,P,9,carlson,1.00546447305962,GPN-star
TGC,22,P,9,gnomad,1.00000000000681,GPN-star
TGC,22,V,9,roulette,0.943033750745336,GPN-star
TGC,22,V,9,carlson,0.988068344514552,GPN-star
TGC,22,V,9,gnomad,1.00000000000624,GPN-star
TGC,22,M,10,roulette,0.965914526655017,GPN-star
TGC,22,M,10,carlson,1.00647863024565,GPN-star
TGC,22,M,10,gnomad,1.00000000000681,GPN-star
TGC,22,P,10,roulette,0.979971205486013,GPN-star
TGC,22,P,10,carlson,1.00929388995232,GPN-star
TGC,22,P,10,gnomad,1.00000000000681,GPN-star
TGC,22,V,10,roulette,0.949249157821001,GPN-star
TGC,22,V,10,carlson,0.990597314183988,GPN-star
TGC,22,V,10,gnomad,1.00000000000624,GPN-star
TGC,22,M,11,roulette,0.963502841799211,GPN-star
TGC,22,M,11,carlson,1.00637384714062,GPN-star
TGC,22,M,11,gnomad,1.00000000000681,GPN-star
TGC,22,P,11,roulette,0.980790364312085,GPN-star
TGC,22,P,11,carlson,1.00833836417095,GPN-star
TGC,22,P,11,gnomad,1.00000000000681,GPN-star
TGC,22,V,11,roulette,0.950277731899297,GPN-star
TGC,22,V,11,carlson,0.989732489947687,GPN-star
TGC,22,V,11,gnomad,1.00000000000624,GPN-star
TGC,22,M,12,roulette,0.966312564620835,GPN-star
TGC,22,M,12,carlson,1.00388108590524,GPN-star
TGC,22,M,12,gnomad,1.00000000000681,GPN-star
TGC,22,P,12,roulette,0.979516900558689,GPN-star
TGC,22,P,12,carlson,1.00771683086423,GPN-star
TGC,22,P,12,gnomad,1.00000000000681,GPN-star
TGC,22,V,12,roulette,0.959139361811262,GPN-star
TGC,22,V,12,carlson,0.994374604761958,GPN-star
TGC,22,V,12,gnomad,1.00000000000624,GPN-star
TGG,22,M,1,roulette,0.904781778951817,GPN-star
TGG,22,M,1,carlson,0.899410856480861,GPN-star
TGG,22,M,1,gnomad,1.00000000001093,GPN-star
TGG,22,P,1,roulette,0.90345909351923,GPN-star
TGG,22,P,1,carlson,0.903230806963806,GPN-star
TGG,22,P,1,gnomad,1.00000000001078,GPN-star
TGG,22,V,1,roulette,0.909962434187923,GPN-star
TGG,22,V,1,carlson,0.900929511805993,GPN-star
TGG,22,V,1,gnomad,1.00000000000875,GPN-star
TGG,22,M,2,roulette,0.911527482723037,GPN-star
TGG,22,M,2,carlson,0.944363940420368,GPN-star
TGG,22,M,2,gnomad,1.00000000001116,GPN-star
TGG,22,P,2,roulette,0.918919280660316,GPN-star
TGG,22,P,2,carlson,0.962090213660704,GPN-star
TGG,22,P,2,gnomad,1.00000000001087,GPN-star
TGG,22,V,2,roulette,0.930324062219725,GPN-star
TGG,22,V,2,carlson,0.956428229553461,GPN-star
TGG,22,V,2,gnomad,1.0000000000089,GPN-star
TGG,22,M,3,roulette,0.940506415791335,GPN-star
TGG,22,M,3,carlson,0.988985228687791,GPN-star
TGG,22,M,3,gnomad,1.00000000001107,GPN-star
TGG,22,P,3,roulette,0.947766878147999,GPN-star
TGG,22,P,3,carlson,0.995212762516447,GPN-star
TGG,22,P,3,gnomad,1.00000000001077,GPN-star
TGG,22,V,3,roulette,0.961166621216983,GPN-star
TGG,22,V,3,carlson,0.995076299187699,GPN-star
TGG,22,V,3,gnomad,1.00000000000869,GPN-star
TGG,22,M,4,roulette,0.967914370609246,GPN-star
TGG,22,M,4,carlson,1.01384425637783,GPN-star
TGG,22,M,4,gnomad,1.00000000001089,GPN-star
TGG,22,P,4,roulette,0.957625828381423,GPN-star
TGG,22,P,4,carlson,1.00458655549857,GPN-star
TGG,22,P,4,gnomad,1.00000000001079,GPN-star
TGG,22,V,4,roulette,0.966061646424235,GPN-star
TGG,22,V,4,carlson,0.997670134704872,GPN-star
TGG,22,V,4,gnomad,1.00000000000867,GPN-star
TGG,22,M,5,roulette,0.972037376198174,GPN-star
TGG,22,M,5,carlson,1.01574590152527,GPN-star
TGG,22,M,5,gnomad,1.00000000001074,GPN-star
TGG,22,P,5,roulette,0.967627262487082,GPN-star
TGG,22,P,5,carlson,1.00364338398581,GPN-star
TGG,22,P,5,gnomad,1.00000000001082,GPN-star
TGG,22,V,5,roulette,0.973666247853147,GPN-star
TGG,22,V,5,carlson,0.995439793804329,GPN-star
TGG,22,V,5,gnomad,1.00000000000866,GPN-star
TGG,22,M,6,roulette,0.973812308788609,GPN-star
TGG,22,M,6,carlson,1.01630244029309,GPN-star
TGG,22,M,6,gnomad,1.00000000001075,GPN-star
TGG,22,P,6,roulette,0.97849177061972,GPN-star
TGG,22,P,6,carlson,1.00769187691573,GPN-star
TGG,22,P,6,gnomad,1.00000000001081,GPN-star
TGG,22,V,6,roulette,0.968231119504068,GPN-star
TGG,22,V,6,carlson,0.9962039571615,GPN-star
TGG,22,V,6,gnomad,1.00000000000872,GPN-star
TGG,22,M,7,roulette,0.974223969020366,GPN-star
TGG,22,M,7,carlson,1.00793216373235,GPN-star
TGG,22,M,7,gnomad,1.00000000001074,GPN-star
TGG,22,P,7,roulette,0.974881869377101,GPN-star
TGG,22,P,7,carlson,1.00468313861344,GPN-star
TGG,22,P,7,gnomad,1.00000000001081,GPN-star
TGG,22,V,7,roulette,0.965106215330379,GPN-star
TGG,22,V,7,carlson,0.994170372329221,GPN-star
TGG,22,V,7,gnomad,1.0000000000088,GPN-star
TGG,22,M,8,roulette,0.964312135529101,GPN-star
TGG,22,M,8,carlson,1.00362009933069,GPN-star
TGG,22,M,8,gnomad,1.00000000001077,GPN-star
TGG,22,P,8,roulette,0.970201036892504,GPN-star
TGG,22,P,8,carlson,1.00246014819687,GPN-star
TGG,22,P,8,gnomad,1.00000000001082,GPN-star
TGG,22,V,8,roulette,0.970045569637365,GPN-star
TGG,22,V,8,carlson,0.993507236222631,GPN-star
TGG,22,V,8,gnomad,1.00000000000897,GPN-star
TGG,22,M,9,roulette,0.962734659721628,GPN-star
TGG,22,M,9,carlson,1.00542904675006,GPN-star
TGG,22,M,9,gnomad,1.00000000001084,GPN-star
TGG,22,P,9,roulette,0.974015572151323,GPN-star
TGG,22,P,9,carlson,1.00380456763851,GPN-star
TGG,22,P,9,gnomad,1.00000000001082,GPN-star
TGG,22,V,9,roulette,0.965603147627204,GPN-star
TGG,22,V,9,carlson,0.993208806814977,GPN-star
TGG,22,V,9,gnomad,1.00000000000922,GPN-star
TGG,22,M,10,roulette,0.953519790949376,GPN-star
TGG,22,M,10,carlson,1.00091017739879,GPN-star
TGG,22,M,10,gnomad,1.00000000001088,GPN-star
TGG,22,P,10,roulette,0.974210368352797,GPN-star
TGG,22,P,10,carlson,1.00662560610445,GPN-star
TGG,22,P,10,gnomad,1.00000000001076,GPN-star
TGG,22,V,10,roulette,0.956313352470093,GPN-star
TGG,22,V,10,carlson,0.988484025446897,GPN-star
TGG,22,V,10,gnomad,1.00000000000936,GPN-star
TGG,22,M,11,roulette,0.958942650009545,GPN-star
TGG,22,M,11,carlson,1.00620430930521,GPN-star
TGG,22,M,11,gnomad,1.00000000001091,GPN-star
TGG,22,P,11,roulette,0.975461244703622,GPN-star
TGG,22,P,11,carlson,1.00570748907894,GPN-star
TGG,22,P,11,gnomad,1.00000000001074,GPN-star
TGG,22,V,11,roulette,0.954177291341139,GPN-star
TGG,22,V,11,carlson,0.988677592232019,GPN-star
TGG,22,V,11,gnomad,1.00000000000938,GPN-star
TGG,22,M,12,roulette,0.955174557383372,GPN-star
TGG,22,M,12,carlson,1.00176247316194,GPN-star
TGG,22,M,12,gnomad,1.00000000001093,GPN-star
TGG,22,P,12,roulette,0.983189102461458,GPN-star
TGG,22,P,12,carlson,1.0048620186688,GPN-star
TGG,22,P,12,gnomad,1.00000000001079,GPN-star
TGG,22,V,12,roulette,0.948277564462247,GPN-star
TGG,22,V,12,carlson,0.99010787196246,GPN-star
TGG,22,V,12,gnomad,1.00000000000935,GPN-star
TGT,22,M,1,roulette,0.935699835093503,GPN-star
TGT,22,M,1,carlson,0.903879357707712,GPN-star
TGT,22,M,1,gnomad,0.999999999996133,GPN-star
TGT,22,P,1,roulette,0.936508361796702,GPN-star
TGT,22,P,1,carlson,0.908099503835494,GPN-star
TGT,22,P,1,gnomad,0.999999999996401,GPN-star
TGT,22,V,1,roulette,0.938772055023299,GPN-star
TGT,22,V,1,carlson,0.900265972553165,GPN-star
TGT,22,V,1,gnomad,0.999999999992642,GPN-star
TGT,22,M,2,roulette,0.928484500963454,GPN-star
TGT,22,M,2,carlson,0.971851218428615,GPN-star
TGT,22,M,2,gnomad,0.999999999996007,GPN-star
TGT,22,P,2,roulette,0.932538089181524,GPN-star
TGT,22,P,2,carlson,0.97741379846718,GPN-star
TGT,22,P,2,gnomad,0.999999999996263,GPN-star
TGT,22,V,2,roulette,0.940200985844499,GPN-star
TGT,22,V,2,carlson,0.9491212484853,GPN-star
TGT,22,V,2,gnomad,0.999999999992506,GPN-star
TGT,22,M,3,roulette,0.93509743986156,GPN-star
TGT,22,M,3,carlson,0.992272264456582,GPN-star
TGT,22,M,3,gnomad,0.999999999996172,GPN-star
TGT,22,P,3,roulette,0.955114474560832,GPN-star
TGT,22,P,3,carlson,1.00426181325114,GPN-star
TGT,22,P,3,gnomad,0.999999999996431,GPN-star
TGT,22,V,3,roulette,0.951680695723932,GPN-star
TGT,22,V,3,carlson,0.969961909282872,GPN-star
TGT,22,V,3,gnomad,0.999999999992627,GPN-star
TGT,22,M,4,roulette,0.959296164479295,GPN-star
TGT,22,M,4,carlson,1.01217722143317,GPN-star
TGT,22,M,4,gnomad,0.99999999999631,GPN-star
TGT,22,P,4,roulette,0.965250439057661,GPN-star
TGT,22,P,4,carlson,1.01121886546179,GPN-star
TGT,22,P,4,gnomad,0.999999999996518,GPN-star
TGT,22,V,4,roulette,0.95742344842298,GPN-star
TGT,22,V,4,carlson,0.972434589653129,GPN-star
TGT,22,V,4,gnomad,0.99999999999272,GPN-star
TGT,22,M,5,roulette,0.973092684161282,GPN-star
TGT,22,M,5,carlson,1.02380088403462,GPN-star
TGT,22,M,5,gnomad,0.999999999996356,GPN-star
TGT,22,P,5,roulette,0.976480368585326,GPN-star
TGT,22,P,5,carlson,1.02016949279906,GPN-star
TGT,22,P,5,gnomad,0.999999999996603,GPN-star
TGT,22,V,5,roulette,0.961902550867767,GPN-star
TGT,22,V,5,carlson,0.96759373453362,GPN-star
TGT,22,V,5,gnomad,0.999999999992774,GPN-star
TGT,22,M,6,roulette,0.976146570844579,GPN-star
TGT,22,M,6,carlson,1.02257561420657,GPN-star
TGT,22,M,6,gnomad,0.999999999996358,GPN-star
TGT,22,P,6,roulette,0.982363268720995,GPN-star
TGT,22,P,6,carlson,1.02143278145548,GPN-star
TGT,22,P,6,gnomad,0.99999999999662,GPN-star
TGT,22,V,6,roulette,0.963253078567667,GPN-star
TGT,22,V,6,carlson,0.971544716573999,GPN-star
TGT,22,V,6,gnomad,0.999999999992776,GPN-star
TGT,22,M,7,roulette,0.978306920023306,GPN-star
TGT,22,M,7,carlson,1.0205931858277,GPN-star
TGT,22,M,7,gnomad,0.999999999996341,GPN-star
TGT,22,P,7,roulette,0.98195043463589,GPN-star
TGT,22,P,7,carlson,1.01521349409812,GPN-star
TGT,22,P,7,gnomad,0.999999999996605,GPN-star
TGT,22,V,7,roulette,0.962489029148337,GPN-star
TGT,22,V,7,carlson,0.975700959105855,GPN-star
TGT,22,V,7,gnomad,0.999999999992846,GPN-star
TGT,22,M,8,roulette,0.970582866672424,GPN-star
TGT,22,M,8,carlson,1.01761463159804,GPN-star
TGT,22,M,8,gnomad,0.999999999996328,GPN-star
TGT,22,P,8,roulette,0.984687593381065,GPN-star
TGT,22,P,8,carlson,1.01724840290778,GPN-star
TGT,22,P,8,gnomad,0.999999999996592,GPN-star
TGT,22,V,8,roulette,0.955884898115266,GPN-star
TGT,22,V,8,carlson,0.985056870971636,GPN-star
TGT,22,V,8,gnomad,0.999999999993101,GPN-star
TGT,22,M,9,roulette,0.965777857339094,GPN-star
TGT,22,M,9,carlson,1.00776622292687,GPN-star
TGT,22,M,9,gnomad,0.999999999996325,GPN-star
TGT,22,P,9,roulette,0.980412238960188,GPN-star
TGT,22,P,9,carlson,1.01307833145042,GPN-star
TGT,22,P,9,gnomad,0.999999999996572,GPN-star
TGT,22,V,9,roulette,0.952372825200648,GPN-star
TGT,22,V,9,carlson,0.98799328779732,GPN-star
TGT,22,V,9,gnomad,0.999999999993201,GPN-star
TGT,22,M,10,roulette,0.964024059155127,GPN-star
TGT,22,M,10,carlson,1.00409154961442,GPN-star
TGT,22,M,10,gnomad,0.999999999996312,GPN-star
TGT,22,P,10,roulette,0.987042374395756,GPN-star
TGT,22,P,10,carlson,1.01439977028615,GPN-star
TGT,22,P,10,gnomad,0.999999999996549,GPN-star
TGT,22,V,10,roulette,0.948815832087501,GPN-star
TGT,22,V,10,carlson,0.98942043026435,GPN-star
TGT,22,V,10,gnomad,0.999999999993138,GPN-star
TGT,22,M,11,roulette,0.965162997934659,GPN-star
TGT,22,M,11,carlson,1.00050098756586,GPN-star
TGT,22,M,11,gnomad,0.999999999996304,GPN-star
TGT,22,P,11,roulette,0.985274016214801,GPN-star
TGT,22,P,11,carlson,1.01241758205049,GPN-star
TGT,22,P,11,gnomad,0.999999999996531,GPN-star
TGT,22,V,11,roulette,0.947861881921658,GPN-star
TGT,22,V,11,carlson,0.988887448458877,GPN-star
TGT,22,V,11,gnomad,0.999999999993012,GPN-star
TGT,22,M,12,roulette,0.96239199445243,GPN-star
TGT,22,M,12,carlson,1.00041870553885,GPN-star
TGT,22,M,12,gnomad,0.999999999996304,GPN-star
TGT,22,P,12,roulette,0.985142001555223,GPN-star
TGT,22,P,12,carlson,1.01245763446794,GPN-star
TGT,22,P,12,gnomad,0.999999999996566,GPN-star
TGT,22,V,12,roulette,0.953346301095029,GPN-star
TGT,22,V,12,carlson,0.99164033532731,GPN-star
TGT,22,V,12,gnomad,0.99999999999288,GPN-star
TTA,22,M,1,roulette,0.875256387514794,GPN-star
TTA,22,M,1,carlson,1.00400121714531,GPN-star
TTA,22,M,1,gnomad,1.00000000000519,GPN-star
TTA,22,P,1,roulette,0.870373985466164,GPN-star
TTA,22,P,1,carlson,0.992382945839313,GPN-star
TTA,22,P,1,gnomad,1.00000000000571,GPN-star
TTA,22,V,1,roulette,0.88974261007058,GPN-star
TTA,22,V,1,carlson,0.998347330534772,GPN-star
TTA,22,V,1,gnomad,1.00000000000587,GPN-star
TTA,22,M,2,roulette,0.867599039687547,GPN-star
TTA,22,M,2,carlson,0.984417323742852,GPN-star
TTA,22,M,2,gnomad,1.00000000000527,GPN-star
TTA,22,P,2,roulette,0.898363311737485,GPN-star
TTA,22,P,2,carlson,1.00864355149425,GPN-star
TTA,22,P,2,gnomad,1.00000000000582,GPN-star
TTA,22,V,2,roulette,0.907147743548021,GPN-star
TTA,22,V,2,carlson,1.00040653186286,GPN-star
TTA,22,V,2,gnomad,1.00000000000596,GPN-star
TTA,22,M,3,roulette,0.890627668733885,GPN-star
TTA,22,M,3,carlson,0.996453449752357,GPN-star
TTA,22,M,3,gnomad,1.0000000000053,GPN-star
TTA,22,P,3,roulette,0.919112746222086,GPN-star
TTA,22,P,3,carlson,1.01844292810275,GPN-star
TTA,22,P,3,gnomad,1.00000000000581,GPN-star
TTA,22,V,3,roulette,0.935751766053898,GPN-star
TTA,22,V,3,carlson,1.02914257741238,GPN-star
TTA,22,V,3,gnomad,1.00000000000596,GPN-star
TTA,22,M,4,roulette,0.895883169450314,GPN-star
TTA,22,M,4,carlson,1.0116916369023,GPN-star
TTA,22,M,4,gnomad,1.00000000000531,GPN-star
TTA,22,P,4,roulette,0.915938364891536,GPN-star
TTA,22,P,4,carlson,1.00986449592601,GPN-star
TTA,22,P,4,gnomad,1.00000000000582,GPN-star
TTA,22,V,4,roulette,0.95030427674293,GPN-star
TTA,22,V,4,carlson,1.02123382964243,GPN-star
TTA,22,V,4,gnomad,1.00000000000594,GPN-star
TTA,22,M,5,roulette,0.904907587095545,GPN-star
TTA,22,M,5,carlson,1.01910920535514,GPN-star
TTA,22,M,5,gnomad,1.0000000000053,GPN-star
TTA,22,P,5,roulette,0.925307606990201,GPN-star
TTA,22,P,5,carlson,1.0063763172733,GPN-star
TTA,22,P,5,gnomad,1.0000000000058,GPN-star
TTA,22,V,5,roulette,0.960100796186981,GPN-star
TTA,22,V,5,carlson,1.00631331048443,GPN-star
TTA,22,V,5,gnomad,1.00000000000593,GPN-star
TTA,22,M,6,roulette,0.914331934338416,GPN-star
TTA,22,M,6,carlson,1.02643375187996,GPN-star
TTA,22,M,6,gnomad,1.00000000000531,GPN-star
TTA,22,P,6,roulette,0.937402769359421,GPN-star
TTA,22,P,6,carlson,1.00845580282461,GPN-star
TTA,22,P,6,gnomad,1.00000000000579,GPN-star
TTA,22,V,6,roulette,0.967417700692612,GPN-star
TTA,22,V,6,carlson,1.01327097865428,GPN-star
TTA,22,V,6,gnomad,1.00000000000592,GPN-star
TTA,22,M,7,roulette,0.927767439194196,GPN-star
TTA,22,M,7,carlson,1.02307787475841,GPN-star
TTA,22,M,7,gnomad,1.00000000000531,GPN-star
TTA,22,P,7,roulette,0.938998394086291,GPN-star
TTA,22,P,7,carlson,1.00724927994416,GPN-star
TTA,22,P,7,gnomad,1.00000000000578,GPN-star
TTA,22,V,7,roulette,0.957276712535965,GPN-star
TTA,22,V,7,carlson,1.01065860740366,GPN-star
TTA,22,V,7,gnomad,1.00000000000591,GPN-star
TTA,22,M,8,roulette,0.932409144508779,GPN-star
TTA,22,M,8,carlson,1.02696516761705,GPN-star
TTA,22,M,8,gnomad,1.00000000000531,GPN-star
TTA,22,P,8,roulette,0.936950199047523,GPN-star
TTA,22,P,8,carlson,1.00602393698562,GPN-star
TTA,22,P,8,gnomad,1.00000000000577,GPN-star
TTA,22,V,8,roulette,0.963356047498919,GPN-star
TTA,22,V,8,carlson,1.00719467268939,GPN-star
TTA,22,V,8,gnomad,1.00000000000588,GPN-star
TTA,22,M,9,roulette,0.941043077393818,GPN-star
TTA,22,M,9,carlson,1.02615232792307,GPN-star
TTA,22,M,9,gnomad,1.0000000000053,GPN-star
TTA,22,P,9,roulette,0.946086892733492,GPN-star
TTA,22,P,9,carlson,1.01133650866884,GPN-star
TTA,22,P,9,gnomad,1.00000000000576,GPN-star
TTA,22,V,9,roulette,0.942664242038968,GPN-star
TTA,22,V,9,carlson,1.00477518138219,GPN-star
TTA,22,V,9,gnomad,1.00000000000587,GPN-star
TTA,22,M,10,roulette,0.939577256367226,GPN-star
TTA,22,M,10,carlson,1.0214770252112,GPN-star
TTA,22,M,10,gnomad,1.00000000000528,GPN-star
TTA,22,P,10,roulette,0.950538369295326,GPN-star
TTA,22,P,10,carlson,0.997500362612819,GPN-star
TTA,22,P,10,gnomad,1.00000000000574,GPN-star
TTA,22,V,10,roulette,0.929578323094903,GPN-star
TTA,22,V,10,carlson,0.991842606486563,GPN-star
TTA,22,V,10,gnomad,1.00000000000587,GPN-star
TTA,22,M,11,roulette,0.946157214537046,GPN-star
TTA,22,M,11,carlson,1.01939493810834,GPN-star
TTA,22,M,11,gnomad,1.00000000000526,GPN-star
TTA,22,P,11,roulette,0.95036006518487,GPN-star
TTA,22,P,11,carlson,1.00213845377489,GPN-star
TTA,22,P,11,gnomad,1.00000000000573,GPN-star
TTA,22,V,11,roulette,0.92300686258947,GPN-star
TTA,22,V,11,carlson,0.982115423495254,GPN-star
TTA,22,V,11,gnomad,1.00000000000587,GPN-star
TTA,22,M,12,roulette,0.944615435994089,GPN-star
TTA,22,M,12,carlson,1.01983801206231,GPN-star
TTA,22,M,12,gnomad,1.00000000000525,GPN-star
TTA,22,P,12,roulette,0.946713270283367,GPN-star
TTA,22,P,12,carlson,0.998369381239394,GPN-star
TTA,22,P,12,gnomad,1.00000000000573,GPN-star
TTA,22,V,12,roulette,0.913662722007866,GPN-star
TTA,22,V,12,carlson,0.970384385839987,GPN-star
TTA,22,V,12,gnomad,1.00000000000587,GPN-star
TTC,22,M,1,roulette,0.951950885959983,GPN-star
TTC,22,M,1,carlson,0.929264730735895,GPN-star
TTC,22,M,1,gnomad,0.999999999992853,GPN-star
TTC,22,P,1,roulette,0.95504959080218,GPN-star
TTC,22,P,1,carlson,0.941980377259596,GPN-star
TTC,22,P,1,gnomad,0.999999999992528,GPN-star
TTC,22,V,1,roulette,0.981580326476868,GPN-star
TTC,22,V,1,carlson,0.950133437704156,GPN-star
TTC,22,V,1,gnomad,0.999999999992727,GPN-star
TTC,22,M,2,roulette,0.982084627461941,GPN-star
TTC,22,M,2,carlson,1.01796060018307,GPN-star
TTC,22,M,2,gnomad,0.999999999992773,GPN-star
TTC,22,P,2,roulette,0.994899783702059,GPN-star
TTC,22,P,2,carlson,1.02915103973932,GPN-star
TTC,22,P,2,gnomad,0.999999999992568,GPN-star
TTC,22,V,2,roulette,1.01676862698227,GPN-star
TTC,22,V,2,carlson,1.0391485844434,GPN-star
TTC,22,V,2,gnomad,0.999999999992707,GPN-star
TTC,22,M,3,roulette,0.987883760755407,GPN-star
TTC,22,M,3,carlson,1.02925791733945,GPN-star
TTC,22,M,3,gnomad,0.999999999992813,GPN-star
TTC,22,P,3,roulette,0.999942175211698,GPN-star
TTC,22,P,3,carlson,1.02782597786806,GPN-star
TTC,22,P,3,gnomad,0.999999999992614,GPN-star
TTC,22,V,3,roulette,1.01928109493549,GPN-star
TTC,22,V,3,carlson,1.04804457036851,GPN-star
TTC,22,V,3,gnomad,0.999999999992807,GPN-star
TTC,22,M,4,roulette,0.999281997467264,GPN-star
TTC,22,M,4,carlson,1.04143358671,GPN-star
TTC,22,M,4,gnomad,0.999999999992887,GPN-star
TTC,22,P,4,roulette,1.00367104317502,GPN-star
TTC,22,P,4,carlson,1.03283169091935,GPN-star
TTC,22,P,4,gnomad,0.999999999992627,GPN-star
TTC,22,V,4,roulette,1.01547510527188,GPN-star
TTC,22,V,4,carlson,1.0371390815482,GPN-star
TTC,22,V,4,gnomad,0.999999999992833,GPN-star
TTC,22,M,5,roulette,1.00043750047957,GPN-star
TTC,22,M,5,carlson,1.04191525172542,GPN-star
TTC,22,M,5,gnomad,0.999999999992913,GPN-star
TTC,22,P,5,roulette,0.99723376376386,GPN-star
TTC,22,P,5,carlson,1.02503870235564,GPN-star
TTC,22,P,5,gnomad,0.999999999992654,GPN-star
TTC,22,V,5,roulette,1.01472817052233,GPN-star
TTC,22,V,5,carlson,1.03228838270247,GPN-star
TTC,22,V,5,gnomad,0.99999999999284,GPN-star
TTC,22,M,6,roulette,1.0017544130669,GPN-star
TTC,22,M,6,carlson,1.03775391800287,GPN-star
TTC,22,M,6,gnomad,0.99999999999292,GPN-star
TTC,22,P,6,roulette,0.993716270044813,GPN-star
TTC,22,P,6,carlson,1.02307234443425,GPN-star
TTC,22,P,6,gnomad,0.999999999992674,GPN-star
TTC,22,V,6,roulette,1.01417314751347,GPN-star
TTC,22,V,6,carlson,1.03628153870582,GPN-star
TTC,22,V,6,gnomad,0.99999999999284,GPN-star
TTC,22,M,7,roulette,1.00457014713232,GPN-star
TTC,22,M,7,carlson,1.03987435642386,GPN-star
TTC,22,M,7,gnomad,0.999999999992906,GPN-star
TTC,22,P,7,roulette,0.997232033218849,GPN-star
TTC,22,P,7,carlson,1.02229974260996,GPN-star
TTC,22,P,7,gnomad,0.999999999992681,GPN-star
TTC,22,V,7,roulette,1.01200274915939,GPN-star
TTC,22,V,7,carlson,1.02948846635458,GPN-star
TTC,22,V,7,gnomad,0.999999999992867,GPN-star
TTC,22,M,8,roulette,1.00330804295255,GPN-star
TTC,22,M,8,carlson,1.04238314978049,GPN-star
TTC,22,M,8,gnomad,0.999999999992906,GPN-star
TTC,22,P,8,roulette,0.98933606425578,GPN-star
TTC,22,P,8,carlson,1.01620414551349,GPN-star
TTC,22,P,8,gnomad,0.999999999992687,GPN-star
TTC,22,V,8,roulette,0.999116827401792,GPN-star
TTC,22,V,8,carlson,1.02006916771988,GPN-star
TTC,22,V,8,gnomad,0.999999999992906,GPN-star
TTC,22,M,9,roulette,1.00492455463132,GPN-star
TTC,22,M,9,carlson,1.03618088469881,GPN-star
TTC,22,M,9,gnomad,0.99999999999292,GPN-star
TTC,22,P,9,roulette,0.985250974287949,GPN-star
TTC,22,P,9,carlson,1.0074693153412,GPN-star
TTC,22,P,9,gnomad,0.99999999999272,GPN-star
TTC,22,V,9,roulette,0.991442678692053,GPN-star
TTC,22,V,9,carlson,1.01422763297022,GPN-star
TTC,22,V,9,gnomad,0.999999999992953,GPN-star
TTC,22,M,10,roulette,1.00083058575003,GPN-star
TTC,22,M,10,carlson,1.02768673767885,GPN-star
TTC,22,M,10,gnomad,0.999999999992933,GPN-star
TTC,22,P,10,roulette,0.980793780253981,GPN-star
TTC,22,P,10,carlson,1.00111853536232,GPN-star
TTC,22,P,10,gnomad,0.99999999999276,GPN-star
TTC,22,V,10,roulette,0.974494404723908,GPN-star
TTC,22,V,10,carlson,0.994180378445099,GPN-star
TTC,22,V,10,gnomad,0.99999999999288,GPN-star
TTC,22,M,11,roulette,0.994344015200458,GPN-star
TTC,22,M,11,carlson,1.01873039569407,GPN-star
TTC,22,M,11,gnomad,0.99999999999296,GPN-star
TTC,22,P,11,roulette,0.979601131034434,GPN-star
TTC,22,P,11,carlson,0.999907941070349,GPN-star
TTC,22,P,11,gnomad,0.99999999999278,GPN-star
TTC,22,V,11,roulette,0.974120610663329,GPN-star
TTC,22,V,11,carlson,1.00093978168381,GPN-star
TTC,22,V,11,gnomad,0.999999999992813,GPN-star
TTC,22,M,12,roulette,0.997255468264916,GPN-star
TTC,22,M,12,carlson,1.0245556287161,GPN-star
TTC,22,M,12,gnomad,0.999999999992993,GPN-star
TTC,22,P,12,roulette,0.976036572944583,GPN-star
TTC,22,P,12,carlson,0.995379429083301,GPN-star
TTC,22,P,12,gnomad,0.999999999992787,GPN-star
TTC,22,V,12,roulette,0.98109761859728,GPN-star
TTC,22,V,12,carlson,1.01067967126539,GPN-star
TTC,22,V,12,gnomad,0.999999999992787,GPN-star
TTG,22,M,1,roulette,0.948079763413792,GPN-star
TTG,22,M,1,carlson,0.932561417920068,GPN-star
TTG,22,M,1,gnomad,1.00000000001037,GPN-star
TTG,22,P,1,roulette,0.943125717868826,GPN-star
TTG,22,P,1,carlson,0.928327729635674,GPN-star
TTG,22,P,1,gnomad,1.00000000001062,GPN-star
TTG,22,V,1,roulette,0.955230497176299,GPN-star
TTG,22,V,1,carlson,0.932123414933074,GPN-star
TTG,22,V,1,gnomad,1.00000000001222,GPN-star
TTG,22,M,2,roulette,0.923596438882282,GPN-star
TTG,22,M,2,carlson,0.991371760659145,GPN-star
TTG,22,M,2,gnomad,1.00000000001039,GPN-star
TTG,22,P,2,roulette,0.941959656211196,GPN-star
TTG,22,P,2,carlson,0.998255479510338,GPN-star
TTG,22,P,2,gnomad,1.00000000001065,GPN-star
TTG,22,V,2,roulette,0.946825952466589,GPN-star
TTG,22,V,2,carlson,0.99478435085938,GPN-star
TTG,22,V,2,gnomad,1.00000000001224,GPN-star
TTG,22,M,3,roulette,0.944438167369316,GPN-star
TTG,22,M,3,carlson,1.00631456492027,GPN-star
TTG,22,M,3,gnomad,1.0000000000104,GPN-star
TTG,22,P,3,roulette,0.959808237247536,GPN-star
TTG,22,P,3,carlson,1.00500021931414,GPN-star
TTG,22,P,3,gnomad,1.00000000001065,GPN-star
TTG,22,V,3,roulette,0.971534520124047,GPN-star
TTG,22,V,3,carlson,1.00941074825733,GPN-star
TTG,22,V,3,gnomad,1.00000000001223,GPN-star
TTG,22,M,4,roulette,0.962881067022532,GPN-star
TTG,22,M,4,carlson,1.0183557390383,GPN-star
TTG,22,M,4,gnomad,1.00000000001039,GPN-star
TTG,22,P,4,roulette,0.97273890184097,GPN-star
TTG,22,P,4,carlson,1.0112540790861,GPN-star
TTG,22,P,4,gnomad,1.00000000001065,GPN-star
TTG,22,V,4,roulette,0.98078125750083,GPN-star
TTG,22,V,4,carlson,1.0062818852474,GPN-star
TTG,22,V,4,gnomad,1.00000000001222,GPN-star
TTG,22,M,5,roulette,0.973311420109842,GPN-star
TTG,22,M,5,carlson,1.02361582845293,GPN-star
TTG,22,M,5,gnomad,1.00000000001039,GPN-star
TTG,22,P,5,roulette,0.982274605842763,GPN-star
TTG,22,P,5,carlson,1.01518048685524,GPN-star
TTG,22,P,5,gnomad,1.00000000001064,GPN-star
TTG,22,V,5,roulette,0.981692019726309,GPN-star
TTG,22,V,5,carlson,1.00123262765328,GPN-star
TTG,22,V,5,gnomad,1.00000000001222,GPN-star
TTG,22,M,6,roulette,0.972568489873134,GPN-star
TTG,22,M,6,carlson,1.02260105891415,GPN-star
TTG,22,M,6,gnomad,1.00000000001038,GPN-star
TTG,22,P,6,roulette,0.979741321954724,GPN-star
TTG,22,P,6,carlson,1.00724878934738,GPN-star
TTG,22,P,6,gnomad,1.00000000001064,GPN-star
TTG,22,V,6,roulette,0.978587143785954,GPN-star
TTG,22,V,6,carlson,0.998097552663429,GPN-star
TTG,22,V,6,gnomad,1.00000000001221,GPN-star
TTG,22,M,7,roulette,0.973550418166023,GPN-star
TTG,22,M,7,carlson,1.0201647107002,GPN-star
TTG,22,M,7,gnomad,1.00000000001038,GPN-star
TTG,22,P,7,roulette,0.979605619748288,GPN-star
TTG,22,P,7,carlson,1.00741730772262,GPN-star
TTG,22,P,7,gnomad,1.00000000001063,GPN-star
TTG,22,V,7,roulette,0.977596810677922,GPN-star
TTG,22,V,7,carlson,0.994895284935266,GPN-star
TTG,22,V,7,gnomad,1.00000000001221,GPN-star
TTG,22,M,8,roulette,0.973578168475488,GPN-star
TTG,22,M,8,carlson,1.02396959648871,GPN-star
TTG,22,M,8,gnomad,1.00000000001038,GPN-star
TTG,22,P,8,roulette,0.980951433890747,GPN-star
TTG,22,P,8,carlson,1.00563446902821,GPN-star
TTG,22,P,8,gnomad,1.00000000001063,GPN-star
TTG,22,V,8,roulette,0.975826671363212,GPN-star
TTG,22,V,8,carlson,0.991760719190673,GPN-star
TTG,22,V,8,gnomad,1.0000000000122,GPN-star
TTG,22,M,9,roulette,0.971567492320244,GPN-star
TTG,22,M,9,carlson,1.01777749677332,GPN-star
TTG,22,M,9,gnomad,1.00000000001038,GPN-star
TTG,22,P,9,roulette,0.984868928490693,GPN-star
TTG,22,P,9,carlson,1.00404839128414,GPN-star
TTG,22,P,9,gnomad,1.00000000001062,GPN-star
TTG,22,V,9,roulette,0.973316652529906,GPN-star
TTG,22,V,9,carlson,0.993825037494254,GPN-star
TTG,22,V,9,gnomad,1.00000000001216,GPN-star
TTG,22,M,10,roulette,0.975046247090673,GPN-star
TTG,22,M,10,carlson,1.01604675685739,GPN-star
TTG,22,M,10,gnomad,1.00000000001037,GPN-star
TTG,22,P,10,roulette,0.985453887958985,GPN-star
TTG,22,P,10,carlson,1.00294553934808,GPN-star
TTG,22,P,10,gnomad,1.00000000001062,GPN-star
TTG,22,V,10,roulette,0.968746947742926,GPN-star
TTG,22,V,10,carlson,0.993444142788382,GPN-star
TTG,22,V,10,gnomad,1.00000000001212,GPN-star
TTG,22,M,11,roulette,0.974737509321784,GPN-star
TTG,22,M,11,carlson,1.01107378544394,GPN-star
TTG,22,M,11,gnomad,1.00000000001037,GPN-star
TTG,22,P,11,roulette,0.984241042927194,GPN-star
TTG,22,P,11,carlson,1.00743640032267,GPN-star
TTG,22,P,11,gnomad,1.00000000001061,GPN-star
TTG,22,V,11,roulette,0.965370805912819,GPN-star
TTG,22,V,11,carlson,0.993285331933831,GPN-star
TTG,22,V,11,gnomad,1.00000000001211,GPN-star
TTG,22,M,12,roulette,0.975273766049243,GPN-star
TTG,22,M,12,carlson,1.01235127324233,GPN-star
TTG,22,M,12,gnomad,1.00000000001037,GPN-star
TTG,22,P,12,roulette,0.986992671784177,GPN-star
TTG,22,P,12,carlson,1.00937421154608,GPN-star
TTG,22,P,12,gnomad,1.00000000001061,GPN-star
TTG,22,V,12,roulette,0.958943424030011,GPN-star
TTG,22,V,12,carlson,0.990563551864197,GPN-star
TTG,22,V,12,gnomad,1.00000000001212,GPN-star
TTT,22,M,1,roulette,0.832045999666661,GPN-star
TTT,22,M,1,carlson,1.00353024957868,GPN-star
TTT,22,M,1,gnomad,1.00000000000748,GPN-star
TTT,22,P,1,roulette,0.822887978813085,GPN-star
TTT,22,P,1,carlson,0.976473086861574,GPN-star
TTT,22,P,1,gnomad,1.00000000000759,GPN-star
TTT,22,V,1,roulette,0.906168057099593,GPN-star
TTT,22,V,1,carlson,0.989527650585827,GPN-star
TTT,22,V,1,gnomad,1.00000000000752,GPN-star
TTT,22,M,2,roulette,0.811502437918869,GPN-star
TTT,22,M,2,carlson,0.979120638323826,GPN-star
TTT,22,M,2,gnomad,1.00000000000763,GPN-star
TTT,22,P,2,roulette,0.85959562920308,GPN-star
TTT,22,P,2,carlson,1.02061325574179,GPN-star
TTT,22,P,2,gnomad,1.0000000000076,GPN-star
TTT,22,V,2,roulette,0.931619544478166,GPN-star
TTT,22,V,2,carlson,0.988180321898086,GPN-star
TTT,22,V,2,gnomad,1.00000000000759,GPN-star
TTT,22,M,3,roulette,0.832528841090161,GPN-star
TTT,22,M,3,carlson,0.987602176537618,GPN-star
TTT,22,M,3,gnomad,1.00000000000762,GPN-star
TTT,22,P,3,roulette,0.866371664525571,GPN-star
TTT,22,P,3,carlson,1.00984680613016,GPN-star
TTT,22,P,3,gnomad,1.00000000000761,GPN-star
TTT,22,V,3,roulette,1.03313343485441,GPN-star
TTT,22,V,3,carlson,1.01066295718726,GPN-star
TTT,22,V,3,gnomad,1.00000000000756,GPN-star
TTT,22,M,4,roulette,0.857102698879096,GPN-star
TTT,22,M,4,carlson,1.00913035186969,GPN-star
TTT,22,M,4,gnomad,1.00000000000758,GPN-star
TTT,22,P,4,roulette,0.874137913166405,GPN-star
TTT,22,P,4,carlson,1.01108868697769,GPN-star
TTT,22,P,4,gnomad,1.0000000000076,GPN-star
TTT,22,V,4,roulette,1.16703189587732,GPN-star
TTT,22,V,4,carlson,1.00752715663352,GPN-star
TTT,22,V,4,gnomad,1.00000000000759,GPN-star
TTT,22,M,5,roulette,0.866723188626149,GPN-star
TTT,22,M,5,carlson,1.01369532770159,GPN-star
TTT,22,M,5,gnomad,1.00000000000756,GPN-star
TTT,22,P,5,roulette,0.887917734604924,GPN-star
TTT,22,P,5,carlson,1.01658256188044,GPN-star
TTT,22,P,5,gnomad,1.00000000000757,GPN-star
TTT,22,V,5,roulette,1.13350113708515,GPN-star
TTT,22,V,5,carlson,1.0082233507335,GPN-star
TTT,22,V,5,gnomad,1.00000000000758,GPN-star
TTT,22,M,6,roulette,0.875625334828578,GPN-star
TTT,22,M,6,carlson,1.02294153568196,GPN-star
TTT,22,M,6,gnomad,1.00000000000756,GPN-star
TTT,22,P,6,roulette,0.896970289837701,GPN-star
TTT,22,P,6,carlson,1.01109648574759,GPN-star
TTT,22,P,6,gnomad,1.00000000000756,GPN-star
TTT,22,V,6,roulette,1.09201121969508,GPN-star
TTT,22,V,6,carlson,1.00222565276938,GPN-star
TTT,22,V,6,gnomad,1.00000000000757,GPN-star
TTT,22,M,7,roulette,0.883916958738134,GPN-star
TTT,22,M,7,carlson,1.02435995384516,GPN-star
TTT,22,M,7,gnomad,1.00000000000756,GPN-star
TTT,22,P,7,roulette,0.912820411670782,GPN-star
TTT,22,P,7,carlson,1.00348038764132,GPN-star
TTT,22,P,7,gnomad,1.00000000000756,GPN-star
TTT,22,V,7,roulette,1.06940830271487,GPN-star
TTT,22,V,7,carlson,0.999427552486556,GPN-star
TTT,22,V,7,gnomad,1.00000000000755,GPN-star
TTT,22,M,8,roulette,0.890185561355062,GPN-star
TTT,22,M,8,carlson,1.0173102224672,GPN-star
TTT,22,M,8,gnomad,1.00000000000756,GPN-star
TTT,22,P,8,roulette,0.917866853227573,GPN-star
TTT,22,P,8,carlson,1.00269677279886,GPN-star
TTT,22,P,8,gnomad,1.00000000000756,GPN-star
TTT,22,V,8,roulette,1.04655522007751,GPN-star
TTT,22,V,8,carlson,0.994724250447869,GPN-star
TTT,22,V,8,gnomad,1.00000000000751,GPN-star
TTT,22,M,9,roulette,0.903686083010358,GPN-star
TTT,22,M,9,carlson,1.02298475380512,GPN-star
TTT,22,M,9,gnomad,1.00000000000755,GPN-star
TTT,22,P,9,roulette,0.927888620611581,GPN-star
TTT,22,P,9,carlson,1.00356499750504,GPN-star
TTT,22,P,9,gnomad,1.00000000000755,GPN-star
TTT,22,V,9,roulette,1.02967366916032,GPN-star
TTT,22,V,9,carlson,0.996728672412702,GPN-star
TTT,22,V,9,gnomad,1.00000000000744,GPN-star
TTT,22,M,10,roulette,0.924412016572568,GPN-star
TTT,22,M,10,carlson,1.02382736246842,GPN-star
TTT,22,M,10,gnomad,1.00000000000754,GPN-star
TTT,22,P,10,roulette,0.932056250159819,GPN-star
TTT,22,P,10,carlson,0.999735533137018,GPN-star
TTT,22,P,10,gnomad,1.00000000000753,GPN-star
TTT,22,V,10,roulette,0.996248518341212,GPN-star
TTT,22,V,10,carlson,0.996368022759776,GPN-star
TTT,22,V,10,gnomad,1.00000000000742,GPN-star
TTT,22,M,11,roulette,0.944070716810497,GPN-star
TTT,22,M,11,carlson,1.02387388526856,GPN-star
TTT,22,M,11,gnomad,1.00000000000753,GPN-star
TTT,22,P,11,roulette,0.936061046540454,GPN-star
TTT,22,P,11,carlson,0.996674227013536,GPN-star
TTT,22,P,11,gnomad,1.00000000000751,GPN-star
TTT,22,V,11,roulette,0.966371231262922,GPN-star
TTT,22,V,11,carlson,0.985452472524735,GPN-star
TTT,22,V,11,gnomad,1.00000000000743,GPN-star
TTT,22,M,12,roulette,0.958923345080827,GPN-star
TTT,22,M,12,carlson,1.02759061944541,GPN-star
TTT,22,M,12,gnomad,1.00000000000751,GPN-star
TTT,22,P,12,roulette,0.94767964747897,GPN-star
TTT,22,P,12,carlson,0.997984307613713,GPN-star
TTT,22,P,12,gnomad,1.00000000000753,GPN-star
TTT,22,V,12,roulette,0.947206266614163,GPN-star
TTT,22,V,12,carlson,0.979292093092617,GPN-star
TTT,22,V,12,gnomad,1.00000000000745,GPN-star
